[     426ms] [INFO] %cDownload the React DevTools for a better development experience: https://react.dev/link/react-devtools font-weight:bold @ http://localhost:3000/_next/static/chunks/0stj_next_dist_19zsb-q._.js:776
[     570ms] [LOG] [HMR] connected @ http://localhost:3000/_next/static/chunks/0stj_next_dist_19zsb-q._.js:776
[     728ms] [LOG] [Fast Refresh] rebuilding @ http://localhost:3000/_next/static/chunks/0stj_next_dist_19zsb-q._.js:776
[     746ms] [LOG] [Fast Refresh] done in 137ms @ http://localhost:3000/_next/static/chunks/0stj_next_dist_19zsb-q._.js:776
[   23697ms] [LOG] [Fast Refresh] rebuilding @ http://localhost:3000/_next/static/chunks/0stj_next_dist_19zsb-q._.js:776
[   23714ms] [LOG] [Fast Refresh] done in 124ms @ http://localhost:3000/_next/static/chunks/0stj_next_dist_19zsb-q._.js:776
[  913471ms] [LOG] [Fast Refresh] rebuilding @ http://localhost:3000/_next/static/chunks/0stj_next_dist_19zsb-q._.js:776
[  913798ms] [LOG] [Fast Refresh] done in 318ms @ http://localhost:3000/_next/static/chunks/0stj_next_dist_19zsb-q._.js:776
[  914385ms] [LOG] [Fast Refresh] rebuilding @ http://localhost:3000/_next/static/chunks/0stj_next_dist_19zsb-q._.js:776
[  914471ms] [LOG] [Fast Refresh] done in 101ms @ http://localhost:3000/_next/static/chunks/0stj_next_dist_19zsb-q._.js:776
[  914640ms] [LOG] [Fast Refresh] done in 101ms @ http://localhost:3000/_next/static/chunks/0stj_next_dist_19zsb-q._.js:776
[  914739ms] [LOG] [Fast Refresh] done in 101ms @ http://localhost:3000/_next/static/chunks/0stj_next_dist_19zsb-q._.js:776
[  914810ms] [LOG] [Fast Refresh] done in 101ms @ http://localhost:3000/_next/static/chunks/0stj_next_dist_19zsb-q._.js:776
[  914888ms] [LOG] [Fast Refresh] done in 101ms @ http://localhost:3000/_next/static/chunks/0stj_next_dist_19zsb-q._.js:776
[  914966ms] [LOG] [Fast Refresh] done in 101ms @ http://localhost:3000/_next/static/chunks/0stj_next_dist_19zsb-q._.js:776
[  915043ms] [LOG] [Fast Refresh] done in 101ms @ http://localhost:3000/_next/static/chunks/0stj_next_dist_19zsb-q._.js:776
[  915257ms] [LOG] [Fast Refresh] rebuilding @ http://localhost:3000/_next/static/chunks/0stj_next_dist_19zsb-q._.js:776
[  915644ms] [LOG] [Fast Refresh] done in 457ms @ http://localhost:3000/_next/static/chunks/0stj_next_dist_19zsb-q._.js:776
[  915722ms] [LOG] [Fast Refresh] done in 457ms @ http://localhost:3000/_next/static/chunks/0stj_next_dist_19zsb-q._.js:776
[  915798ms] [LOG] [Fast Refresh] done in 457ms @ http://localhost:3000/_next/static/chunks/0stj_next_dist_19zsb-q._.js:776
[  915877ms] [LOG] [Fast Refresh] done in 457ms @ http://localhost:3000/_next/static/chunks/0stj_next_dist_19zsb-q._.js:776
[  915953ms] [LOG] [Fast Refresh] done in 457ms @ http://localhost:3000/_next/static/chunks/0stj_next_dist_19zsb-q._.js:776
[  916028ms] [LOG] [Fast Refresh] done in 457ms @ http://localhost:3000/_next/static/chunks/0stj_next_dist_19zsb-q._.js:776
[  916104ms] [LOG] [Fast Refresh] done in 457ms @ http://localhost:3000/_next/static/chunks/0stj_next_dist_19zsb-q._.js:776
[  916182ms] [LOG] [Fast Refresh] done in 457ms @ http://localhost:3000/_next/static/chunks/0stj_next_dist_19zsb-q._.js:776
[  916259ms] [LOG] [Fast Refresh] done in 457ms @ http://localhost:3000/_next/static/chunks/0stj_next_dist_19zsb-q._.js:776
[  916322ms] [LOG] [Fast Refresh] done in 457ms @ http://localhost:3000/_next/static/chunks/0stj_next_dist_19zsb-q._.js:776
[  916399ms] [LOG] [Fast Refresh] done in 457ms @ http://localhost:3000/_next/static/chunks/0stj_next_dist_19zsb-q._.js:776
[  916464ms] [LOG] [Fast Refresh] done in 457ms @ http://localhost:3000/_next/static/chunks/0stj_next_dist_19zsb-q._.js:776
[  916527ms] [LOG] [Fast Refresh] done in 457ms @ http://localhost:3000/_next/static/chunks/0stj_next_dist_19zsb-q._.js:776
[  916589ms] [LOG] [Fast Refresh] done in 457ms @ http://localhost:3000/_next/static/chunks/0stj_next_dist_19zsb-q._.js:776
[  916650ms] [LOG] [Fast Refresh] done in 457ms @ http://localhost:3000/_next/static/chunks/0stj_next_dist_19zsb-q._.js:776
[  916713ms] [LOG] [Fast Refresh] done in 457ms @ http://localhost:3000/_next/static/chunks/0stj_next_dist_19zsb-q._.js:776
[  916776ms] [LOG] [Fast Refresh] done in 457ms @ http://localhost:3000/_next/static/chunks/0stj_next_dist_19zsb-q._.js:776
[  916839ms] [LOG] [Fast Refresh] done in 457ms @ http://localhost:3000/_next/static/chunks/0stj_next_dist_19zsb-q._.js:776
[  916932ms] [LOG] [Fast Refresh] done in 457ms @ http://localhost:3000/_next/static/chunks/0stj_next_dist_19zsb-q._.js:776
[  916997ms] [LOG] [Fast Refresh] done in 457ms @ http://localhost:3000/_next/static/chunks/0stj_next_dist_19zsb-q._.js:776
[  917059ms] [LOG] [Fast Refresh] done in 457ms @ http://localhost:3000/_next/static/chunks/0stj_next_dist_19zsb-q._.js:776
[  917135ms] [LOG] [Fast Refresh] done in 457ms @ http://localhost:3000/_next/static/chunks/0stj_next_dist_19zsb-q._.js:776
[  917197ms] [LOG] [Fast Refresh] done in 457ms @ http://localhost:3000/_next/static/chunks/0stj_next_dist_19zsb-q._.js:776
[  917275ms] [LOG] [Fast Refresh] done in 457ms @ http://localhost:3000/_next/static/chunks/0stj_next_dist_19zsb-q._.js:776
[  917353ms] [LOG] [Fast Refresh] done in 457ms @ http://localhost:3000/_next/static/chunks/0stj_next_dist_19zsb-q._.js:776
[  917431ms] [LOG] [Fast Refresh] done in 457ms @ http://localhost:3000/_next/static/chunks/0stj_next_dist_19zsb-q._.js:776
[  917508ms] [LOG] [Fast Refresh] done in 457ms @ http://localhost:3000/_next/static/chunks/0stj_next_dist_19zsb-q._.js:776
[  917570ms] [LOG] [Fast Refresh] done in 457ms @ http://localhost:3000/_next/static/chunks/0stj_next_dist_19zsb-q._.js:776
[  917647ms] [LOG] [Fast Refresh] done in 457ms @ http://localhost:3000/_next/static/chunks/0stj_next_dist_19zsb-q._.js:776
[  917710ms] [LOG] [Fast Refresh] done in 457ms @ http://localhost:3000/_next/static/chunks/0stj_next_dist_19zsb-q._.js:776
[  917772ms] [LOG] [Fast Refresh] done in 457ms @ http://localhost:3000/_next/static/chunks/0stj_next_dist_19zsb-q._.js:776
[  917836ms] [LOG] [Fast Refresh] done in 457ms @ http://localhost:3000/_next/static/chunks/0stj_next_dist_19zsb-q._.js:776
[  917913ms] [LOG] [Fast Refresh] done in 457ms @ http://localhost:3000/_next/static/chunks/0stj_next_dist_19zsb-q._.js:776
[  917977ms] [LOG] [Fast Refresh] done in 457ms @ http://localhost:3000/_next/static/chunks/0stj_next_dist_19zsb-q._.js:776
[  918040ms] [LOG] [Fast Refresh] done in 457ms @ http://localhost:3000/_next/static/chunks/0stj_next_dist_19zsb-q._.js:776
[  918101ms] [LOG] [Fast Refresh] done in 457ms @ http://localhost:3000/_next/static/chunks/0stj_next_dist_19zsb-q._.js:776
[  918180ms] [LOG] [Fast Refresh] done in 457ms @ http://localhost:3000/_next/static/chunks/0stj_next_dist_19zsb-q._.js:776
[  918256ms] [LOG] [Fast Refresh] done in 457ms @ http://localhost:3000/_next/static/chunks/0stj_next_dist_19zsb-q._.js:776
[  918318ms] [LOG] [Fast Refresh] done in 457ms @ http://localhost:3000/_next/static/chunks/0stj_next_dist_19zsb-q._.js:776
[  918380ms] [LOG] [Fast Refresh] done in 457ms @ http://localhost:3000/_next/static/chunks/0stj_next_dist_19zsb-q._.js:776
[  918458ms] [LOG] [Fast Refresh] done in 457ms @ http://localhost:3000/_next/static/chunks/0stj_next_dist_19zsb-q._.js:776
[  918538ms] [LOG] [Fast Refresh] done in 457ms @ http://localhost:3000/_next/static/chunks/0stj_next_dist_19zsb-q._.js:776
[  918614ms] [LOG] [Fast Refresh] done in 457ms @ http://localhost:3000/_next/static/chunks/0stj_next_dist_19zsb-q._.js:776
[  918691ms] [LOG] [Fast Refresh] done in 457ms @ http://localhost:3000/_next/static/chunks/0stj_next_dist_19zsb-q._.js:776
[  918783ms] [LOG] [Fast Refresh] done in 457ms @ http://localhost:3000/_next/static/chunks/0stj_next_dist_19zsb-q._.js:776
[  918848ms] [LOG] [Fast Refresh] done in 457ms @ http://localhost:3000/_next/static/chunks/0stj_next_dist_19zsb-q._.js:776
[  918911ms] [LOG] [Fast Refresh] done in 457ms @ http://localhost:3000/_next/static/chunks/0stj_next_dist_19zsb-q._.js:776
[  918974ms] [LOG] [Fast Refresh] done in 457ms @ http://localhost:3000/_next/static/chunks/0stj_next_dist_19zsb-q._.js:776
[  919052ms] [LOG] [Fast Refresh] done in 457ms @ http://localhost:3000/_next/static/chunks/0stj_next_dist_19zsb-q._.js:776
[  919114ms] [LOG] [Fast Refresh] done in 457ms @ http://localhost:3000/_next/static/chunks/0stj_next_dist_19zsb-q._.js:776
[  919191ms] [LOG] [Fast Refresh] done in 457ms @ http://localhost:3000/_next/static/chunks/0stj_next_dist_19zsb-q._.js:776
[  919251ms] [LOG] [Fast Refresh] done in 457ms @ http://localhost:3000/_next/static/chunks/0stj_next_dist_19zsb-q._.js:776
[  919314ms] [LOG] [Fast Refresh] done in 457ms @ http://localhost:3000/_next/static/chunks/0stj_next_dist_19zsb-q._.js:776
[  919376ms] [LOG] [Fast Refresh] done in 457ms @ http://localhost:3000/_next/static/chunks/0stj_next_dist_19zsb-q._.js:776
[  919453ms] [LOG] [Fast Refresh] done in 457ms @ http://localhost:3000/_next/static/chunks/0stj_next_dist_19zsb-q._.js:776
[  919531ms] [LOG] [Fast Refresh] done in 457ms @ http://localhost:3000/_next/static/chunks/0stj_next_dist_19zsb-q._.js:776
[  919608ms] [LOG] [Fast Refresh] done in 457ms @ http://localhost:3000/_next/static/chunks/0stj_next_dist_19zsb-q._.js:776
[  919691ms] [LOG] [Fast Refresh] done in 457ms @ http://localhost:3000/_next/static/chunks/0stj_next_dist_19zsb-q._.js:776
[  919747ms] [LOG] [Fast Refresh] done in 457ms @ http://localhost:3000/_next/static/chunks/0stj_next_dist_19zsb-q._.js:776
[  919810ms] [LOG] [Fast Refresh] done in 457ms @ http://localhost:3000/_next/static/chunks/0stj_next_dist_19zsb-q._.js:776
[  919873ms] [LOG] [Fast Refresh] done in 457ms @ http://localhost:3000/_next/static/chunks/0stj_next_dist_19zsb-q._.js:776
[  919934ms] [LOG] [Fast Refresh] done in 457ms @ http://localhost:3000/_next/static/chunks/0stj_next_dist_19zsb-q._.js:776
[  919997ms] [LOG] [Fast Refresh] done in 457ms @ http://localhost:3000/_next/static/chunks/0stj_next_dist_19zsb-q._.js:776
[  920058ms] [LOG] [Fast Refresh] done in 457ms @ http://localhost:3000/_next/static/chunks/0stj_next_dist_19zsb-q._.js:776
[  920139ms] [LOG] [Fast Refresh] done in 457ms @ http://localhost:3000/_next/static/chunks/0stj_next_dist_19zsb-q._.js:776
[  920213ms] [LOG] [Fast Refresh] done in 457ms @ http://localhost:3000/_next/static/chunks/0stj_next_dist_19zsb-q._.js:776
[  920291ms] [LOG] [Fast Refresh] done in 457ms @ http://localhost:3000/_next/static/chunks/0stj_next_dist_19zsb-q._.js:776
[  920371ms] [LOG] [Fast Refresh] done in 457ms @ http://localhost:3000/_next/static/chunks/0stj_next_dist_19zsb-q._.js:776
[  920432ms] [LOG] [Fast Refresh] done in 457ms @ http://localhost:3000/_next/static/chunks/0stj_next_dist_19zsb-q._.js:776
[  920511ms] [LOG] [Fast Refresh] done in 457ms @ http://localhost:3000/_next/static/chunks/0stj_next_dist_19zsb-q._.js:776
[  920588ms] [LOG] [Fast Refresh] done in 457ms @ http://localhost:3000/_next/static/chunks/0stj_next_dist_19zsb-q._.js:776
[  920650ms] [LOG] [Fast Refresh] done in 457ms @ http://localhost:3000/_next/static/chunks/0stj_next_dist_19zsb-q._.js:776
[  920714ms] [LOG] [Fast Refresh] done in 457ms @ http://localhost:3000/_next/static/chunks/0stj_next_dist_19zsb-q._.js:776
[  920777ms] [LOG] [Fast Refresh] done in 457ms @ http://localhost:3000/_next/static/chunks/0stj_next_dist_19zsb-q._.js:776
[  920839ms] [LOG] [Fast Refresh] done in 457ms @ http://localhost:3000/_next/static/chunks/0stj_next_dist_19zsb-q._.js:776
[  920919ms] [LOG] [Fast Refresh] done in 457ms @ http://localhost:3000/_next/static/chunks/0stj_next_dist_19zsb-q._.js:776
[  920980ms] [LOG] [Fast Refresh] done in 457ms @ http://localhost:3000/_next/static/chunks/0stj_next_dist_19zsb-q._.js:776
[  921042ms] [LOG] [Fast Refresh] done in 457ms @ http://localhost:3000/_next/static/chunks/0stj_next_dist_19zsb-q._.js:776
[  921105ms] [LOG] [Fast Refresh] done in 457ms @ http://localhost:3000/_next/static/chunks/0stj_next_dist_19zsb-q._.js:776
[  921183ms] [LOG] [Fast Refresh] done in 457ms @ http://localhost:3000/_next/static/chunks/0stj_next_dist_19zsb-q._.js:776
[  921245ms] [LOG] [Fast Refresh] done in 457ms @ http://localhost:3000/_next/static/chunks/0stj_next_dist_19zsb-q._.js:776
[  921308ms] [LOG] [Fast Refresh] done in 457ms @ http://localhost:3000/_next/static/chunks/0stj_next_dist_19zsb-q._.js:776
[  921372ms] [LOG] [Fast Refresh] done in 457ms @ http://localhost:3000/_next/static/chunks/0stj_next_dist_19zsb-q._.js:776
[  921450ms] [LOG] [Fast Refresh] done in 457ms @ http://localhost:3000/_next/static/chunks/0stj_next_dist_19zsb-q._.js:776
[  921512ms] [LOG] [Fast Refresh] done in 457ms @ http://localhost:3000/_next/static/chunks/0stj_next_dist_19zsb-q._.js:776
[  921575ms] [LOG] [Fast Refresh] done in 457ms @ http://localhost:3000/_next/static/chunks/0stj_next_dist_19zsb-q._.js:776
[  921639ms] [LOG] [Fast Refresh] done in 457ms @ http://localhost:3000/_next/static/chunks/0stj_next_dist_19zsb-q._.js:776
[  921717ms] [LOG] [Fast Refresh] done in 457ms @ http://localhost:3000/_next/static/chunks/0stj_next_dist_19zsb-q._.js:776
[  921795ms] [LOG] [Fast Refresh] done in 457ms @ http://localhost:3000/_next/static/chunks/0stj_next_dist_19zsb-q._.js:776
[  921873ms] [LOG] [Fast Refresh] done in 457ms @ http://localhost:3000/_next/static/chunks/0stj_next_dist_19zsb-q._.js:776
[  921950ms] [LOG] [Fast Refresh] done in 457ms @ http://localhost:3000/_next/static/chunks/0stj_next_dist_19zsb-q._.js:776
[  922027ms] [LOG] [Fast Refresh] done in 457ms @ http://localhost:3000/_next/static/chunks/0stj_next_dist_19zsb-q._.js:776
[  922090ms] [LOG] [Fast Refresh] done in 457ms @ http://localhost:3000/_next/static/chunks/0stj_next_dist_19zsb-q._.js:776
[  922152ms] [LOG] [Fast Refresh] done in 457ms @ http://localhost:3000/_next/static/chunks/0stj_next_dist_19zsb-q._.js:776
[  922215ms] [LOG] [Fast Refresh] done in 457ms @ http://localhost:3000/_next/static/chunks/0stj_next_dist_19zsb-q._.js:776
[  922284ms] [LOG] [Fast Refresh] done in 457ms @ http://localhost:3000/_next/static/chunks/0stj_next_dist_19zsb-q._.js:776
[  922356ms] [LOG] [Fast Refresh] done in 457ms @ http://localhost:3000/_next/static/chunks/0stj_next_dist_19zsb-q._.js:776
[  922435ms] [LOG] [Fast Refresh] done in 457ms @ http://localhost:3000/_next/static/chunks/0stj_next_dist_19zsb-q._.js:776
[  922512ms] [LOG] [Fast Refresh] done in 457ms @ http://localhost:3000/_next/static/chunks/0stj_next_dist_19zsb-q._.js:776
[  922590ms] [LOG] [Fast Refresh] done in 457ms @ http://localhost:3000/_next/static/chunks/0stj_next_dist_19zsb-q._.js:776
[  922666ms] [LOG] [Fast Refresh] done in 457ms @ http://localhost:3000/_next/static/chunks/0stj_next_dist_19zsb-q._.js:776
[  922743ms] [LOG] [Fast Refresh] done in 457ms @ http://localhost:3000/_next/static/chunks/0stj_next_dist_19zsb-q._.js:776
[  922821ms] [LOG] [Fast Refresh] done in 457ms @ http://localhost:3000/_next/static/chunks/0stj_next_dist_19zsb-q._.js:776
[  922899ms] [LOG] [Fast Refresh] done in 457ms @ http://localhost:3000/_next/static/chunks/0stj_next_dist_19zsb-q._.js:776
[  922977ms] [LOG] [Fast Refresh] done in 457ms @ http://localhost:3000/_next/static/chunks/0stj_next_dist_19zsb-q._.js:776
[  923039ms] [LOG] [Fast Refresh] done in 457ms @ http://localhost:3000/_next/static/chunks/0stj_next_dist_19zsb-q._.js:776
[  923132ms] [LOG] [Fast Refresh] done in 457ms @ http://localhost:3000/_next/static/chunks/0stj_next_dist_19zsb-q._.js:776
[  923194ms] [LOG] [Fast Refresh] done in 457ms @ http://localhost:3000/_next/static/chunks/0stj_next_dist_19zsb-q._.js:776
[  923256ms] [LOG] [Fast Refresh] done in 457ms @ http://localhost:3000/_next/static/chunks/0stj_next_dist_19zsb-q._.js:776
[  923318ms] [LOG] [Fast Refresh] done in 457ms @ http://localhost:3000/_next/static/chunks/0stj_next_dist_19zsb-q._.js:776
[  923396ms] [LOG] [Fast Refresh] done in 457ms @ http://localhost:3000/_next/static/chunks/0stj_next_dist_19zsb-q._.js:776
[  923473ms] [LOG] [Fast Refresh] done in 457ms @ http://localhost:3000/_next/static/chunks/0stj_next_dist_19zsb-q._.js:776
[  923536ms] [LOG] [Fast Refresh] done in 457ms @ http://localhost:3000/_next/static/chunks/0stj_next_dist_19zsb-q._.js:776
[  923598ms] [LOG] [Fast Refresh] done in 457ms @ http://localhost:3000/_next/static/chunks/0stj_next_dist_19zsb-q._.js:776
[  923661ms] [LOG] [Fast Refresh] done in 457ms @ http://localhost:3000/_next/static/chunks/0stj_next_dist_19zsb-q._.js:776
[  923724ms] [LOG] [Fast Refresh] done in 457ms @ http://localhost:3000/_next/static/chunks/0stj_next_dist_19zsb-q._.js:776
[  923785ms] [LOG] [Fast Refresh] done in 457ms @ http://localhost:3000/_next/static/chunks/0stj_next_dist_19zsb-q._.js:776
[  923863ms] [LOG] [Fast Refresh] done in 457ms @ http://localhost:3000/_next/static/chunks/0stj_next_dist_19zsb-q._.js:776
[  923926ms] [LOG] [Fast Refresh] done in 457ms @ http://localhost:3000/_next/static/chunks/0stj_next_dist_19zsb-q._.js:776
[  923989ms] [LOG] [Fast Refresh] done in 457ms @ http://localhost:3000/_next/static/chunks/0stj_next_dist_19zsb-q._.js:776
[  924052ms] [LOG] [Fast Refresh] done in 457ms @ http://localhost:3000/_next/static/chunks/0stj_next_dist_19zsb-q._.js:776
[  924113ms] [LOG] [Fast Refresh] done in 457ms @ http://localhost:3000/_next/static/chunks/0stj_next_dist_19zsb-q._.js:776
[  924176ms] [LOG] [Fast Refresh] done in 457ms @ http://localhost:3000/_next/static/chunks/0stj_next_dist_19zsb-q._.js:776
[  924254ms] [LOG] [Fast Refresh] done in 457ms @ http://localhost:3000/_next/static/chunks/0stj_next_dist_19zsb-q._.js:776
[  924332ms] [LOG] [Fast Refresh] done in 457ms @ http://localhost:3000/_next/static/chunks/0stj_next_dist_19zsb-q._.js:776
[  924407ms] [LOG] [Fast Refresh] done in 457ms @ http://localhost:3000/_next/static/chunks/0stj_next_dist_19zsb-q._.js:776
[  924484ms] [LOG] [Fast Refresh] done in 457ms @ http://localhost:3000/_next/static/chunks/0stj_next_dist_19zsb-q._.js:776
[  924562ms] [LOG] [Fast Refresh] done in 457ms @ http://localhost:3000/_next/static/chunks/0stj_next_dist_19zsb-q._.js:776
[  924640ms] [LOG] [Fast Refresh] done in 457ms @ http://localhost:3000/_next/static/chunks/0stj_next_dist_19zsb-q._.js:776
[  924717ms] [LOG] [Fast Refresh] done in 457ms @ http://localhost:3000/_next/static/chunks/0stj_next_dist_19zsb-q._.js:776
[  924779ms] [LOG] [Fast Refresh] done in 457ms @ http://localhost:3000/_next/static/chunks/0stj_next_dist_19zsb-q._.js:776
[  924841ms] [LOG] [Fast Refresh] done in 457ms @ http://localhost:3000/_next/static/chunks/0stj_next_dist_19zsb-q._.js:776
[  924920ms] [LOG] [Fast Refresh] done in 457ms @ http://localhost:3000/_next/static/chunks/0stj_next_dist_19zsb-q._.js:776
[  924982ms] [LOG] [Fast Refresh] done in 457ms @ http://localhost:3000/_next/static/chunks/0stj_next_dist_19zsb-q._.js:776
[  925045ms] [LOG] [Fast Refresh] done in 457ms @ http://localhost:3000/_next/static/chunks/0stj_next_dist_19zsb-q._.js:776
[  925107ms] [LOG] [Fast Refresh] done in 457ms @ http://localhost:3000/_next/static/chunks/0stj_next_dist_19zsb-q._.js:776
[  925170ms] [LOG] [Fast Refresh] done in 457ms @ http://localhost:3000/_next/static/chunks/0stj_next_dist_19zsb-q._.js:776
[  925248ms] [LOG] [Fast Refresh] done in 457ms @ http://localhost:3000/_next/static/chunks/0stj_next_dist_19zsb-q._.js:776
[  925326ms] [LOG] [Fast Refresh] done in 457ms @ http://localhost:3000/_next/static/chunks/0stj_next_dist_19zsb-q._.js:776
[  925389ms] [LOG] [Fast Refresh] done in 457ms @ http://localhost:3000/_next/static/chunks/0stj_next_dist_19zsb-q._.js:776
[  925465ms] [LOG] [Fast Refresh] done in 457ms @ http://localhost:3000/_next/static/chunks/0stj_next_dist_19zsb-q._.js:776
[  925543ms] [LOG] [Fast Refresh] done in 457ms @ http://localhost:3000/_next/static/chunks/0stj_next_dist_19zsb-q._.js:776
[  925622ms] [LOG] [Fast Refresh] done in 457ms @ http://localhost:3000/_next/static/chunks/0stj_next_dist_19zsb-q._.js:776
[  925701ms] [LOG] [Fast Refresh] done in 457ms @ http://localhost:3000/_next/static/chunks/0stj_next_dist_19zsb-q._.js:776
[  925780ms] [LOG] [Fast Refresh] done in 457ms @ http://localhost:3000/_next/static/chunks/0stj_next_dist_19zsb-q._.js:776
[  925859ms] [LOG] [Fast Refresh] done in 457ms @ http://localhost:3000/_next/static/chunks/0stj_next_dist_19zsb-q._.js:776
[  925939ms] [LOG] [Fast Refresh] done in 457ms @ http://localhost:3000/_next/static/chunks/0stj_next_dist_19zsb-q._.js:776
[  926016ms] [LOG] [Fast Refresh] done in 457ms @ http://localhost:3000/_next/static/chunks/0stj_next_dist_19zsb-q._.js:776
[  926094ms] [LOG] [Fast Refresh] done in 457ms @ http://localhost:3000/_next/static/chunks/0stj_next_dist_19zsb-q._.js:776
[  926172ms] [LOG] [Fast Refresh] done in 457ms @ http://localhost:3000/_next/static/chunks/0stj_next_dist_19zsb-q._.js:776
[  926250ms] [LOG] [Fast Refresh] done in 457ms @ http://localhost:3000/_next/static/chunks/0stj_next_dist_19zsb-q._.js:776
[  926327ms] [LOG] [Fast Refresh] done in 457ms @ http://localhost:3000/_next/static/chunks/0stj_next_dist_19zsb-q._.js:776
[  926406ms] [LOG] [Fast Refresh] done in 457ms @ http://localhost:3000/_next/static/chunks/0stj_next_dist_19zsb-q._.js:776
[  926625ms] [LOG] [Fast Refresh] rebuilding @ http://localhost:3000/_next/static/chunks/0stj_next_dist_19zsb-q._.js:776
[  926702ms] [LOG] [Fast Refresh] done in 152ms @ http://localhost:3000/_next/static/chunks/0stj_next_dist_19zsb-q._.js:776
[  926781ms] [LOG] [Fast Refresh] done in 152ms @ http://localhost:3000/_next/static/chunks/0stj_next_dist_19zsb-q._.js:776
[  926843ms] [LOG] [Fast Refresh] done in 152ms @ http://localhost:3000/_next/static/chunks/0stj_next_dist_19zsb-q._.js:776
[  926905ms] [LOG] [Fast Refresh] done in 152ms @ http://localhost:3000/_next/static/chunks/0stj_next_dist_19zsb-q._.js:776
[  926965ms] [LOG] [Fast Refresh] done in 152ms @ http://localhost:3000/_next/static/chunks/0stj_next_dist_19zsb-q._.js:776
[  927028ms] [LOG] [Fast Refresh] done in 152ms @ http://localhost:3000/_next/static/chunks/0stj_next_dist_19zsb-q._.js:776
[  927105ms] [LOG] [Fast Refresh] done in 152ms @ http://localhost:3000/_next/static/chunks/0stj_next_dist_19zsb-q._.js:776
[  927183ms] [LOG] [Fast Refresh] done in 152ms @ http://localhost:3000/_next/static/chunks/0stj_next_dist_19zsb-q._.js:776
[  927262ms] [LOG] [Fast Refresh] done in 152ms @ http://localhost:3000/_next/static/chunks/0stj_next_dist_19zsb-q._.js:776
[  927340ms] [LOG] [Fast Refresh] done in 152ms @ http://localhost:3000/_next/static/chunks/0stj_next_dist_19zsb-q._.js:776
[  927416ms] [LOG] [Fast Refresh] done in 152ms @ http://localhost:3000/_next/static/chunks/0stj_next_dist_19zsb-q._.js:776
[  927494ms] [LOG] [Fast Refresh] done in 152ms @ http://localhost:3000/_next/static/chunks/0stj_next_dist_19zsb-q._.js:776
[  927572ms] [LOG] [Fast Refresh] done in 152ms @ http://localhost:3000/_next/static/chunks/0stj_next_dist_19zsb-q._.js:776
[  927634ms] [LOG] [Fast Refresh] done in 152ms @ http://localhost:3000/_next/static/chunks/0stj_next_dist_19zsb-q._.js:776
[  927696ms] [LOG] [Fast Refresh] done in 152ms @ http://localhost:3000/_next/static/chunks/0stj_next_dist_19zsb-q._.js:776
[  927759ms] [LOG] [Fast Refresh] done in 152ms @ http://localhost:3000/_next/static/chunks/0stj_next_dist_19zsb-q._.js:776
[  927839ms] [LOG] [Fast Refresh] done in 152ms @ http://localhost:3000/_next/static/chunks/0stj_next_dist_19zsb-q._.js:776
[  927900ms] [LOG] [Fast Refresh] done in 152ms @ http://localhost:3000/_next/static/chunks/0stj_next_dist_19zsb-q._.js:776
[  927962ms] [LOG] [Fast Refresh] done in 152ms @ http://localhost:3000/_next/static/chunks/0stj_next_dist_19zsb-q._.js:776
[  928025ms] [LOG] [Fast Refresh] done in 152ms @ http://localhost:3000/_next/static/chunks/0stj_next_dist_19zsb-q._.js:776
[  928088ms] [LOG] [Fast Refresh] done in 152ms @ http://localhost:3000/_next/static/chunks/0stj_next_dist_19zsb-q._.js:776
[  928165ms] [LOG] [Fast Refresh] done in 152ms @ http://localhost:3000/_next/static/chunks/0stj_next_dist_19zsb-q._.js:776
[  928245ms] [LOG] [Fast Refresh] done in 152ms @ http://localhost:3000/_next/static/chunks/0stj_next_dist_19zsb-q._.js:776
[  928307ms] [LOG] [Fast Refresh] done in 152ms @ http://localhost:3000/_next/static/chunks/0stj_next_dist_19zsb-q._.js:776
[  928370ms] [LOG] [Fast Refresh] done in 152ms @ http://localhost:3000/_next/static/chunks/0stj_next_dist_19zsb-q._.js:776
[  928448ms] [LOG] [Fast Refresh] done in 152ms @ http://localhost:3000/_next/static/chunks/0stj_next_dist_19zsb-q._.js:776
[  928511ms] [LOG] [Fast Refresh] done in 152ms @ http://localhost:3000/_next/static/chunks/0stj_next_dist_19zsb-q._.js:776
[  928589ms] [LOG] [Fast Refresh] done in 152ms @ http://localhost:3000/_next/static/chunks/0stj_next_dist_19zsb-q._.js:776
[  928652ms] [LOG] [Fast Refresh] done in 152ms @ http://localhost:3000/_next/static/chunks/0stj_next_dist_19zsb-q._.js:776
[  928730ms] [LOG] [Fast Refresh] done in 152ms @ http://localhost:3000/_next/static/chunks/0stj_next_dist_19zsb-q._.js:776
[  928793ms] [LOG] [Fast Refresh] done in 152ms @ http://localhost:3000/_next/static/chunks/0stj_next_dist_19zsb-q._.js:776
[  928870ms] [LOG] [Fast Refresh] done in 152ms @ http://localhost:3000/_next/static/chunks/0stj_next_dist_19zsb-q._.js:776
[  928951ms] [LOG] [Fast Refresh] done in 152ms @ http://localhost:3000/_next/static/chunks/0stj_next_dist_19zsb-q._.js:776
[  929029ms] [LOG] [Fast Refresh] done in 152ms @ http://localhost:3000/_next/static/chunks/0stj_next_dist_19zsb-q._.js:776
[  929091ms] [LOG] [Fast Refresh] done in 152ms @ http://localhost:3000/_next/static/chunks/0stj_next_dist_19zsb-q._.js:776
[  929153ms] [LOG] [Fast Refresh] done in 152ms @ http://localhost:3000/_next/static/chunks/0stj_next_dist_19zsb-q._.js:776
[  929216ms] [LOG] [Fast Refresh] done in 152ms @ http://localhost:3000/_next/static/chunks/0stj_next_dist_19zsb-q._.js:776
[  929278ms] [LOG] [Fast Refresh] done in 152ms @ http://localhost:3000/_next/static/chunks/0stj_next_dist_19zsb-q._.js:776
[  929340ms] [LOG] [Fast Refresh] done in 152ms @ http://localhost:3000/_next/static/chunks/0stj_next_dist_19zsb-q._.js:776
[  929404ms] [LOG] [Fast Refresh] done in 152ms @ http://localhost:3000/_next/static/chunks/0stj_next_dist_19zsb-q._.js:776
[  929468ms] [LOG] [Fast Refresh] done in 152ms @ http://localhost:3000/_next/static/chunks/0stj_next_dist_19zsb-q._.js:776
[  929531ms] [LOG] [Fast Refresh] done in 152ms @ http://localhost:3000/_next/static/chunks/0stj_next_dist_19zsb-q._.js:776
[  929595ms] [LOG] [Fast Refresh] done in 152ms @ http://localhost:3000/_next/static/chunks/0stj_next_dist_19zsb-q._.js:776
[  929657ms] [LOG] [Fast Refresh] done in 152ms @ http://localhost:3000/_next/static/chunks/0stj_next_dist_19zsb-q._.js:776
[  929719ms] [LOG] [Fast Refresh] done in 152ms @ http://localhost:3000/_next/static/chunks/0stj_next_dist_19zsb-q._.js:776
[  929783ms] [LOG] [Fast Refresh] done in 152ms @ http://localhost:3000/_next/static/chunks/0stj_next_dist_19zsb-q._.js:776
[  929846ms] [LOG] [Fast Refresh] done in 152ms @ http://localhost:3000/_next/static/chunks/0stj_next_dist_19zsb-q._.js:776
[  929909ms] [LOG] [Fast Refresh] done in 152ms @ http://localhost:3000/_next/static/chunks/0stj_next_dist_19zsb-q._.js:776
[  929970ms] [LOG] [Fast Refresh] done in 152ms @ http://localhost:3000/_next/static/chunks/0stj_next_dist_19zsb-q._.js:776
[  930033ms] [LOG] [Fast Refresh] done in 152ms @ http://localhost:3000/_next/static/chunks/0stj_next_dist_19zsb-q._.js:776
[  930095ms] [LOG] [Fast Refresh] done in 152ms @ http://localhost:3000/_next/static/chunks/0stj_next_dist_19zsb-q._.js:776
[  930158ms] [LOG] [Fast Refresh] done in 152ms @ http://localhost:3000/_next/static/chunks/0stj_next_dist_19zsb-q._.js:776
[  930236ms] [LOG] [Fast Refresh] done in 152ms @ http://localhost:3000/_next/static/chunks/0stj_next_dist_19zsb-q._.js:776
[  930298ms] [LOG] [Fast Refresh] done in 152ms @ http://localhost:3000/_next/static/chunks/0stj_next_dist_19zsb-q._.js:776
[  930362ms] [LOG] [Fast Refresh] done in 152ms @ http://localhost:3000/_next/static/chunks/0stj_next_dist_19zsb-q._.js:776
[  930424ms] [LOG] [Fast Refresh] done in 152ms @ http://localhost:3000/_next/static/chunks/0stj_next_dist_19zsb-q._.js:776
[  930484ms] [LOG] [Fast Refresh] done in 152ms @ http://localhost:3000/_next/static/chunks/0stj_next_dist_19zsb-q._.js:776
[  930547ms] [LOG] [Fast Refresh] done in 152ms @ http://localhost:3000/_next/static/chunks/0stj_next_dist_19zsb-q._.js:776
[  930610ms] [LOG] [Fast Refresh] done in 152ms @ http://localhost:3000/_next/static/chunks/0stj_next_dist_19zsb-q._.js:776
[  930673ms] [LOG] [Fast Refresh] done in 152ms @ http://localhost:3000/_next/static/chunks/0stj_next_dist_19zsb-q._.js:776
[  930736ms] [LOG] [Fast Refresh] done in 152ms @ http://localhost:3000/_next/static/chunks/0stj_next_dist_19zsb-q._.js:776
[  930800ms] [LOG] [Fast Refresh] done in 152ms @ http://localhost:3000/_next/static/chunks/0stj_next_dist_19zsb-q._.js:776
[  930861ms] [LOG] [Fast Refresh] done in 152ms @ http://localhost:3000/_next/static/chunks/0stj_next_dist_19zsb-q._.js:776
[  930924ms] [LOG] [Fast Refresh] done in 152ms @ http://localhost:3000/_next/static/chunks/0stj_next_dist_19zsb-q._.js:776
[  930985ms] [LOG] [Fast Refresh] done in 152ms @ http://localhost:3000/_next/static/chunks/0stj_next_dist_19zsb-q._.js:776
[  931062ms] [LOG] [Fast Refresh] done in 152ms @ http://localhost:3000/_next/static/chunks/0stj_next_dist_19zsb-q._.js:776
[  931126ms] [LOG] [Fast Refresh] done in 152ms @ http://localhost:3000/_next/static/chunks/0stj_next_dist_19zsb-q._.js:776
[  931203ms] [LOG] [Fast Refresh] done in 152ms @ http://localhost:3000/_next/static/chunks/0stj_next_dist_19zsb-q._.js:776
[  931281ms] [LOG] [Fast Refresh] done in 152ms @ http://localhost:3000/_next/static/chunks/0stj_next_dist_19zsb-q._.js:776
[  931359ms] [LOG] [Fast Refresh] done in 152ms @ http://localhost:3000/_next/static/chunks/0stj_next_dist_19zsb-q._.js:776
[  931437ms] [LOG] [Fast Refresh] done in 152ms @ http://localhost:3000/_next/static/chunks/0stj_next_dist_19zsb-q._.js:776
[  931499ms] [LOG] [Fast Refresh] done in 152ms @ http://localhost:3000/_next/static/chunks/0stj_next_dist_19zsb-q._.js:776
[  931561ms] [LOG] [Fast Refresh] done in 152ms @ http://localhost:3000/_next/static/chunks/0stj_next_dist_19zsb-q._.js:776
[  931623ms] [LOG] [Fast Refresh] done in 152ms @ http://localhost:3000/_next/static/chunks/0stj_next_dist_19zsb-q._.js:776
[  931702ms] [LOG] [Fast Refresh] done in 152ms @ http://localhost:3000/_next/static/chunks/0stj_next_dist_19zsb-q._.js:776
[  931764ms] [LOG] [Fast Refresh] done in 152ms @ http://localhost:3000/_next/static/chunks/0stj_next_dist_19zsb-q._.js:776
[  931844ms] [LOG] [Fast Refresh] done in 152ms @ http://localhost:3000/_next/static/chunks/0stj_next_dist_19zsb-q._.js:776
[  931906ms] [LOG] [Fast Refresh] done in 152ms @ http://localhost:3000/_next/static/chunks/0stj_next_dist_19zsb-q._.js:776
[  931984ms] [LOG] [Fast Refresh] done in 152ms @ http://localhost:3000/_next/static/chunks/0stj_next_dist_19zsb-q._.js:776
[  932046ms] [LOG] [Fast Refresh] done in 152ms @ http://localhost:3000/_next/static/chunks/0stj_next_dist_19zsb-q._.js:776
[  932124ms] [LOG] [Fast Refresh] done in 152ms @ http://localhost:3000/_next/static/chunks/0stj_next_dist_19zsb-q._.js:776
[  932186ms] [LOG] [Fast Refresh] done in 152ms @ http://localhost:3000/_next/static/chunks/0stj_next_dist_19zsb-q._.js:776
[  932249ms] [LOG] [Fast Refresh] done in 152ms @ http://localhost:3000/_next/static/chunks/0stj_next_dist_19zsb-q._.js:776
[  932311ms] [LOG] [Fast Refresh] done in 152ms @ http://localhost:3000/_next/static/chunks/0stj_next_dist_19zsb-q._.js:776
[  932374ms] [LOG] [Fast Refresh] done in 152ms @ http://localhost:3000/_next/static/chunks/0stj_next_dist_19zsb-q._.js:776
[  932436ms] [LOG] [Fast Refresh] done in 152ms @ http://localhost:3000/_next/static/chunks/0stj_next_dist_19zsb-q._.js:776
[  932499ms] [LOG] [Fast Refresh] done in 152ms @ http://localhost:3000/_next/static/chunks/0stj_next_dist_19zsb-q._.js:776
[  932562ms] [LOG] [Fast Refresh] done in 152ms @ http://localhost:3000/_next/static/chunks/0stj_next_dist_19zsb-q._.js:776
[  932624ms] [LOG] [Fast Refresh] done in 152ms @ http://localhost:3000/_next/static/chunks/0stj_next_dist_19zsb-q._.js:776
[  932687ms] [LOG] [Fast Refresh] done in 152ms @ http://localhost:3000/_next/static/chunks/0stj_next_dist_19zsb-q._.js:776
[  932750ms] [LOG] [Fast Refresh] done in 152ms @ http://localhost:3000/_next/static/chunks/0stj_next_dist_19zsb-q._.js:776
[  932812ms] [LOG] [Fast Refresh] done in 152ms @ http://localhost:3000/_next/static/chunks/0stj_next_dist_19zsb-q._.js:776
[  932877ms] [LOG] [Fast Refresh] done in 152ms @ http://localhost:3000/_next/static/chunks/0stj_next_dist_19zsb-q._.js:776
[  932941ms] [LOG] [Fast Refresh] done in 152ms @ http://localhost:3000/_next/static/chunks/0stj_next_dist_19zsb-q._.js:776
[  933005ms] [LOG] [Fast Refresh] done in 152ms @ http://localhost:3000/_next/static/chunks/0stj_next_dist_19zsb-q._.js:776
[  933080ms] [LOG] [Fast Refresh] done in 152ms @ http://localhost:3000/_next/static/chunks/0stj_next_dist_19zsb-q._.js:776
[  933157ms] [LOG] [Fast Refresh] done in 152ms @ http://localhost:3000/_next/static/chunks/0stj_next_dist_19zsb-q._.js:776
[  933236ms] [LOG] [Fast Refresh] done in 152ms @ http://localhost:3000/_next/static/chunks/0stj_next_dist_19zsb-q._.js:776
[  933313ms] [LOG] [Fast Refresh] done in 152ms @ http://localhost:3000/_next/static/chunks/0stj_next_dist_19zsb-q._.js:776
[  933392ms] [LOG] [Fast Refresh] done in 152ms @ http://localhost:3000/_next/static/chunks/0stj_next_dist_19zsb-q._.js:776
[  933471ms] [LOG] [Fast Refresh] done in 152ms @ http://localhost:3000/_next/static/chunks/0stj_next_dist_19zsb-q._.js:776
[  933549ms] [LOG] [Fast Refresh] done in 152ms @ http://localhost:3000/_next/static/chunks/0stj_next_dist_19zsb-q._.js:776
[  933613ms] [LOG] [Fast Refresh] done in 152ms @ http://localhost:3000/_next/static/chunks/0stj_next_dist_19zsb-q._.js:776
[  933677ms] [LOG] [Fast Refresh] done in 152ms @ http://localhost:3000/_next/static/chunks/0stj_next_dist_19zsb-q._.js:776
[  933741ms] [LOG] [Fast Refresh] done in 152ms @ http://localhost:3000/_next/static/chunks/0stj_next_dist_19zsb-q._.js:776
[  933803ms] [LOG] [Fast Refresh] done in 152ms @ http://localhost:3000/_next/static/chunks/0stj_next_dist_19zsb-q._.js:776
[  933880ms] [LOG] [Fast Refresh] done in 152ms @ http://localhost:3000/_next/static/chunks/0stj_next_dist_19zsb-q._.js:776
[  933958ms] [LOG] [Fast Refresh] done in 152ms @ http://localhost:3000/_next/static/chunks/0stj_next_dist_19zsb-q._.js:776
[  934035ms] [LOG] [Fast Refresh] done in 152ms @ http://localhost:3000/_next/static/chunks/0stj_next_dist_19zsb-q._.js:776
[  934099ms] [LOG] [Fast Refresh] done in 152ms @ http://localhost:3000/_next/static/chunks/0stj_next_dist_19zsb-q._.js:776
[  934176ms] [LOG] [Fast Refresh] done in 152ms @ http://localhost:3000/_next/static/chunks/0stj_next_dist_19zsb-q._.js:776
[  934240ms] [LOG] [Fast Refresh] done in 152ms @ http://localhost:3000/_next/static/chunks/0stj_next_dist_19zsb-q._.js:776
[  934318ms] [LOG] [Fast Refresh] done in 152ms @ http://localhost:3000/_next/static/chunks/0stj_next_dist_19zsb-q._.js:776
[  934396ms] [LOG] [Fast Refresh] done in 152ms @ http://localhost:3000/_next/static/chunks/0stj_next_dist_19zsb-q._.js:776
[  934460ms] [LOG] [Fast Refresh] done in 152ms @ http://localhost:3000/_next/static/chunks/0stj_next_dist_19zsb-q._.js:776
[  934538ms] [LOG] [Fast Refresh] done in 152ms @ http://localhost:3000/_next/static/chunks/0stj_next_dist_19zsb-q._.js:776
[  934600ms] [LOG] [Fast Refresh] done in 152ms @ http://localhost:3000/_next/static/chunks/0stj_next_dist_19zsb-q._.js:776
[  934662ms] [LOG] [Fast Refresh] done in 152ms @ http://localhost:3000/_next/static/chunks/0stj_next_dist_19zsb-q._.js:776
[  934724ms] [LOG] [Fast Refresh] done in 152ms @ http://localhost:3000/_next/static/chunks/0stj_next_dist_19zsb-q._.js:776
[  934787ms] [LOG] [Fast Refresh] done in 152ms @ http://localhost:3000/_next/static/chunks/0stj_next_dist_19zsb-q._.js:776
[  934850ms] [LOG] [Fast Refresh] done in 152ms @ http://localhost:3000/_next/static/chunks/0stj_next_dist_19zsb-q._.js:776
[  934912ms] [LOG] [Fast Refresh] done in 152ms @ http://localhost:3000/_next/static/chunks/0stj_next_dist_19zsb-q._.js:776
[  934990ms] [LOG] [Fast Refresh] done in 152ms @ http://localhost:3000/_next/static/chunks/0stj_next_dist_19zsb-q._.js:776
[  935068ms] [LOG] [Fast Refresh] done in 152ms @ http://localhost:3000/_next/static/chunks/0stj_next_dist_19zsb-q._.js:776
[  935130ms] [LOG] [Fast Refresh] done in 152ms @ http://localhost:3000/_next/static/chunks/0stj_next_dist_19zsb-q._.js:776
[  935193ms] [LOG] [Fast Refresh] done in 152ms @ http://localhost:3000/_next/static/chunks/0stj_next_dist_19zsb-q._.js:776
[  935258ms] [LOG] [Fast Refresh] done in 152ms @ http://localhost:3000/_next/static/chunks/0stj_next_dist_19zsb-q._.js:776
[  935318ms] [LOG] [Fast Refresh] done in 152ms @ http://localhost:3000/_next/static/chunks/0stj_next_dist_19zsb-q._.js:776
[  935382ms] [LOG] [Fast Refresh] done in 152ms @ http://localhost:3000/_next/static/chunks/0stj_next_dist_19zsb-q._.js:776
[  935444ms] [LOG] [Fast Refresh] done in 152ms @ http://localhost:3000/_next/static/chunks/0stj_next_dist_19zsb-q._.js:776
[  935507ms] [LOG] [Fast Refresh] done in 152ms @ http://localhost:3000/_next/static/chunks/0stj_next_dist_19zsb-q._.js:776
[  935570ms] [LOG] [Fast Refresh] done in 152ms @ http://localhost:3000/_next/static/chunks/0stj_next_dist_19zsb-q._.js:776
[  935647ms] [LOG] [Fast Refresh] done in 152ms @ http://localhost:3000/_next/static/chunks/0stj_next_dist_19zsb-q._.js:776
[  935724ms] [LOG] [Fast Refresh] done in 152ms @ http://localhost:3000/_next/static/chunks/0stj_next_dist_19zsb-q._.js:776
[  935787ms] [LOG] [Fast Refresh] done in 152ms @ http://localhost:3000/_next/static/chunks/0stj_next_dist_19zsb-q._.js:776
[  935850ms] [LOG] [Fast Refresh] done in 152ms @ http://localhost:3000/_next/static/chunks/0stj_next_dist_19zsb-q._.js:776
[  935928ms] [LOG] [Fast Refresh] done in 152ms @ http://localhost:3000/_next/static/chunks/0stj_next_dist_19zsb-q._.js:776
[  936005ms] [LOG] [Fast Refresh] done in 152ms @ http://localhost:3000/_next/static/chunks/0stj_next_dist_19zsb-q._.js:776
[  936084ms] [LOG] [Fast Refresh] done in 152ms @ http://localhost:3000/_next/static/chunks/0stj_next_dist_19zsb-q._.js:776
[  936147ms] [LOG] [Fast Refresh] done in 152ms @ http://localhost:3000/_next/static/chunks/0stj_next_dist_19zsb-q._.js:776
[  936225ms] [LOG] [Fast Refresh] done in 152ms @ http://localhost:3000/_next/static/chunks/0stj_next_dist_19zsb-q._.js:776
[  936302ms] [LOG] [Fast Refresh] done in 152ms @ http://localhost:3000/_next/static/chunks/0stj_next_dist_19zsb-q._.js:776
[  936365ms] [LOG] [Fast Refresh] done in 152ms @ http://localhost:3000/_next/static/chunks/0stj_next_dist_19zsb-q._.js:776
[  936443ms] [LOG] [Fast Refresh] done in 152ms @ http://localhost:3000/_next/static/chunks/0stj_next_dist_19zsb-q._.js:776
[  936520ms] [LOG] [Fast Refresh] done in 152ms @ http://localhost:3000/_next/static/chunks/0stj_next_dist_19zsb-q._.js:776
[  936597ms] [LOG] [Fast Refresh] done in 152ms @ http://localhost:3000/_next/static/chunks/0stj_next_dist_19zsb-q._.js:776
[  936674ms] [LOG] [Fast Refresh] done in 152ms @ http://localhost:3000/_next/static/chunks/0stj_next_dist_19zsb-q._.js:776
[  936753ms] [LOG] [Fast Refresh] done in 152ms @ http://localhost:3000/_next/static/chunks/0stj_next_dist_19zsb-q._.js:776
[  936816ms] [LOG] [Fast Refresh] done in 152ms @ http://localhost:3000/_next/static/chunks/0stj_next_dist_19zsb-q._.js:776
[  936894ms] [LOG] [Fast Refresh] done in 152ms @ http://localhost:3000/_next/static/chunks/0stj_next_dist_19zsb-q._.js:776
[  936971ms] [LOG] [Fast Refresh] done in 152ms @ http://localhost:3000/_next/static/chunks/0stj_next_dist_19zsb-q._.js:776
[  937050ms] [LOG] [Fast Refresh] done in 152ms @ http://localhost:3000/_next/static/chunks/0stj_next_dist_19zsb-q._.js:776
[  937127ms] [LOG] [Fast Refresh] done in 152ms @ http://localhost:3000/_next/static/chunks/0stj_next_dist_19zsb-q._.js:776
[  937207ms] [LOG] [Fast Refresh] done in 152ms @ http://localhost:3000/_next/static/chunks/0stj_next_dist_19zsb-q._.js:776
[  937284ms] [LOG] [Fast Refresh] done in 152ms @ http://localhost:3000/_next/static/chunks/0stj_next_dist_19zsb-q._.js:776
[  937363ms] [LOG] [Fast Refresh] done in 152ms @ http://localhost:3000/_next/static/chunks/0stj_next_dist_19zsb-q._.js:776
[  937441ms] [LOG] [Fast Refresh] done in 152ms @ http://localhost:3000/_next/static/chunks/0stj_next_dist_19zsb-q._.js:776
[  937520ms] [LOG] [Fast Refresh] done in 152ms @ http://localhost:3000/_next/static/chunks/0stj_next_dist_19zsb-q._.js:776
[  937598ms] [LOG] [Fast Refresh] done in 152ms @ http://localhost:3000/_next/static/chunks/0stj_next_dist_19zsb-q._.js:776
[  937677ms] [LOG] [Fast Refresh] done in 152ms @ http://localhost:3000/_next/static/chunks/0stj_next_dist_19zsb-q._.js:776
[  937756ms] [LOG] [Fast Refresh] done in 152ms @ http://localhost:3000/_next/static/chunks/0stj_next_dist_19zsb-q._.js:776
[  937835ms] [LOG] [Fast Refresh] done in 152ms @ http://localhost:3000/_next/static/chunks/0stj_next_dist_19zsb-q._.js:776
[  937914ms] [LOG] [Fast Refresh] done in 152ms @ http://localhost:3000/_next/static/chunks/0stj_next_dist_19zsb-q._.js:776
[  937991ms] [LOG] [Fast Refresh] done in 152ms @ http://localhost:3000/_next/static/chunks/0stj_next_dist_19zsb-q._.js:776
[  938069ms] [LOG] [Fast Refresh] done in 152ms @ http://localhost:3000/_next/static/chunks/0stj_next_dist_19zsb-q._.js:776
[  938147ms] [LOG] [Fast Refresh] done in 152ms @ http://localhost:3000/_next/static/chunks/0stj_next_dist_19zsb-q._.js:776
[  938225ms] [LOG] [Fast Refresh] done in 152ms @ http://localhost:3000/_next/static/chunks/0stj_next_dist_19zsb-q._.js:776
[  938303ms] [LOG] [Fast Refresh] done in 152ms @ http://localhost:3000/_next/static/chunks/0stj_next_dist_19zsb-q._.js:776
[  938381ms] [LOG] [Fast Refresh] done in 152ms @ http://localhost:3000/_next/static/chunks/0stj_next_dist_19zsb-q._.js:776
[  938445ms] [LOG] [Fast Refresh] done in 152ms @ http://localhost:3000/_next/static/chunks/0stj_next_dist_19zsb-q._.js:776
[  938523ms] [LOG] [Fast Refresh] done in 152ms @ http://localhost:3000/_next/static/chunks/0stj_next_dist_19zsb-q._.js:776
[  938586ms] [LOG] [Fast Refresh] done in 152ms @ http://localhost:3000/_next/static/chunks/0stj_next_dist_19zsb-q._.js:776
[  938649ms] [LOG] [Fast Refresh] done in 152ms @ http://localhost:3000/_next/static/chunks/0stj_next_dist_19zsb-q._.js:776
[  938713ms] [LOG] [Fast Refresh] done in 152ms @ http://localhost:3000/_next/static/chunks/0stj_next_dist_19zsb-q._.js:776
[  938776ms] [LOG] [Fast Refresh] done in 152ms @ http://localhost:3000/_next/static/chunks/0stj_next_dist_19zsb-q._.js:776
[  938853ms] [LOG] [Fast Refresh] done in 152ms @ http://localhost:3000/_next/static/chunks/0stj_next_dist_19zsb-q._.js:776
[  938916ms] [LOG] [Fast Refresh] done in 152ms @ http://localhost:3000/_next/static/chunks/0stj_next_dist_19zsb-q._.js:776
[  938994ms] [LOG] [Fast Refresh] done in 152ms @ http://localhost:3000/_next/static/chunks/0stj_next_dist_19zsb-q._.js:776
[  939056ms] [LOG] [Fast Refresh] done in 152ms @ http://localhost:3000/_next/static/chunks/0stj_next_dist_19zsb-q._.js:776
[  939134ms] [LOG] [Fast Refresh] done in 152ms @ http://localhost:3000/_next/static/chunks/0stj_next_dist_19zsb-q._.js:776
[  939213ms] [LOG] [Fast Refresh] done in 152ms @ http://localhost:3000/_next/static/chunks/0stj_next_dist_19zsb-q._.js:776
[  939274ms] [LOG] [Fast Refresh] done in 152ms @ http://localhost:3000/_next/static/chunks/0stj_next_dist_19zsb-q._.js:776
[  939352ms] [LOG] [Fast Refresh] done in 152ms @ http://localhost:3000/_next/static/chunks/0stj_next_dist_19zsb-q._.js:776
[  939429ms] [LOG] [Fast Refresh] done in 152ms @ http://localhost:3000/_next/static/chunks/0stj_next_dist_19zsb-q._.js:776
[  939492ms] [LOG] [Fast Refresh] done in 152ms @ http://localhost:3000/_next/static/chunks/0stj_next_dist_19zsb-q._.js:776
[  939556ms] [LOG] [Fast Refresh] done in 152ms @ http://localhost:3000/_next/static/chunks/0stj_next_dist_19zsb-q._.js:776
[  939634ms] [LOG] [Fast Refresh] done in 152ms @ http://localhost:3000/_next/static/chunks/0stj_next_dist_19zsb-q._.js:776
[  939696ms] [LOG] [Fast Refresh] done in 152ms @ http://localhost:3000/_next/static/chunks/0stj_next_dist_19zsb-q._.js:776
[  939761ms] [LOG] [Fast Refresh] done in 152ms @ http://localhost:3000/_next/static/chunks/0stj_next_dist_19zsb-q._.js:776
[  939824ms] [LOG] [Fast Refresh] done in 152ms @ http://localhost:3000/_next/static/chunks/0stj_next_dist_19zsb-q._.js:776
[  939902ms] [LOG] [Fast Refresh] done in 152ms @ http://localhost:3000/_next/static/chunks/0stj_next_dist_19zsb-q._.js:776
[  939980ms] [LOG] [Fast Refresh] done in 152ms @ http://localhost:3000/_next/static/chunks/0stj_next_dist_19zsb-q._.js:776
[  940043ms] [LOG] [Fast Refresh] done in 152ms @ http://localhost:3000/_next/static/chunks/0stj_next_dist_19zsb-q._.js:776
[  940107ms] [LOG] [Fast Refresh] done in 152ms @ http://localhost:3000/_next/static/chunks/0stj_next_dist_19zsb-q._.js:776
[  940186ms] [LOG] [Fast Refresh] done in 152ms @ http://localhost:3000/_next/static/chunks/0stj_next_dist_19zsb-q._.js:776
[  940265ms] [LOG] [Fast Refresh] done in 152ms @ http://localhost:3000/_next/static/chunks/0stj_next_dist_19zsb-q._.js:776
[  940342ms] [LOG] [Fast Refresh] done in 152ms @ http://localhost:3000/_next/static/chunks/0stj_next_dist_19zsb-q._.js:776
[  940420ms] [LOG] [Fast Refresh] done in 152ms @ http://localhost:3000/_next/static/chunks/0stj_next_dist_19zsb-q._.js:776
[  940482ms] [LOG] [Fast Refresh] done in 152ms @ http://localhost:3000/_next/static/chunks/0stj_next_dist_19zsb-q._.js:776
[  940561ms] [LOG] [Fast Refresh] done in 152ms @ http://localhost:3000/_next/static/chunks/0stj_next_dist_19zsb-q._.js:776
[  940639ms] [LOG] [Fast Refresh] done in 152ms @ http://localhost:3000/_next/static/chunks/0stj_next_dist_19zsb-q._.js:776
[  940717ms] [LOG] [Fast Refresh] done in 152ms @ http://localhost:3000/_next/static/chunks/0stj_next_dist_19zsb-q._.js:776
[  940796ms] [LOG] [Fast Refresh] done in 152ms @ http://localhost:3000/_next/static/chunks/0stj_next_dist_19zsb-q._.js:776
[  940874ms] [LOG] [Fast Refresh] done in 152ms @ http://localhost:3000/_next/static/chunks/0stj_next_dist_19zsb-q._.js:776
[  940952ms] [LOG] [Fast Refresh] done in 152ms @ http://localhost:3000/_next/static/chunks/0stj_next_dist_19zsb-q._.js:776
[  941030ms] [LOG] [Fast Refresh] done in 152ms @ http://localhost:3000/_next/static/chunks/0stj_next_dist_19zsb-q._.js:776
[  941107ms] [LOG] [Fast Refresh] done in 152ms @ http://localhost:3000/_next/static/chunks/0stj_next_dist_19zsb-q._.js:776
[  941185ms] [LOG] [Fast Refresh] done in 152ms @ http://localhost:3000/_next/static/chunks/0stj_next_dist_19zsb-q._.js:776
[  941262ms] [LOG] [Fast Refresh] done in 152ms @ http://localhost:3000/_next/static/chunks/0stj_next_dist_19zsb-q._.js:776
[  941372ms] [LOG] [Fast Refresh] done in 152ms @ http://localhost:3000/_next/static/chunks/0stj_next_dist_19zsb-q._.js:776
[  941453ms] [LOG] [Fast Refresh] done in 152ms @ http://localhost:3000/_next/static/chunks/0stj_next_dist_19zsb-q._.js:776
[  941559ms] [LOG] [Fast Refresh] done in 152ms @ http://localhost:3000/_next/static/chunks/0stj_next_dist_19zsb-q._.js:776
[  941637ms] [LOG] [Fast Refresh] done in 152ms @ http://localhost:3000/_next/static/chunks/0stj_next_dist_19zsb-q._.js:776
[  941715ms] [LOG] [Fast Refresh] done in 152ms @ http://localhost:3000/_next/static/chunks/0stj_next_dist_19zsb-q._.js:776
[  941794ms] [LOG] [Fast Refresh] done in 152ms @ http://localhost:3000/_next/static/chunks/0stj_next_dist_19zsb-q._.js:776
[  941872ms] [LOG] [Fast Refresh] done in 152ms @ http://localhost:3000/_next/static/chunks/0stj_next_dist_19zsb-q._.js:776
[  941951ms] [LOG] [Fast Refresh] done in 152ms @ http://localhost:3000/_next/static/chunks/0stj_next_dist_19zsb-q._.js:776
[  942029ms] [LOG] [Fast Refresh] done in 152ms @ http://localhost:3000/_next/static/chunks/0stj_next_dist_19zsb-q._.js:776
[  942091ms] [LOG] [Fast Refresh] done in 152ms @ http://localhost:3000/_next/static/chunks/0stj_next_dist_19zsb-q._.js:776
[  942168ms] [LOG] [Fast Refresh] done in 152ms @ http://localhost:3000/_next/static/chunks/0stj_next_dist_19zsb-q._.js:776
[  942248ms] [LOG] [Fast Refresh] done in 152ms @ http://localhost:3000/_next/static/chunks/0stj_next_dist_19zsb-q._.js:776
[  942325ms] [LOG] [Fast Refresh] done in 152ms @ http://localhost:3000/_next/static/chunks/0stj_next_dist_19zsb-q._.js:776
[  942404ms] [LOG] [Fast Refresh] done in 152ms @ http://localhost:3000/_next/static/chunks/0stj_next_dist_19zsb-q._.js:776
[  942482ms] [LOG] [Fast Refresh] done in 152ms @ http://localhost:3000/_next/static/chunks/0stj_next_dist_19zsb-q._.js:776
[  942561ms] [LOG] [Fast Refresh] done in 152ms @ http://localhost:3000/_next/static/chunks/0stj_next_dist_19zsb-q._.js:776
[  942639ms] [LOG] [Fast Refresh] done in 152ms @ http://localhost:3000/_next/static/chunks/0stj_next_dist_19zsb-q._.js:776
[  942718ms] [LOG] [Fast Refresh] done in 152ms @ http://localhost:3000/_next/static/chunks/0stj_next_dist_19zsb-q._.js:776
[  942795ms] [LOG] [Fast Refresh] done in 152ms @ http://localhost:3000/_next/static/chunks/0stj_next_dist_19zsb-q._.js:776
[  942873ms] [LOG] [Fast Refresh] done in 152ms @ http://localhost:3000/_next/static/chunks/0stj_next_dist_19zsb-q._.js:776
[  942952ms] [LOG] [Fast Refresh] done in 152ms @ http://localhost:3000/_next/static/chunks/0stj_next_dist_19zsb-q._.js:776
[  943014ms] [LOG] [Fast Refresh] done in 152ms @ http://localhost:3000/_next/static/chunks/0stj_next_dist_19zsb-q._.js:776
[  943077ms] [LOG] [Fast Refresh] done in 152ms @ http://localhost:3000/_next/static/chunks/0stj_next_dist_19zsb-q._.js:776
[  943138ms] [LOG] [Fast Refresh] done in 152ms @ http://localhost:3000/_next/static/chunks/0stj_next_dist_19zsb-q._.js:776
[  943216ms] [LOG] [Fast Refresh] done in 152ms @ http://localhost:3000/_next/static/chunks/0stj_next_dist_19zsb-q._.js:776
[  943295ms] [LOG] [Fast Refresh] done in 152ms @ http://localhost:3000/_next/static/chunks/0stj_next_dist_19zsb-q._.js:776
[  943373ms] [LOG] [Fast Refresh] done in 152ms @ http://localhost:3000/_next/static/chunks/0stj_next_dist_19zsb-q._.js:776
[  943450ms] [LOG] [Fast Refresh] done in 152ms @ http://localhost:3000/_next/static/chunks/0stj_next_dist_19zsb-q._.js:776
[  943513ms] [LOG] [Fast Refresh] done in 152ms @ http://localhost:3000/_next/static/chunks/0stj_next_dist_19zsb-q._.js:776
[  943576ms] [LOG] [Fast Refresh] done in 152ms @ http://localhost:3000/_next/static/chunks/0stj_next_dist_19zsb-q._.js:776
[  943637ms] [LOG] [Fast Refresh] done in 152ms @ http://localhost:3000/_next/static/chunks/0stj_next_dist_19zsb-q._.js:776
[  943717ms] [LOG] [Fast Refresh] done in 152ms @ http://localhost:3000/_next/static/chunks/0stj_next_dist_19zsb-q._.js:776
[  943779ms] [LOG] [Fast Refresh] done in 152ms @ http://localhost:3000/_next/static/chunks/0stj_next_dist_19zsb-q._.js:776
[  943842ms] [LOG] [Fast Refresh] done in 152ms @ http://localhost:3000/_next/static/chunks/0stj_next_dist_19zsb-q._.js:776
[  943905ms] [LOG] [Fast Refresh] done in 152ms @ http://localhost:3000/_next/static/chunks/0stj_next_dist_19zsb-q._.js:776
[  943984ms] [LOG] [Fast Refresh] done in 152ms @ http://localhost:3000/_next/static/chunks/0stj_next_dist_19zsb-q._.js:776
[  944063ms] [LOG] [Fast Refresh] done in 152ms @ http://localhost:3000/_next/static/chunks/0stj_next_dist_19zsb-q._.js:776
[  944141ms] [LOG] [Fast Refresh] done in 152ms @ http://localhost:3000/_next/static/chunks/0stj_next_dist_19zsb-q._.js:776
[  944220ms] [LOG] [Fast Refresh] done in 152ms @ http://localhost:3000/_next/static/chunks/0stj_next_dist_19zsb-q._.js:776
[  944283ms] [LOG] [Fast Refresh] done in 152ms @ http://localhost:3000/_next/static/chunks/0stj_next_dist_19zsb-q._.js:776
[  944360ms] [LOG] [Fast Refresh] done in 152ms @ http://localhost:3000/_next/static/chunks/0stj_next_dist_19zsb-q._.js:776
[  944437ms] [LOG] [Fast Refresh] done in 152ms @ http://localhost:3000/_next/static/chunks/0stj_next_dist_19zsb-q._.js:776
[  944514ms] [LOG] [Fast Refresh] done in 152ms @ http://localhost:3000/_next/static/chunks/0stj_next_dist_19zsb-q._.js:776
[  944591ms] [LOG] [Fast Refresh] done in 152ms @ http://localhost:3000/_next/static/chunks/0stj_next_dist_19zsb-q._.js:776
[  944653ms] [LOG] [Fast Refresh] done in 152ms @ http://localhost:3000/_next/static/chunks/0stj_next_dist_19zsb-q._.js:776
[  944715ms] [LOG] [Fast Refresh] done in 152ms @ http://localhost:3000/_next/static/chunks/0stj_next_dist_19zsb-q._.js:776
[  944776ms] [LOG] [Fast Refresh] done in 152ms @ http://localhost:3000/_next/static/chunks/0stj_next_dist_19zsb-q._.js:776
[  944839ms] [LOG] [Fast Refresh] done in 152ms @ http://localhost:3000/_next/static/chunks/0stj_next_dist_19zsb-q._.js:776
[  944902ms] [LOG] [Fast Refresh] done in 152ms @ http://localhost:3000/_next/static/chunks/0stj_next_dist_19zsb-q._.js:776
[  944965ms] [LOG] [Fast Refresh] done in 152ms @ http://localhost:3000/_next/static/chunks/0stj_next_dist_19zsb-q._.js:776
[  945043ms] [LOG] [Fast Refresh] done in 152ms @ http://localhost:3000/_next/static/chunks/0stj_next_dist_19zsb-q._.js:776
[  945121ms] [LOG] [Fast Refresh] done in 152ms @ http://localhost:3000/_next/static/chunks/0stj_next_dist_19zsb-q._.js:776
[  945199ms] [LOG] [Fast Refresh] done in 152ms @ http://localhost:3000/_next/static/chunks/0stj_next_dist_19zsb-q._.js:776
[  945278ms] [LOG] [Fast Refresh] done in 152ms @ http://localhost:3000/_next/static/chunks/0stj_next_dist_19zsb-q._.js:776
[  945341ms] [LOG] [Fast Refresh] done in 152ms @ http://localhost:3000/_next/static/chunks/0stj_next_dist_19zsb-q._.js:776
[  945404ms] [LOG] [Fast Refresh] done in 152ms @ http://localhost:3000/_next/static/chunks/0stj_next_dist_19zsb-q._.js:776
[  945465ms] [LOG] [Fast Refresh] done in 152ms @ http://localhost:3000/_next/static/chunks/0stj_next_dist_19zsb-q._.js:776
[  945543ms] [LOG] [Fast Refresh] done in 152ms @ http://localhost:3000/_next/static/chunks/0stj_next_dist_19zsb-q._.js:776
[  945622ms] [LOG] [Fast Refresh] done in 152ms @ http://localhost:3000/_next/static/chunks/0stj_next_dist_19zsb-q._.js:776
[  945698ms] [LOG] [Fast Refresh] done in 152ms @ http://localhost:3000/_next/static/chunks/0stj_next_dist_19zsb-q._.js:776
[  945775ms] [LOG] [Fast Refresh] done in 152ms @ http://localhost:3000/_next/static/chunks/0stj_next_dist_19zsb-q._.js:776
[  945852ms] [LOG] [Fast Refresh] done in 152ms @ http://localhost:3000/_next/static/chunks/0stj_next_dist_19zsb-q._.js:776
[  945929ms] [LOG] [Fast Refresh] done in 152ms @ http://localhost:3000/_next/static/chunks/0stj_next_dist_19zsb-q._.js:776
[  946008ms] [LOG] [Fast Refresh] done in 152ms @ http://localhost:3000/_next/static/chunks/0stj_next_dist_19zsb-q._.js:776
[  946085ms] [LOG] [Fast Refresh] done in 152ms @ http://localhost:3000/_next/static/chunks/0stj_next_dist_19zsb-q._.js:776
[  946164ms] [LOG] [Fast Refresh] done in 152ms @ http://localhost:3000/_next/static/chunks/0stj_next_dist_19zsb-q._.js:776
[  946241ms] [LOG] [Fast Refresh] done in 152ms @ http://localhost:3000/_next/static/chunks/0stj_next_dist_19zsb-q._.js:776
[  946319ms] [LOG] [Fast Refresh] done in 152ms @ http://localhost:3000/_next/static/chunks/0stj_next_dist_19zsb-q._.js:776
[  946381ms] [LOG] [Fast Refresh] done in 152ms @ http://localhost:3000/_next/static/chunks/0stj_next_dist_19zsb-q._.js:776
[  946444ms] [LOG] [Fast Refresh] done in 152ms @ http://localhost:3000/_next/static/chunks/0stj_next_dist_19zsb-q._.js:776
[  946522ms] [LOG] [Fast Refresh] done in 152ms @ http://localhost:3000/_next/static/chunks/0stj_next_dist_19zsb-q._.js:776
[  946599ms] [LOG] [Fast Refresh] done in 152ms @ http://localhost:3000/_next/static/chunks/0stj_next_dist_19zsb-q._.js:776
[  946676ms] [LOG] [Fast Refresh] done in 152ms @ http://localhost:3000/_next/static/chunks/0stj_next_dist_19zsb-q._.js:776
[  946754ms] [LOG] [Fast Refresh] done in 152ms @ http://localhost:3000/_next/static/chunks/0stj_next_dist_19zsb-q._.js:776
[  946817ms] [LOG] [Fast Refresh] done in 152ms @ http://localhost:3000/_next/static/chunks/0stj_next_dist_19zsb-q._.js:776
[  946879ms] [LOG] [Fast Refresh] done in 152ms @ http://localhost:3000/_next/static/chunks/0stj_next_dist_19zsb-q._.js:776
[  946958ms] [LOG] [Fast Refresh] done in 152ms @ http://localhost:3000/_next/static/chunks/0stj_next_dist_19zsb-q._.js:776
[  947020ms] [LOG] [Fast Refresh] done in 152ms @ http://localhost:3000/_next/static/chunks/0stj_next_dist_19zsb-q._.js:776
[  947081ms] [LOG] [Fast Refresh] done in 152ms @ http://localhost:3000/_next/static/chunks/0stj_next_dist_19zsb-q._.js:776
[  947144ms] [LOG] [Fast Refresh] done in 152ms @ http://localhost:3000/_next/static/chunks/0stj_next_dist_19zsb-q._.js:776
[  947205ms] [LOG] [Fast Refresh] done in 152ms @ http://localhost:3000/_next/static/chunks/0stj_next_dist_19zsb-q._.js:776
[  947269ms] [LOG] [Fast Refresh] done in 152ms @ http://localhost:3000/_next/static/chunks/0stj_next_dist_19zsb-q._.js:776
[  947331ms] [LOG] [Fast Refresh] done in 152ms @ http://localhost:3000/_next/static/chunks/0stj_next_dist_19zsb-q._.js:776
[  947392ms] [LOG] [Fast Refresh] done in 152ms @ http://localhost:3000/_next/static/chunks/0stj_next_dist_19zsb-q._.js:776
[  947470ms] [LOG] [Fast Refresh] done in 152ms @ http://localhost:3000/_next/static/chunks/0stj_next_dist_19zsb-q._.js:776
[  947548ms] [LOG] [Fast Refresh] done in 152ms @ http://localhost:3000/_next/static/chunks/0stj_next_dist_19zsb-q._.js:776
[  947610ms] [LOG] [Fast Refresh] done in 152ms @ http://localhost:3000/_next/static/chunks/0stj_next_dist_19zsb-q._.js:776
[  947673ms] [LOG] [Fast Refresh] done in 152ms @ http://localhost:3000/_next/static/chunks/0stj_next_dist_19zsb-q._.js:776
[  947737ms] [LOG] [Fast Refresh] done in 152ms @ http://localhost:3000/_next/static/chunks/0stj_next_dist_19zsb-q._.js:776
[  947814ms] [LOG] [Fast Refresh] done in 152ms @ http://localhost:3000/_next/static/chunks/0stj_next_dist_19zsb-q._.js:776
[  947875ms] [LOG] [Fast Refresh] done in 152ms @ http://localhost:3000/_next/static/chunks/0stj_next_dist_19zsb-q._.js:776
[  947938ms] [LOG] [Fast Refresh] done in 152ms @ http://localhost:3000/_next/static/chunks/0stj_next_dist_19zsb-q._.js:776
[  948001ms] [LOG] [Fast Refresh] done in 152ms @ http://localhost:3000/_next/static/chunks/0stj_next_dist_19zsb-q._.js:776
[  948064ms] [LOG] [Fast Refresh] done in 152ms @ http://localhost:3000/_next/static/chunks/0stj_next_dist_19zsb-q._.js:776
[  948141ms] [LOG] [Fast Refresh] done in 152ms @ http://localhost:3000/_next/static/chunks/0stj_next_dist_19zsb-q._.js:776
[  948203ms] [LOG] [Fast Refresh] done in 152ms @ http://localhost:3000/_next/static/chunks/0stj_next_dist_19zsb-q._.js:776
[ 1000562ms] [LOG] [Fast Refresh] rebuilding @ http://localhost:3000/_next/static/chunks/0stj_next_dist_19zsb-q._.js:776
[ 1000660ms] [LOG] [Fast Refresh] done in 117ms @ http://localhost:3000/_next/static/chunks/0stj_next_dist_19zsb-q._.js:776
[ 1000830ms] [LOG] [Fast Refresh] done in 117ms @ http://localhost:3000/_next/static/chunks/0stj_next_dist_19zsb-q._.js:776
[ 1000910ms] [LOG] [Fast Refresh] done in 117ms @ http://localhost:3000/_next/static/chunks/0stj_next_dist_19zsb-q._.js:776
[ 1000982ms] [LOG] [Fast Refresh] done in 117ms @ http://localhost:3000/_next/static/chunks/0stj_next_dist_19zsb-q._.js:776
[ 1001044ms] [LOG] [Fast Refresh] done in 117ms @ http://localhost:3000/_next/static/chunks/0stj_next_dist_19zsb-q._.js:776
[ 1001108ms] [LOG] [Fast Refresh] done in 117ms @ http://localhost:3000/_next/static/chunks/0stj_next_dist_19zsb-q._.js:776
[ 1001186ms] [LOG] [Fast Refresh] done in 117ms @ http://localhost:3000/_next/static/chunks/0stj_next_dist_19zsb-q._.js:776
[ 1001248ms] [LOG] [Fast Refresh] done in 117ms @ http://localhost:3000/_next/static/chunks/0stj_next_dist_19zsb-q._.js:776
[ 1001326ms] [LOG] [Fast Refresh] done in 117ms @ http://localhost:3000/_next/static/chunks/0stj_next_dist_19zsb-q._.js:776
[ 1001389ms] [LOG] [Fast Refresh] done in 117ms @ http://localhost:3000/_next/static/chunks/0stj_next_dist_19zsb-q._.js:776
[ 1001451ms] [LOG] [Fast Refresh] done in 117ms @ http://localhost:3000/_next/static/chunks/0stj_next_dist_19zsb-q._.js:776
[ 1001515ms] [LOG] [Fast Refresh] done in 117ms @ http://localhost:3000/_next/static/chunks/0stj_next_dist_19zsb-q._.js:776
[ 1001575ms] [LOG] [Fast Refresh] done in 117ms @ http://localhost:3000/_next/static/chunks/0stj_next_dist_19zsb-q._.js:776
[ 1001638ms] [LOG] [Fast Refresh] done in 117ms @ http://localhost:3000/_next/static/chunks/0stj_next_dist_19zsb-q._.js:776
[ 1001701ms] [LOG] [Fast Refresh] done in 117ms @ http://localhost:3000/_next/static/chunks/0stj_next_dist_19zsb-q._.js:776
[ 1001765ms] [LOG] [Fast Refresh] done in 117ms @ http://localhost:3000/_next/static/chunks/0stj_next_dist_19zsb-q._.js:776
[ 1001829ms] [LOG] [Fast Refresh] done in 117ms @ http://localhost:3000/_next/static/chunks/0stj_next_dist_19zsb-q._.js:776
[ 1001892ms] [LOG] [Fast Refresh] done in 117ms @ http://localhost:3000/_next/static/chunks/0stj_next_dist_19zsb-q._.js:776
[ 1001955ms] [LOG] [Fast Refresh] done in 117ms @ http://localhost:3000/_next/static/chunks/0stj_next_dist_19zsb-q._.js:776
[ 1002019ms] [LOG] [Fast Refresh] done in 117ms @ http://localhost:3000/_next/static/chunks/0stj_next_dist_19zsb-q._.js:776
[ 1002083ms] [LOG] [Fast Refresh] done in 117ms @ http://localhost:3000/_next/static/chunks/0stj_next_dist_19zsb-q._.js:776
[ 1002147ms] [LOG] [Fast Refresh] done in 117ms @ http://localhost:3000/_next/static/chunks/0stj_next_dist_19zsb-q._.js:776
[ 1002208ms] [LOG] [Fast Refresh] done in 117ms @ http://localhost:3000/_next/static/chunks/0stj_next_dist_19zsb-q._.js:776
[ 1002268ms] [LOG] [Fast Refresh] done in 117ms @ http://localhost:3000/_next/static/chunks/0stj_next_dist_19zsb-q._.js:776
[ 1002330ms] [LOG] [Fast Refresh] done in 117ms @ http://localhost:3000/_next/static/chunks/0stj_next_dist_19zsb-q._.js:776
[ 1002394ms] [LOG] [Fast Refresh] done in 117ms @ http://localhost:3000/_next/static/chunks/0stj_next_dist_19zsb-q._.js:776
[ 1002456ms] [LOG] [Fast Refresh] done in 117ms @ http://localhost:3000/_next/static/chunks/0stj_next_dist_19zsb-q._.js:776
[ 1002518ms] [LOG] [Fast Refresh] done in 117ms @ http://localhost:3000/_next/static/chunks/0stj_next_dist_19zsb-q._.js:776
[ 1002582ms] [LOG] [Fast Refresh] done in 117ms @ http://localhost:3000/_next/static/chunks/0stj_next_dist_19zsb-q._.js:776
[ 1002660ms] [LOG] [Fast Refresh] done in 117ms @ http://localhost:3000/_next/static/chunks/0stj_next_dist_19zsb-q._.js:776
[ 1002722ms] [LOG] [Fast Refresh] done in 117ms @ http://localhost:3000/_next/static/chunks/0stj_next_dist_19zsb-q._.js:776
[ 1002800ms] [LOG] [Fast Refresh] done in 117ms @ http://localhost:3000/_next/static/chunks/0stj_next_dist_19zsb-q._.js:776
[ 1002863ms] [LOG] [Fast Refresh] done in 117ms @ http://localhost:3000/_next/static/chunks/0stj_next_dist_19zsb-q._.js:776
[ 1002940ms] [LOG] [Fast Refresh] done in 117ms @ http://localhost:3000/_next/static/chunks/0stj_next_dist_19zsb-q._.js:776
[ 1003002ms] [LOG] [Fast Refresh] done in 117ms @ http://localhost:3000/_next/static/chunks/0stj_next_dist_19zsb-q._.js:776
[ 1003063ms] [LOG] [Fast Refresh] done in 117ms @ http://localhost:3000/_next/static/chunks/0stj_next_dist_19zsb-q._.js:776
[ 1003127ms] [LOG] [Fast Refresh] done in 117ms @ http://localhost:3000/_next/static/chunks/0stj_next_dist_19zsb-q._.js:776
[ 1003190ms] [LOG] [Fast Refresh] done in 117ms @ http://localhost:3000/_next/static/chunks/0stj_next_dist_19zsb-q._.js:776
[ 1003253ms] [LOG] [Fast Refresh] done in 117ms @ http://localhost:3000/_next/static/chunks/0stj_next_dist_19zsb-q._.js:776
[ 1003315ms] [LOG] [Fast Refresh] done in 117ms @ http://localhost:3000/_next/static/chunks/0stj_next_dist_19zsb-q._.js:776
[ 1003377ms] [LOG] [Fast Refresh] done in 117ms @ http://localhost:3000/_next/static/chunks/0stj_next_dist_19zsb-q._.js:776
[ 1003440ms] [LOG] [Fast Refresh] done in 117ms @ http://localhost:3000/_next/static/chunks/0stj_next_dist_19zsb-q._.js:776
[ 1003519ms] [LOG] [Fast Refresh] done in 117ms @ http://localhost:3000/_next/static/chunks/0stj_next_dist_19zsb-q._.js:776
[ 1003582ms] [LOG] [Fast Refresh] done in 117ms @ http://localhost:3000/_next/static/chunks/0stj_next_dist_19zsb-q._.js:776
[ 1003645ms] [LOG] [Fast Refresh] done in 117ms @ http://localhost:3000/_next/static/chunks/0stj_next_dist_19zsb-q._.js:776
[ 1003707ms] [LOG] [Fast Refresh] done in 117ms @ http://localhost:3000/_next/static/chunks/0stj_next_dist_19zsb-q._.js:776
[ 1003770ms] [LOG] [Fast Refresh] done in 117ms @ http://localhost:3000/_next/static/chunks/0stj_next_dist_19zsb-q._.js:776
[ 1003833ms] [LOG] [Fast Refresh] done in 117ms @ http://localhost:3000/_next/static/chunks/0stj_next_dist_19zsb-q._.js:776
[ 1003896ms] [LOG] [Fast Refresh] done in 117ms @ http://localhost:3000/_next/static/chunks/0stj_next_dist_19zsb-q._.js:776
[ 1003958ms] [LOG] [Fast Refresh] done in 117ms @ http://localhost:3000/_next/static/chunks/0stj_next_dist_19zsb-q._.js:776
[ 1004019ms] [LOG] [Fast Refresh] done in 117ms @ http://localhost:3000/_next/static/chunks/0stj_next_dist_19zsb-q._.js:776
[ 1004083ms] [LOG] [Fast Refresh] done in 117ms @ http://localhost:3000/_next/static/chunks/0stj_next_dist_19zsb-q._.js:776
[ 1004145ms] [LOG] [Fast Refresh] done in 117ms @ http://localhost:3000/_next/static/chunks/0stj_next_dist_19zsb-q._.js:776
[ 1004222ms] [LOG] [Fast Refresh] done in 117ms @ http://localhost:3000/_next/static/chunks/0stj_next_dist_19zsb-q._.js:776
[ 1004300ms] [LOG] [Fast Refresh] done in 117ms @ http://localhost:3000/_next/static/chunks/0stj_next_dist_19zsb-q._.js:776
[ 1004376ms] [LOG] [Fast Refresh] done in 117ms @ http://localhost:3000/_next/static/chunks/0stj_next_dist_19zsb-q._.js:776
[ 1004456ms] [LOG] [Fast Refresh] done in 117ms @ http://localhost:3000/_next/static/chunks/0stj_next_dist_19zsb-q._.js:776
[ 1004532ms] [LOG] [Fast Refresh] done in 117ms @ http://localhost:3000/_next/static/chunks/0stj_next_dist_19zsb-q._.js:776
[ 1004610ms] [LOG] [Fast Refresh] done in 117ms @ http://localhost:3000/_next/static/chunks/0stj_next_dist_19zsb-q._.js:776
[ 1004688ms] [LOG] [Fast Refresh] done in 117ms @ http://localhost:3000/_next/static/chunks/0stj_next_dist_19zsb-q._.js:776
[ 1004765ms] [LOG] [Fast Refresh] done in 117ms @ http://localhost:3000/_next/static/chunks/0stj_next_dist_19zsb-q._.js:776
[ 1004845ms] [LOG] [Fast Refresh] done in 117ms @ http://localhost:3000/_next/static/chunks/0stj_next_dist_19zsb-q._.js:776
[ 1004922ms] [LOG] [Fast Refresh] done in 117ms @ http://localhost:3000/_next/static/chunks/0stj_next_dist_19zsb-q._.js:776
[ 1004985ms] [LOG] [Fast Refresh] done in 117ms @ http://localhost:3000/_next/static/chunks/0stj_next_dist_19zsb-q._.js:776
[ 1005063ms] [LOG] [Fast Refresh] done in 117ms @ http://localhost:3000/_next/static/chunks/0stj_next_dist_19zsb-q._.js:776
[ 1005125ms] [LOG] [Fast Refresh] done in 117ms @ http://localhost:3000/_next/static/chunks/0stj_next_dist_19zsb-q._.js:776
[ 1005202ms] [LOG] [Fast Refresh] done in 117ms @ http://localhost:3000/_next/static/chunks/0stj_next_dist_19zsb-q._.js:776
[ 1005265ms] [LOG] [Fast Refresh] done in 117ms @ http://localhost:3000/_next/static/chunks/0stj_next_dist_19zsb-q._.js:776
[ 1005328ms] [LOG] [Fast Refresh] done in 117ms @ http://localhost:3000/_next/static/chunks/0stj_next_dist_19zsb-q._.js:776
[ 1005391ms] [LOG] [Fast Refresh] done in 117ms @ http://localhost:3000/_next/static/chunks/0stj_next_dist_19zsb-q._.js:776
[ 1005469ms] [LOG] [Fast Refresh] done in 117ms @ http://localhost:3000/_next/static/chunks/0stj_next_dist_19zsb-q._.js:776
[ 1005532ms] [LOG] [Fast Refresh] done in 117ms @ http://localhost:3000/_next/static/chunks/0stj_next_dist_19zsb-q._.js:776
[ 1005612ms] [LOG] [Fast Refresh] done in 117ms @ http://localhost:3000/_next/static/chunks/0stj_next_dist_19zsb-q._.js:776
[ 1005675ms] [LOG] [Fast Refresh] done in 117ms @ http://localhost:3000/_next/static/chunks/0stj_next_dist_19zsb-q._.js:776
[ 1005753ms] [LOG] [Fast Refresh] done in 117ms @ http://localhost:3000/_next/static/chunks/0stj_next_dist_19zsb-q._.js:776
[ 1005816ms] [LOG] [Fast Refresh] done in 117ms @ http://localhost:3000/_next/static/chunks/0stj_next_dist_19zsb-q._.js:776
[ 1005878ms] [LOG] [Fast Refresh] done in 117ms @ http://localhost:3000/_next/static/chunks/0stj_next_dist_19zsb-q._.js:776
[ 1005955ms] [LOG] [Fast Refresh] done in 117ms @ http://localhost:3000/_next/static/chunks/0stj_next_dist_19zsb-q._.js:776
[ 1006033ms] [LOG] [Fast Refresh] done in 117ms @ http://localhost:3000/_next/static/chunks/0stj_next_dist_19zsb-q._.js:776
[ 1006110ms] [LOG] [Fast Refresh] done in 117ms @ http://localhost:3000/_next/static/chunks/0stj_next_dist_19zsb-q._.js:776
[ 1006189ms] [LOG] [Fast Refresh] done in 117ms @ http://localhost:3000/_next/static/chunks/0stj_next_dist_19zsb-q._.js:776
[ 1006252ms] [LOG] [Fast Refresh] done in 117ms @ http://localhost:3000/_next/static/chunks/0stj_next_dist_19zsb-q._.js:776
[ 1006330ms] [LOG] [Fast Refresh] done in 117ms @ http://localhost:3000/_next/static/chunks/0stj_next_dist_19zsb-q._.js:776
[ 1006408ms] [LOG] [Fast Refresh] done in 117ms @ http://localhost:3000/_next/static/chunks/0stj_next_dist_19zsb-q._.js:776
[ 1006470ms] [LOG] [Fast Refresh] done in 117ms @ http://localhost:3000/_next/static/chunks/0stj_next_dist_19zsb-q._.js:776
[ 1006532ms] [LOG] [Fast Refresh] done in 117ms @ http://localhost:3000/_next/static/chunks/0stj_next_dist_19zsb-q._.js:776
[ 1006595ms] [LOG] [Fast Refresh] done in 117ms @ http://localhost:3000/_next/static/chunks/0stj_next_dist_19zsb-q._.js:776
[ 1006657ms] [LOG] [Fast Refresh] done in 117ms @ http://localhost:3000/_next/static/chunks/0stj_next_dist_19zsb-q._.js:776
[ 1006720ms] [LOG] [Fast Refresh] done in 117ms @ http://localhost:3000/_next/static/chunks/0stj_next_dist_19zsb-q._.js:776
[ 1006782ms] [LOG] [Fast Refresh] done in 117ms @ http://localhost:3000/_next/static/chunks/0stj_next_dist_19zsb-q._.js:776
[ 1006845ms] [LOG] [Fast Refresh] done in 117ms @ http://localhost:3000/_next/static/chunks/0stj_next_dist_19zsb-q._.js:776
[ 1006922ms] [LOG] [Fast Refresh] done in 117ms @ http://localhost:3000/_next/static/chunks/0stj_next_dist_19zsb-q._.js:776
[ 1006987ms] [LOG] [Fast Refresh] done in 117ms @ http://localhost:3000/_next/static/chunks/0stj_next_dist_19zsb-q._.js:776
[ 1007047ms] [LOG] [Fast Refresh] done in 117ms @ http://localhost:3000/_next/static/chunks/0stj_next_dist_19zsb-q._.js:776
[ 1007111ms] [LOG] [Fast Refresh] done in 117ms @ http://localhost:3000/_next/static/chunks/0stj_next_dist_19zsb-q._.js:776
[ 1007175ms] [LOG] [Fast Refresh] done in 117ms @ http://localhost:3000/_next/static/chunks/0stj_next_dist_19zsb-q._.js:776
[ 1007237ms] [LOG] [Fast Refresh] done in 117ms @ http://localhost:3000/_next/static/chunks/0stj_next_dist_19zsb-q._.js:776
[ 1007300ms] [LOG] [Fast Refresh] done in 117ms @ http://localhost:3000/_next/static/chunks/0stj_next_dist_19zsb-q._.js:776
[ 1007363ms] [LOG] [Fast Refresh] done in 117ms @ http://localhost:3000/_next/static/chunks/0stj_next_dist_19zsb-q._.js:776
[ 1007424ms] [LOG] [Fast Refresh] done in 117ms @ http://localhost:3000/_next/static/chunks/0stj_next_dist_19zsb-q._.js:776
[ 1007486ms] [LOG] [Fast Refresh] done in 117ms @ http://localhost:3000/_next/static/chunks/0stj_next_dist_19zsb-q._.js:776
[ 1007550ms] [LOG] [Fast Refresh] done in 117ms @ http://localhost:3000/_next/static/chunks/0stj_next_dist_19zsb-q._.js:776
[ 1007613ms] [LOG] [Fast Refresh] done in 117ms @ http://localhost:3000/_next/static/chunks/0stj_next_dist_19zsb-q._.js:776
[ 1007677ms] [LOG] [Fast Refresh] done in 117ms @ http://localhost:3000/_next/static/chunks/0stj_next_dist_19zsb-q._.js:776
[ 1007756ms] [LOG] [Fast Refresh] done in 117ms @ http://localhost:3000/_next/static/chunks/0stj_next_dist_19zsb-q._.js:776
[ 1007817ms] [LOG] [Fast Refresh] done in 117ms @ http://localhost:3000/_next/static/chunks/0stj_next_dist_19zsb-q._.js:776
[ 1007881ms] [LOG] [Fast Refresh] done in 117ms @ http://localhost:3000/_next/static/chunks/0stj_next_dist_19zsb-q._.js:776
[ 1007959ms] [LOG] [Fast Refresh] done in 117ms @ http://localhost:3000/_next/static/chunks/0stj_next_dist_19zsb-q._.js:776
[ 1008036ms] [LOG] [Fast Refresh] done in 117ms @ http://localhost:3000/_next/static/chunks/0stj_next_dist_19zsb-q._.js:776
[ 1008099ms] [LOG] [Fast Refresh] done in 117ms @ http://localhost:3000/_next/static/chunks/0stj_next_dist_19zsb-q._.js:776
[ 1008162ms] [LOG] [Fast Refresh] done in 117ms @ http://localhost:3000/_next/static/chunks/0stj_next_dist_19zsb-q._.js:776
[ 1008241ms] [LOG] [Fast Refresh] done in 117ms @ http://localhost:3000/_next/static/chunks/0stj_next_dist_19zsb-q._.js:776
[ 1008301ms] [LOG] [Fast Refresh] done in 117ms @ http://localhost:3000/_next/static/chunks/0stj_next_dist_19zsb-q._.js:776
[ 1008362ms] [LOG] [Fast Refresh] done in 117ms @ http://localhost:3000/_next/static/chunks/0stj_next_dist_19zsb-q._.js:776
[ 1008423ms] [LOG] [Fast Refresh] done in 117ms @ http://localhost:3000/_next/static/chunks/0stj_next_dist_19zsb-q._.js:776
[ 1008485ms] [LOG] [Fast Refresh] done in 117ms @ http://localhost:3000/_next/static/chunks/0stj_next_dist_19zsb-q._.js:776
[ 1008548ms] [LOG] [Fast Refresh] done in 117ms @ http://localhost:3000/_next/static/chunks/0stj_next_dist_19zsb-q._.js:776
[ 1008611ms] [LOG] [Fast Refresh] done in 117ms @ http://localhost:3000/_next/static/chunks/0stj_next_dist_19zsb-q._.js:776
[ 1008674ms] [LOG] [Fast Refresh] done in 117ms @ http://localhost:3000/_next/static/chunks/0stj_next_dist_19zsb-q._.js:776
[ 1008736ms] [LOG] [Fast Refresh] done in 117ms @ http://localhost:3000/_next/static/chunks/0stj_next_dist_19zsb-q._.js:776
[ 1008799ms] [LOG] [Fast Refresh] done in 117ms @ http://localhost:3000/_next/static/chunks/0stj_next_dist_19zsb-q._.js:776
[ 1008875ms] [LOG] [Fast Refresh] done in 117ms @ http://localhost:3000/_next/static/chunks/0stj_next_dist_19zsb-q._.js:776
[ 1008953ms] [LOG] [Fast Refresh] done in 117ms @ http://localhost:3000/_next/static/chunks/0stj_next_dist_19zsb-q._.js:776
[ 1009030ms] [LOG] [Fast Refresh] done in 117ms @ http://localhost:3000/_next/static/chunks/0stj_next_dist_19zsb-q._.js:776
[ 1009109ms] [LOG] [Fast Refresh] done in 117ms @ http://localhost:3000/_next/static/chunks/0stj_next_dist_19zsb-q._.js:776
[ 1009185ms] [LOG] [Fast Refresh] done in 117ms @ http://localhost:3000/_next/static/chunks/0stj_next_dist_19zsb-q._.js:776
[ 1009263ms] [LOG] [Fast Refresh] done in 117ms @ http://localhost:3000/_next/static/chunks/0stj_next_dist_19zsb-q._.js:776
[ 1009326ms] [LOG] [Fast Refresh] done in 117ms @ http://localhost:3000/_next/static/chunks/0stj_next_dist_19zsb-q._.js:776
[ 1009403ms] [LOG] [Fast Refresh] done in 117ms @ http://localhost:3000/_next/static/chunks/0stj_next_dist_19zsb-q._.js:776
[ 1009483ms] [LOG] [Fast Refresh] done in 117ms @ http://localhost:3000/_next/static/chunks/0stj_next_dist_19zsb-q._.js:776
[ 1009561ms] [LOG] [Fast Refresh] done in 117ms @ http://localhost:3000/_next/static/chunks/0stj_next_dist_19zsb-q._.js:776
[ 1009639ms] [LOG] [Fast Refresh] done in 117ms @ http://localhost:3000/_next/static/chunks/0stj_next_dist_19zsb-q._.js:776
[ 1009716ms] [LOG] [Fast Refresh] done in 117ms @ http://localhost:3000/_next/static/chunks/0stj_next_dist_19zsb-q._.js:776
[ 1009795ms] [LOG] [Fast Refresh] done in 117ms @ http://localhost:3000/_next/static/chunks/0stj_next_dist_19zsb-q._.js:776
[ 1009873ms] [LOG] [Fast Refresh] done in 117ms @ http://localhost:3000/_next/static/chunks/0stj_next_dist_19zsb-q._.js:776
[ 1009951ms] [LOG] [Fast Refresh] done in 117ms @ http://localhost:3000/_next/static/chunks/0stj_next_dist_19zsb-q._.js:776
[ 1010030ms] [LOG] [Fast Refresh] done in 117ms @ http://localhost:3000/_next/static/chunks/0stj_next_dist_19zsb-q._.js:776
[ 1010107ms] [LOG] [Fast Refresh] done in 117ms @ http://localhost:3000/_next/static/chunks/0stj_next_dist_19zsb-q._.js:776
[ 1010186ms] [LOG] [Fast Refresh] done in 117ms @ http://localhost:3000/_next/static/chunks/0stj_next_dist_19zsb-q._.js:776
[ 1010263ms] [LOG] [Fast Refresh] done in 117ms @ http://localhost:3000/_next/static/chunks/0stj_next_dist_19zsb-q._.js:776
[ 1010342ms] [LOG] [Fast Refresh] done in 117ms @ http://localhost:3000/_next/static/chunks/0stj_next_dist_19zsb-q._.js:776
[ 1010419ms] [LOG] [Fast Refresh] done in 117ms @ http://localhost:3000/_next/static/chunks/0stj_next_dist_19zsb-q._.js:776
[ 1010498ms] [LOG] [Fast Refresh] done in 117ms @ http://localhost:3000/_next/static/chunks/0stj_next_dist_19zsb-q._.js:776
[ 1010576ms] [LOG] [Fast Refresh] done in 117ms @ http://localhost:3000/_next/static/chunks/0stj_next_dist_19zsb-q._.js:776
[ 1010654ms] [LOG] [Fast Refresh] done in 117ms @ http://localhost:3000/_next/static/chunks/0stj_next_dist_19zsb-q._.js:776
[ 1010733ms] [LOG] [Fast Refresh] done in 117ms @ http://localhost:3000/_next/static/chunks/0stj_next_dist_19zsb-q._.js:776
[ 1010810ms] [LOG] [Fast Refresh] done in 117ms @ http://localhost:3000/_next/static/chunks/0stj_next_dist_19zsb-q._.js:776
[ 1010889ms] [LOG] [Fast Refresh] done in 117ms @ http://localhost:3000/_next/static/chunks/0stj_next_dist_19zsb-q._.js:776
[ 1010968ms] [LOG] [Fast Refresh] done in 117ms @ http://localhost:3000/_next/static/chunks/0stj_next_dist_19zsb-q._.js:776
[ 1011045ms] [LOG] [Fast Refresh] done in 117ms @ http://localhost:3000/_next/static/chunks/0stj_next_dist_19zsb-q._.js:776
[ 1011123ms] [LOG] [Fast Refresh] done in 117ms @ http://localhost:3000/_next/static/chunks/0stj_next_dist_19zsb-q._.js:776
[ 1011200ms] [LOG] [Fast Refresh] done in 117ms @ http://localhost:3000/_next/static/chunks/0stj_next_dist_19zsb-q._.js:776
[ 1011280ms] [LOG] [Fast Refresh] done in 117ms @ http://localhost:3000/_next/static/chunks/0stj_next_dist_19zsb-q._.js:776
[ 1011343ms] [LOG] [Fast Refresh] done in 117ms @ http://localhost:3000/_next/static/chunks/0stj_next_dist_19zsb-q._.js:776
[ 1011421ms] [LOG] [Fast Refresh] done in 117ms @ http://localhost:3000/_next/static/chunks/0stj_next_dist_19zsb-q._.js:776
[ 1011485ms] [LOG] [Fast Refresh] done in 117ms @ http://localhost:3000/_next/static/chunks/0stj_next_dist_19zsb-q._.js:776
[ 1011562ms] [LOG] [Fast Refresh] done in 117ms @ http://localhost:3000/_next/static/chunks/0stj_next_dist_19zsb-q._.js:776
[ 1011626ms] [LOG] [Fast Refresh] done in 117ms @ http://localhost:3000/_next/static/chunks/0stj_next_dist_19zsb-q._.js:776
[ 1011704ms] [LOG] [Fast Refresh] done in 117ms @ http://localhost:3000/_next/static/chunks/0stj_next_dist_19zsb-q._.js:776
[ 1011767ms] [LOG] [Fast Refresh] done in 117ms @ http://localhost:3000/_next/static/chunks/0stj_next_dist_19zsb-q._.js:776
[ 1011844ms] [LOG] [Fast Refresh] done in 117ms @ http://localhost:3000/_next/static/chunks/0stj_next_dist_19zsb-q._.js:776
[ 1011906ms] [LOG] [Fast Refresh] done in 117ms @ http://localhost:3000/_next/static/chunks/0stj_next_dist_19zsb-q._.js:776
[ 1011985ms] [LOG] [Fast Refresh] done in 117ms @ http://localhost:3000/_next/static/chunks/0stj_next_dist_19zsb-q._.js:776
[ 1012048ms] [LOG] [Fast Refresh] done in 117ms @ http://localhost:3000/_next/static/chunks/0stj_next_dist_19zsb-q._.js:776
[ 1012127ms] [LOG] [Fast Refresh] done in 117ms @ http://localhost:3000/_next/static/chunks/0stj_next_dist_19zsb-q._.js:776
[ 1012207ms] [LOG] [Fast Refresh] done in 117ms @ http://localhost:3000/_next/static/chunks/0stj_next_dist_19zsb-q._.js:776
[ 1012285ms] [LOG] [Fast Refresh] done in 117ms @ http://localhost:3000/_next/static/chunks/0stj_next_dist_19zsb-q._.js:776
[ 1012364ms] [LOG] [Fast Refresh] done in 117ms @ http://localhost:3000/_next/static/chunks/0stj_next_dist_19zsb-q._.js:776
[ 1012443ms] [LOG] [Fast Refresh] done in 117ms @ http://localhost:3000/_next/static/chunks/0stj_next_dist_19zsb-q._.js:776
[ 1012519ms] [LOG] [Fast Refresh] done in 117ms @ http://localhost:3000/_next/static/chunks/0stj_next_dist_19zsb-q._.js:776
[ 1012596ms] [LOG] [Fast Refresh] done in 117ms @ http://localhost:3000/_next/static/chunks/0stj_next_dist_19zsb-q._.js:776
[ 1012675ms] [LOG] [Fast Refresh] done in 117ms @ http://localhost:3000/_next/static/chunks/0stj_next_dist_19zsb-q._.js:776
[ 1012753ms] [LOG] [Fast Refresh] done in 117ms @ http://localhost:3000/_next/static/chunks/0stj_next_dist_19zsb-q._.js:776
[ 1012830ms] [LOG] [Fast Refresh] done in 117ms @ http://localhost:3000/_next/static/chunks/0stj_next_dist_19zsb-q._.js:776
[ 1012908ms] [LOG] [Fast Refresh] done in 117ms @ http://localhost:3000/_next/static/chunks/0stj_next_dist_19zsb-q._.js:776
[ 1012985ms] [LOG] [Fast Refresh] done in 117ms @ http://localhost:3000/_next/static/chunks/0stj_next_dist_19zsb-q._.js:776
[ 1013062ms] [LOG] [Fast Refresh] done in 117ms @ http://localhost:3000/_next/static/chunks/0stj_next_dist_19zsb-q._.js:776
[ 1013125ms] [LOG] [Fast Refresh] done in 117ms @ http://localhost:3000/_next/static/chunks/0stj_next_dist_19zsb-q._.js:776
[ 1013187ms] [LOG] [Fast Refresh] done in 117ms @ http://localhost:3000/_next/static/chunks/0stj_next_dist_19zsb-q._.js:776
[ 1013264ms] [LOG] [Fast Refresh] done in 117ms @ http://localhost:3000/_next/static/chunks/0stj_next_dist_19zsb-q._.js:776
[ 1013341ms] [LOG] [Fast Refresh] done in 117ms @ http://localhost:3000/_next/static/chunks/0stj_next_dist_19zsb-q._.js:776
[ 1013418ms] [LOG] [Fast Refresh] done in 117ms @ http://localhost:3000/_next/static/chunks/0stj_next_dist_19zsb-q._.js:776
[ 1013496ms] [LOG] [Fast Refresh] done in 117ms @ http://localhost:3000/_next/static/chunks/0stj_next_dist_19zsb-q._.js:776
[ 1013574ms] [LOG] [Fast Refresh] done in 117ms @ http://localhost:3000/_next/static/chunks/0stj_next_dist_19zsb-q._.js:776
[ 1013651ms] [LOG] [Fast Refresh] done in 117ms @ http://localhost:3000/_next/static/chunks/0stj_next_dist_19zsb-q._.js:776
[ 1013729ms] [LOG] [Fast Refresh] done in 117ms @ http://localhost:3000/_next/static/chunks/0stj_next_dist_19zsb-q._.js:776
[ 1013807ms] [LOG] [Fast Refresh] done in 117ms @ http://localhost:3000/_next/static/chunks/0stj_next_dist_19zsb-q._.js:776
[ 1013885ms] [LOG] [Fast Refresh] done in 117ms @ http://localhost:3000/_next/static/chunks/0stj_next_dist_19zsb-q._.js:776
[ 1013964ms] [LOG] [Fast Refresh] done in 117ms @ http://localhost:3000/_next/static/chunks/0stj_next_dist_19zsb-q._.js:776
[ 1014044ms] [LOG] [Fast Refresh] done in 117ms @ http://localhost:3000/_next/static/chunks/0stj_next_dist_19zsb-q._.js:776
[ 1014122ms] [LOG] [Fast Refresh] done in 117ms @ http://localhost:3000/_next/static/chunks/0stj_next_dist_19zsb-q._.js:776
[ 1014202ms] [LOG] [Fast Refresh] done in 117ms @ http://localhost:3000/_next/static/chunks/0stj_next_dist_19zsb-q._.js:776
[ 1014279ms] [LOG] [Fast Refresh] done in 117ms @ http://localhost:3000/_next/static/chunks/0stj_next_dist_19zsb-q._.js:776
[ 1014356ms] [LOG] [Fast Refresh] done in 117ms @ http://localhost:3000/_next/static/chunks/0stj_next_dist_19zsb-q._.js:776
[ 1014434ms] [LOG] [Fast Refresh] done in 117ms @ http://localhost:3000/_next/static/chunks/0stj_next_dist_19zsb-q._.js:776
[ 1014511ms] [LOG] [Fast Refresh] done in 117ms @ http://localhost:3000/_next/static/chunks/0stj_next_dist_19zsb-q._.js:776
[ 1014589ms] [LOG] [Fast Refresh] done in 117ms @ http://localhost:3000/_next/static/chunks/0stj_next_dist_19zsb-q._.js:776
[ 1014653ms] [LOG] [Fast Refresh] done in 117ms @ http://localhost:3000/_next/static/chunks/0stj_next_dist_19zsb-q._.js:776
[ 1014730ms] [LOG] [Fast Refresh] done in 117ms @ http://localhost:3000/_next/static/chunks/0stj_next_dist_19zsb-q._.js:776
[ 1014806ms] [LOG] [Fast Refresh] done in 117ms @ http://localhost:3000/_next/static/chunks/0stj_next_dist_19zsb-q._.js:776
[ 1014868ms] [LOG] [Fast Refresh] done in 117ms @ http://localhost:3000/_next/static/chunks/0stj_next_dist_19zsb-q._.js:776
[ 1014946ms] [LOG] [Fast Refresh] done in 117ms @ http://localhost:3000/_next/static/chunks/0stj_next_dist_19zsb-q._.js:776
[ 1015010ms] [LOG] [Fast Refresh] done in 117ms @ http://localhost:3000/_next/static/chunks/0stj_next_dist_19zsb-q._.js:776
[ 1015089ms] [LOG] [Fast Refresh] done in 117ms @ http://localhost:3000/_next/static/chunks/0stj_next_dist_19zsb-q._.js:776
[ 1015151ms] [LOG] [Fast Refresh] done in 117ms @ http://localhost:3000/_next/static/chunks/0stj_next_dist_19zsb-q._.js:776
[ 1015212ms] [LOG] [Fast Refresh] done in 117ms @ http://localhost:3000/_next/static/chunks/0stj_next_dist_19zsb-q._.js:776
[ 1015273ms] [LOG] [Fast Refresh] done in 117ms @ http://localhost:3000/_next/static/chunks/0stj_next_dist_19zsb-q._.js:776
[ 1015336ms] [LOG] [Fast Refresh] done in 117ms @ http://localhost:3000/_next/static/chunks/0stj_next_dist_19zsb-q._.js:776
[ 1015398ms] [LOG] [Fast Refresh] done in 117ms @ http://localhost:3000/_next/static/chunks/0stj_next_dist_19zsb-q._.js:776
[ 1015475ms] [LOG] [Fast Refresh] done in 117ms @ http://localhost:3000/_next/static/chunks/0stj_next_dist_19zsb-q._.js:776
[ 1015538ms] [LOG] [Fast Refresh] done in 117ms @ http://localhost:3000/_next/static/chunks/0stj_next_dist_19zsb-q._.js:776
[ 1015600ms] [LOG] [Fast Refresh] done in 117ms @ http://localhost:3000/_next/static/chunks/0stj_next_dist_19zsb-q._.js:776
[ 1015662ms] [LOG] [Fast Refresh] done in 117ms @ http://localhost:3000/_next/static/chunks/0stj_next_dist_19zsb-q._.js:776
[ 1015740ms] [LOG] [Fast Refresh] done in 117ms @ http://localhost:3000/_next/static/chunks/0stj_next_dist_19zsb-q._.js:776
[ 1015802ms] [LOG] [Fast Refresh] done in 117ms @ http://localhost:3000/_next/static/chunks/0stj_next_dist_19zsb-q._.js:776
[ 1015865ms] [LOG] [Fast Refresh] done in 117ms @ http://localhost:3000/_next/static/chunks/0stj_next_dist_19zsb-q._.js:776
[ 1015928ms] [LOG] [Fast Refresh] done in 117ms @ http://localhost:3000/_next/static/chunks/0stj_next_dist_19zsb-q._.js:776
[ 1015990ms] [LOG] [Fast Refresh] done in 117ms @ http://localhost:3000/_next/static/chunks/0stj_next_dist_19zsb-q._.js:776
[ 1016053ms] [LOG] [Fast Refresh] done in 117ms @ http://localhost:3000/_next/static/chunks/0stj_next_dist_19zsb-q._.js:776
[ 1016119ms] [LOG] [Fast Refresh] done in 117ms @ http://localhost:3000/_next/static/chunks/0stj_next_dist_19zsb-q._.js:776
[ 1016179ms] [LOG] [Fast Refresh] done in 117ms @ http://localhost:3000/_next/static/chunks/0stj_next_dist_19zsb-q._.js:776
[ 1016242ms] [LOG] [Fast Refresh] done in 117ms @ http://localhost:3000/_next/static/chunks/0stj_next_dist_19zsb-q._.js:776
[ 1016321ms] [LOG] [Fast Refresh] done in 117ms @ http://localhost:3000/_next/static/chunks/0stj_next_dist_19zsb-q._.js:776
[ 1016383ms] [LOG] [Fast Refresh] done in 117ms @ http://localhost:3000/_next/static/chunks/0stj_next_dist_19zsb-q._.js:776
[ 1016445ms] [LOG] [Fast Refresh] done in 117ms @ http://localhost:3000/_next/static/chunks/0stj_next_dist_19zsb-q._.js:776
[ 1016507ms] [LOG] [Fast Refresh] done in 117ms @ http://localhost:3000/_next/static/chunks/0stj_next_dist_19zsb-q._.js:776
[ 1016571ms] [LOG] [Fast Refresh] done in 117ms @ http://localhost:3000/_next/static/chunks/0stj_next_dist_19zsb-q._.js:776
[ 1016634ms] [LOG] [Fast Refresh] done in 117ms @ http://localhost:3000/_next/static/chunks/0stj_next_dist_19zsb-q._.js:776
[ 1016697ms] [LOG] [Fast Refresh] done in 117ms @ http://localhost:3000/_next/static/chunks/0stj_next_dist_19zsb-q._.js:776
[ 1016774ms] [LOG] [Fast Refresh] done in 117ms @ http://localhost:3000/_next/static/chunks/0stj_next_dist_19zsb-q._.js:776
[ 1016852ms] [LOG] [Fast Refresh] done in 117ms @ http://localhost:3000/_next/static/chunks/0stj_next_dist_19zsb-q._.js:776
[ 1016914ms] [LOG] [Fast Refresh] done in 117ms @ http://localhost:3000/_next/static/chunks/0stj_next_dist_19zsb-q._.js:776
[ 1016977ms] [LOG] [Fast Refresh] done in 117ms @ http://localhost:3000/_next/static/chunks/0stj_next_dist_19zsb-q._.js:776
[ 1017040ms] [LOG] [Fast Refresh] done in 117ms @ http://localhost:3000/_next/static/chunks/0stj_next_dist_19zsb-q._.js:776
[ 1017102ms] [LOG] [Fast Refresh] done in 117ms @ http://localhost:3000/_next/static/chunks/0stj_next_dist_19zsb-q._.js:776
[ 1017180ms] [LOG] [Fast Refresh] done in 117ms @ http://localhost:3000/_next/static/chunks/0stj_next_dist_19zsb-q._.js:776
[ 1017242ms] [LOG] [Fast Refresh] done in 117ms @ http://localhost:3000/_next/static/chunks/0stj_next_dist_19zsb-q._.js:776
[ 1017305ms] [LOG] [Fast Refresh] done in 117ms @ http://localhost:3000/_next/static/chunks/0stj_next_dist_19zsb-q._.js:776
[ 1017368ms] [LOG] [Fast Refresh] done in 117ms @ http://localhost:3000/_next/static/chunks/0stj_next_dist_19zsb-q._.js:776
[ 1017429ms] [LOG] [Fast Refresh] done in 117ms @ http://localhost:3000/_next/static/chunks/0stj_next_dist_19zsb-q._.js:776
[ 1017492ms] [LOG] [Fast Refresh] done in 117ms @ http://localhost:3000/_next/static/chunks/0stj_next_dist_19zsb-q._.js:776
[ 1017555ms] [LOG] [Fast Refresh] done in 117ms @ http://localhost:3000/_next/static/chunks/0stj_next_dist_19zsb-q._.js:776
[ 1017633ms] [LOG] [Fast Refresh] done in 117ms @ http://localhost:3000/_next/static/chunks/0stj_next_dist_19zsb-q._.js:776
[ 1017696ms] [LOG] [Fast Refresh] done in 117ms @ http://localhost:3000/_next/static/chunks/0stj_next_dist_19zsb-q._.js:776
[ 1017758ms] [LOG] [Fast Refresh] done in 117ms @ http://localhost:3000/_next/static/chunks/0stj_next_dist_19zsb-q._.js:776
[ 1017820ms] [LOG] [Fast Refresh] done in 117ms @ http://localhost:3000/_next/static/chunks/0stj_next_dist_19zsb-q._.js:776
[ 1017882ms] [LOG] [Fast Refresh] done in 117ms @ http://localhost:3000/_next/static/chunks/0stj_next_dist_19zsb-q._.js:776
[ 1017945ms] [LOG] [Fast Refresh] done in 117ms @ http://localhost:3000/_next/static/chunks/0stj_next_dist_19zsb-q._.js:776
[ 1018008ms] [LOG] [Fast Refresh] done in 117ms @ http://localhost:3000/_next/static/chunks/0stj_next_dist_19zsb-q._.js:776
[ 1018070ms] [LOG] [Fast Refresh] done in 117ms @ http://localhost:3000/_next/static/chunks/0stj_next_dist_19zsb-q._.js:776
[ 1018133ms] [LOG] [Fast Refresh] done in 117ms @ http://localhost:3000/_next/static/chunks/0stj_next_dist_19zsb-q._.js:776
[ 1018196ms] [LOG] [Fast Refresh] done in 117ms @ http://localhost:3000/_next/static/chunks/0stj_next_dist_19zsb-q._.js:776
[ 1018258ms] [LOG] [Fast Refresh] done in 117ms @ http://localhost:3000/_next/static/chunks/0stj_next_dist_19zsb-q._.js:776
[ 1018320ms] [LOG] [Fast Refresh] done in 117ms @ http://localhost:3000/_next/static/chunks/0stj_next_dist_19zsb-q._.js:776
[ 1018382ms] [LOG] [Fast Refresh] done in 117ms @ http://localhost:3000/_next/static/chunks/0stj_next_dist_19zsb-q._.js:776
[ 1018445ms] [LOG] [Fast Refresh] done in 117ms @ http://localhost:3000/_next/static/chunks/0stj_next_dist_19zsb-q._.js:776
[ 1018509ms] [LOG] [Fast Refresh] done in 117ms @ http://localhost:3000/_next/static/chunks/0stj_next_dist_19zsb-q._.js:776
[ 1018570ms] [LOG] [Fast Refresh] done in 117ms @ http://localhost:3000/_next/static/chunks/0stj_next_dist_19zsb-q._.js:776
[ 1018633ms] [LOG] [Fast Refresh] done in 117ms @ http://localhost:3000/_next/static/chunks/0stj_next_dist_19zsb-q._.js:776
[ 1018697ms] [LOG] [Fast Refresh] done in 117ms @ http://localhost:3000/_next/static/chunks/0stj_next_dist_19zsb-q._.js:776
[ 1018760ms] [LOG] [Fast Refresh] done in 117ms @ http://localhost:3000/_next/static/chunks/0stj_next_dist_19zsb-q._.js:776
[ 1018822ms] [LOG] [Fast Refresh] done in 117ms @ http://localhost:3000/_next/static/chunks/0stj_next_dist_19zsb-q._.js:776
[ 1018884ms] [LOG] [Fast Refresh] done in 117ms @ http://localhost:3000/_next/static/chunks/0stj_next_dist_19zsb-q._.js:776
[ 1018946ms] [LOG] [Fast Refresh] done in 117ms @ http://localhost:3000/_next/static/chunks/0stj_next_dist_19zsb-q._.js:776
[ 1019007ms] [LOG] [Fast Refresh] done in 117ms @ http://localhost:3000/_next/static/chunks/0stj_next_dist_19zsb-q._.js:776
[ 1019070ms] [LOG] [Fast Refresh] done in 117ms @ http://localhost:3000/_next/static/chunks/0stj_next_dist_19zsb-q._.js:776
[ 1019133ms] [LOG] [Fast Refresh] done in 117ms @ http://localhost:3000/_next/static/chunks/0stj_next_dist_19zsb-q._.js:776
[ 1019196ms] [LOG] [Fast Refresh] done in 117ms @ http://localhost:3000/_next/static/chunks/0stj_next_dist_19zsb-q._.js:776
[ 1019258ms] [LOG] [Fast Refresh] done in 117ms @ http://localhost:3000/_next/static/chunks/0stj_next_dist_19zsb-q._.js:776
[ 1019321ms] [LOG] [Fast Refresh] done in 117ms @ http://localhost:3000/_next/static/chunks/0stj_next_dist_19zsb-q._.js:776
[ 1019385ms] [LOG] [Fast Refresh] done in 117ms @ http://localhost:3000/_next/static/chunks/0stj_next_dist_19zsb-q._.js:776
[ 1019447ms] [LOG] [Fast Refresh] done in 117ms @ http://localhost:3000/_next/static/chunks/0stj_next_dist_19zsb-q._.js:776
[ 1019510ms] [LOG] [Fast Refresh] done in 117ms @ http://localhost:3000/_next/static/chunks/0stj_next_dist_19zsb-q._.js:776
[ 1019572ms] [LOG] [Fast Refresh] done in 117ms @ http://localhost:3000/_next/static/chunks/0stj_next_dist_19zsb-q._.js:776
[ 1019635ms] [LOG] [Fast Refresh] done in 117ms @ http://localhost:3000/_next/static/chunks/0stj_next_dist_19zsb-q._.js:776
[ 1019714ms] [LOG] [Fast Refresh] done in 117ms @ http://localhost:3000/_next/static/chunks/0stj_next_dist_19zsb-q._.js:776
[ 1019791ms] [LOG] [Fast Refresh] done in 117ms @ http://localhost:3000/_next/static/chunks/0stj_next_dist_19zsb-q._.js:776
[ 1019854ms] [LOG] [Fast Refresh] done in 117ms @ http://localhost:3000/_next/static/chunks/0stj_next_dist_19zsb-q._.js:776
[ 1019916ms] [LOG] [Fast Refresh] done in 117ms @ http://localhost:3000/_next/static/chunks/0stj_next_dist_19zsb-q._.js:776
[ 1019979ms] [LOG] [Fast Refresh] done in 117ms @ http://localhost:3000/_next/static/chunks/0stj_next_dist_19zsb-q._.js:776
[ 1020041ms] [LOG] [Fast Refresh] done in 117ms @ http://localhost:3000/_next/static/chunks/0stj_next_dist_19zsb-q._.js:776
[ 1020119ms] [LOG] [Fast Refresh] done in 117ms @ http://localhost:3000/_next/static/chunks/0stj_next_dist_19zsb-q._.js:776
[ 1020181ms] [LOG] [Fast Refresh] done in 117ms @ http://localhost:3000/_next/static/chunks/0stj_next_dist_19zsb-q._.js:776
[ 1020244ms] [LOG] [Fast Refresh] done in 117ms @ http://localhost:3000/_next/static/chunks/0stj_next_dist_19zsb-q._.js:776
[ 1020305ms] [LOG] [Fast Refresh] done in 117ms @ http://localhost:3000/_next/static/chunks/0stj_next_dist_19zsb-q._.js:776
[ 1020369ms] [LOG] [Fast Refresh] done in 117ms @ http://localhost:3000/_next/static/chunks/0stj_next_dist_19zsb-q._.js:776
[ 1020431ms] [LOG] [Fast Refresh] done in 117ms @ http://localhost:3000/_next/static/chunks/0stj_next_dist_19zsb-q._.js:776
[ 1020495ms] [LOG] [Fast Refresh] done in 117ms @ http://localhost:3000/_next/static/chunks/0stj_next_dist_19zsb-q._.js:776
[ 1020556ms] [LOG] [Fast Refresh] done in 117ms @ http://localhost:3000/_next/static/chunks/0stj_next_dist_19zsb-q._.js:776
[ 1020619ms] [LOG] [Fast Refresh] done in 117ms @ http://localhost:3000/_next/static/chunks/0stj_next_dist_19zsb-q._.js:776
[ 1020680ms] [LOG] [Fast Refresh] done in 117ms @ http://localhost:3000/_next/static/chunks/0stj_next_dist_19zsb-q._.js:776
[ 1020742ms] [LOG] [Fast Refresh] done in 117ms @ http://localhost:3000/_next/static/chunks/0stj_next_dist_19zsb-q._.js:776
[ 1020805ms] [LOG] [Fast Refresh] done in 117ms @ http://localhost:3000/_next/static/chunks/0stj_next_dist_19zsb-q._.js:776
[ 1020869ms] [LOG] [Fast Refresh] done in 117ms @ http://localhost:3000/_next/static/chunks/0stj_next_dist_19zsb-q._.js:776
[ 1020931ms] [LOG] [Fast Refresh] done in 117ms @ http://localhost:3000/_next/static/chunks/0stj_next_dist_19zsb-q._.js:776
[ 1020993ms] [LOG] [Fast Refresh] done in 117ms @ http://localhost:3000/_next/static/chunks/0stj_next_dist_19zsb-q._.js:776
[ 1021057ms] [LOG] [Fast Refresh] done in 117ms @ http://localhost:3000/_next/static/chunks/0stj_next_dist_19zsb-q._.js:776
[ 1021120ms] [LOG] [Fast Refresh] done in 117ms @ http://localhost:3000/_next/static/chunks/0stj_next_dist_19zsb-q._.js:776
[ 1021183ms] [LOG] [Fast Refresh] done in 117ms @ http://localhost:3000/_next/static/chunks/0stj_next_dist_19zsb-q._.js:776
[ 1021247ms] [LOG] [Fast Refresh] done in 117ms @ http://localhost:3000/_next/static/chunks/0stj_next_dist_19zsb-q._.js:776
[ 1021310ms] [LOG] [Fast Refresh] done in 117ms @ http://localhost:3000/_next/static/chunks/0stj_next_dist_19zsb-q._.js:776
[ 1021373ms] [LOG] [Fast Refresh] done in 117ms @ http://localhost:3000/_next/static/chunks/0stj_next_dist_19zsb-q._.js:776
[ 1021435ms] [LOG] [Fast Refresh] done in 117ms @ http://localhost:3000/_next/static/chunks/0stj_next_dist_19zsb-q._.js:776
[ 1021498ms] [LOG] [Fast Refresh] done in 117ms @ http://localhost:3000/_next/static/chunks/0stj_next_dist_19zsb-q._.js:776
[ 1021560ms] [LOG] [Fast Refresh] done in 117ms @ http://localhost:3000/_next/static/chunks/0stj_next_dist_19zsb-q._.js:776
[ 1021622ms] [LOG] [Fast Refresh] done in 117ms @ http://localhost:3000/_next/static/chunks/0stj_next_dist_19zsb-q._.js:776
[ 1021685ms] [LOG] [Fast Refresh] done in 117ms @ http://localhost:3000/_next/static/chunks/0stj_next_dist_19zsb-q._.js:776
[ 1021748ms] [LOG] [Fast Refresh] done in 117ms @ http://localhost:3000/_next/static/chunks/0stj_next_dist_19zsb-q._.js:776
[ 1021811ms] [LOG] [Fast Refresh] done in 117ms @ http://localhost:3000/_next/static/chunks/0stj_next_dist_19zsb-q._.js:776
[ 1021874ms] [LOG] [Fast Refresh] done in 117ms @ http://localhost:3000/_next/static/chunks/0stj_next_dist_19zsb-q._.js:776
[ 1021968ms] [LOG] [Fast Refresh] done in 117ms @ http://localhost:3000/_next/static/chunks/0stj_next_dist_19zsb-q._.js:776
[ 1022030ms] [LOG] [Fast Refresh] done in 117ms @ http://localhost:3000/_next/static/chunks/0stj_next_dist_19zsb-q._.js:776
[ 1022093ms] [LOG] [Fast Refresh] done in 117ms @ http://localhost:3000/_next/static/chunks/0stj_next_dist_19zsb-q._.js:776
[ 1022155ms] [LOG] [Fast Refresh] done in 117ms @ http://localhost:3000/_next/static/chunks/0stj_next_dist_19zsb-q._.js:776
[ 1022234ms] [LOG] [Fast Refresh] done in 117ms @ http://localhost:3000/_next/static/chunks/0stj_next_dist_19zsb-q._.js:776
[ 1022296ms] [LOG] [Fast Refresh] done in 117ms @ http://localhost:3000/_next/static/chunks/0stj_next_dist_19zsb-q._.js:776
[ 1022373ms] [LOG] [Fast Refresh] done in 117ms @ http://localhost:3000/_next/static/chunks/0stj_next_dist_19zsb-q._.js:776
[ 1022452ms] [LOG] [Fast Refresh] done in 117ms @ http://localhost:3000/_next/static/chunks/0stj_next_dist_19zsb-q._.js:776
[ 1022530ms] [LOG] [Fast Refresh] done in 117ms @ http://localhost:3000/_next/static/chunks/0stj_next_dist_19zsb-q._.js:776
[ 1022592ms] [LOG] [Fast Refresh] done in 117ms @ http://localhost:3000/_next/static/chunks/0stj_next_dist_19zsb-q._.js:776
[ 1022655ms] [LOG] [Fast Refresh] done in 117ms @ http://localhost:3000/_next/static/chunks/0stj_next_dist_19zsb-q._.js:776
[ 1022716ms] [LOG] [Fast Refresh] done in 117ms @ http://localhost:3000/_next/static/chunks/0stj_next_dist_19zsb-q._.js:776
[ 1022779ms] [LOG] [Fast Refresh] done in 117ms @ http://localhost:3000/_next/static/chunks/0stj_next_dist_19zsb-q._.js:776
[ 1022842ms] [LOG] [Fast Refresh] done in 117ms @ http://localhost:3000/_next/static/chunks/0stj_next_dist_19zsb-q._.js:776
[ 1022904ms] [LOG] [Fast Refresh] done in 117ms @ http://localhost:3000/_next/static/chunks/0stj_next_dist_19zsb-q._.js:776
[ 1022967ms] [LOG] [Fast Refresh] done in 117ms @ http://localhost:3000/_next/static/chunks/0stj_next_dist_19zsb-q._.js:776
[ 1023028ms] [LOG] [Fast Refresh] done in 117ms @ http://localhost:3000/_next/static/chunks/0stj_next_dist_19zsb-q._.js:776
[ 1023091ms] [LOG] [Fast Refresh] done in 117ms @ http://localhost:3000/_next/static/chunks/0stj_next_dist_19zsb-q._.js:776
[ 1023153ms] [LOG] [Fast Refresh] done in 117ms @ http://localhost:3000/_next/static/chunks/0stj_next_dist_19zsb-q._.js:776
[ 1023216ms] [LOG] [Fast Refresh] done in 117ms @ http://localhost:3000/_next/static/chunks/0stj_next_dist_19zsb-q._.js:776
[ 1023279ms] [LOG] [Fast Refresh] done in 117ms @ http://localhost:3000/_next/static/chunks/0stj_next_dist_19zsb-q._.js:776
[ 1023342ms] [LOG] [Fast Refresh] done in 117ms @ http://localhost:3000/_next/static/chunks/0stj_next_dist_19zsb-q._.js:776
[ 1023404ms] [LOG] [Fast Refresh] done in 117ms @ http://localhost:3000/_next/static/chunks/0stj_next_dist_19zsb-q._.js:776
[ 1023466ms] [LOG] [Fast Refresh] done in 117ms @ http://localhost:3000/_next/static/chunks/0stj_next_dist_19zsb-q._.js:776
[ 1023545ms] [LOG] [Fast Refresh] done in 117ms @ http://localhost:3000/_next/static/chunks/0stj_next_dist_19zsb-q._.js:776
[ 1023607ms] [LOG] [Fast Refresh] done in 117ms @ http://localhost:3000/_next/static/chunks/0stj_next_dist_19zsb-q._.js:776
[ 1023669ms] [LOG] [Fast Refresh] done in 117ms @ http://localhost:3000/_next/static/chunks/0stj_next_dist_19zsb-q._.js:776
[ 1023730ms] [LOG] [Fast Refresh] done in 117ms @ http://localhost:3000/_next/static/chunks/0stj_next_dist_19zsb-q._.js:776
[ 1023791ms] [LOG] [Fast Refresh] done in 117ms @ http://localhost:3000/_next/static/chunks/0stj_next_dist_19zsb-q._.js:776
[ 1023853ms] [LOG] [Fast Refresh] done in 117ms @ http://localhost:3000/_next/static/chunks/0stj_next_dist_19zsb-q._.js:776
[ 1023915ms] [LOG] [Fast Refresh] done in 117ms @ http://localhost:3000/_next/static/chunks/0stj_next_dist_19zsb-q._.js:776
[ 1023976ms] [LOG] [Fast Refresh] done in 117ms @ http://localhost:3000/_next/static/chunks/0stj_next_dist_19zsb-q._.js:776
[ 1024040ms] [LOG] [Fast Refresh] done in 117ms @ http://localhost:3000/_next/static/chunks/0stj_next_dist_19zsb-q._.js:776
[ 1024102ms] [LOG] [Fast Refresh] done in 117ms @ http://localhost:3000/_next/static/chunks/0stj_next_dist_19zsb-q._.js:776
[ 1024166ms] [LOG] [Fast Refresh] done in 117ms @ http://localhost:3000/_next/static/chunks/0stj_next_dist_19zsb-q._.js:776
[ 1024229ms] [LOG] [Fast Refresh] done in 117ms @ http://localhost:3000/_next/static/chunks/0stj_next_dist_19zsb-q._.js:776
[ 1024291ms] [LOG] [Fast Refresh] done in 117ms @ http://localhost:3000/_next/static/chunks/0stj_next_dist_19zsb-q._.js:776
[ 1024353ms] [LOG] [Fast Refresh] done in 117ms @ http://localhost:3000/_next/static/chunks/0stj_next_dist_19zsb-q._.js:776
[ 1024431ms] [LOG] [Fast Refresh] done in 117ms @ http://localhost:3000/_next/static/chunks/0stj_next_dist_19zsb-q._.js:776
[ 1024510ms] [LOG] [Fast Refresh] done in 117ms @ http://localhost:3000/_next/static/chunks/0stj_next_dist_19zsb-q._.js:776
[ 1024589ms] [LOG] [Fast Refresh] done in 117ms @ http://localhost:3000/_next/static/chunks/0stj_next_dist_19zsb-q._.js:776
[ 1024667ms] [LOG] [Fast Refresh] done in 117ms @ http://localhost:3000/_next/static/chunks/0stj_next_dist_19zsb-q._.js:776
[ 1024746ms] [LOG] [Fast Refresh] done in 117ms @ http://localhost:3000/_next/static/chunks/0stj_next_dist_19zsb-q._.js:776
[ 1024825ms] [LOG] [Fast Refresh] done in 117ms @ http://localhost:3000/_next/static/chunks/0stj_next_dist_19zsb-q._.js:776
[ 1024903ms] [LOG] [Fast Refresh] done in 117ms @ http://localhost:3000/_next/static/chunks/0stj_next_dist_19zsb-q._.js:776
[ 1024966ms] [LOG] [Fast Refresh] done in 117ms @ http://localhost:3000/_next/static/chunks/0stj_next_dist_19zsb-q._.js:776
[ 1025044ms] [LOG] [Fast Refresh] done in 117ms @ http://localhost:3000/_next/static/chunks/0stj_next_dist_19zsb-q._.js:776
[ 1025123ms] [LOG] [Fast Refresh] done in 117ms @ http://localhost:3000/_next/static/chunks/0stj_next_dist_19zsb-q._.js:776
[ 1025201ms] [LOG] [Fast Refresh] done in 117ms @ http://localhost:3000/_next/static/chunks/0stj_next_dist_19zsb-q._.js:776
[ 1025263ms] [LOG] [Fast Refresh] done in 117ms @ http://localhost:3000/_next/static/chunks/0stj_next_dist_19zsb-q._.js:776
[ 1025326ms] [LOG] [Fast Refresh] done in 117ms @ http://localhost:3000/_next/static/chunks/0stj_next_dist_19zsb-q._.js:776
[ 1025388ms] [LOG] [Fast Refresh] done in 117ms @ http://localhost:3000/_next/static/chunks/0stj_next_dist_19zsb-q._.js:776
[ 1025451ms] [LOG] [Fast Refresh] done in 117ms @ http://localhost:3000/_next/static/chunks/0stj_next_dist_19zsb-q._.js:776
[ 1025514ms] [LOG] [Fast Refresh] done in 117ms @ http://localhost:3000/_next/static/chunks/0stj_next_dist_19zsb-q._.js:776
[ 1025577ms] [LOG] [Fast Refresh] done in 117ms @ http://localhost:3000/_next/static/chunks/0stj_next_dist_19zsb-q._.js:776
[ 1025655ms] [LOG] [Fast Refresh] done in 117ms @ http://localhost:3000/_next/static/chunks/0stj_next_dist_19zsb-q._.js:776
[ 1025731ms] [LOG] [Fast Refresh] done in 117ms @ http://localhost:3000/_next/static/chunks/0stj_next_dist_19zsb-q._.js:776
[ 1025793ms] [LOG] [Fast Refresh] done in 117ms @ http://localhost:3000/_next/static/chunks/0stj_next_dist_19zsb-q._.js:776
[ 1025858ms] [LOG] [Fast Refresh] done in 117ms @ http://localhost:3000/_next/static/chunks/0stj_next_dist_19zsb-q._.js:776
[ 1025918ms] [LOG] [Fast Refresh] done in 117ms @ http://localhost:3000/_next/static/chunks/0stj_next_dist_19zsb-q._.js:776
[ 1025996ms] [LOG] [Fast Refresh] done in 117ms @ http://localhost:3000/_next/static/chunks/0stj_next_dist_19zsb-q._.js:776
[ 1026059ms] [LOG] [Fast Refresh] done in 117ms @ http://localhost:3000/_next/static/chunks/0stj_next_dist_19zsb-q._.js:776
[ 1026122ms] [LOG] [Fast Refresh] done in 117ms @ http://localhost:3000/_next/static/chunks/0stj_next_dist_19zsb-q._.js:776
[ 1026186ms] [LOG] [Fast Refresh] done in 117ms @ http://localhost:3000/_next/static/chunks/0stj_next_dist_19zsb-q._.js:776
[ 1026248ms] [LOG] [Fast Refresh] done in 117ms @ http://localhost:3000/_next/static/chunks/0stj_next_dist_19zsb-q._.js:776
[ 1026309ms] [LOG] [Fast Refresh] done in 117ms @ http://localhost:3000/_next/static/chunks/0stj_next_dist_19zsb-q._.js:776
[ 1026372ms] [LOG] [Fast Refresh] done in 117ms @ http://localhost:3000/_next/static/chunks/0stj_next_dist_19zsb-q._.js:776
[ 1026435ms] [LOG] [Fast Refresh] done in 117ms @ http://localhost:3000/_next/static/chunks/0stj_next_dist_19zsb-q._.js:776
[ 1026498ms] [LOG] [Fast Refresh] done in 117ms @ http://localhost:3000/_next/static/chunks/0stj_next_dist_19zsb-q._.js:776
[ 1026561ms] [LOG] [Fast Refresh] done in 117ms @ http://localhost:3000/_next/static/chunks/0stj_next_dist_19zsb-q._.js:776
[ 1026624ms] [LOG] [Fast Refresh] done in 117ms @ http://localhost:3000/_next/static/chunks/0stj_next_dist_19zsb-q._.js:776
[ 1026687ms] [LOG] [Fast Refresh] done in 117ms @ http://localhost:3000/_next/static/chunks/0stj_next_dist_19zsb-q._.js:776
[ 1026749ms] [LOG] [Fast Refresh] done in 117ms @ http://localhost:3000/_next/static/chunks/0stj_next_dist_19zsb-q._.js:776
[ 1026812ms] [LOG] [Fast Refresh] done in 117ms @ http://localhost:3000/_next/static/chunks/0stj_next_dist_19zsb-q._.js:776
[ 1026875ms] [LOG] [Fast Refresh] done in 117ms @ http://localhost:3000/_next/static/chunks/0stj_next_dist_19zsb-q._.js:776
[ 1026938ms] [LOG] [Fast Refresh] done in 117ms @ http://localhost:3000/_next/static/chunks/0stj_next_dist_19zsb-q._.js:776
[ 1027001ms] [LOG] [Fast Refresh] done in 117ms @ http://localhost:3000/_next/static/chunks/0stj_next_dist_19zsb-q._.js:776
[ 1027064ms] [LOG] [Fast Refresh] done in 117ms @ http://localhost:3000/_next/static/chunks/0stj_next_dist_19zsb-q._.js:776
[ 1027139ms] [LOG] [Fast Refresh] done in 117ms @ http://localhost:3000/_next/static/chunks/0stj_next_dist_19zsb-q._.js:776
[ 1027201ms] [LOG] [Fast Refresh] done in 117ms @ http://localhost:3000/_next/static/chunks/0stj_next_dist_19zsb-q._.js:776
[ 1027262ms] [LOG] [Fast Refresh] done in 117ms @ http://localhost:3000/_next/static/chunks/0stj_next_dist_19zsb-q._.js:776
[ 1027341ms] [LOG] [Fast Refresh] done in 117ms @ http://localhost:3000/_next/static/chunks/0stj_next_dist_19zsb-q._.js:776
[ 1027434ms] [LOG] [Fast Refresh] done in 117ms @ http://localhost:3000/_next/static/chunks/0stj_next_dist_19zsb-q._.js:776
[ 1027496ms] [LOG] [Fast Refresh] done in 117ms @ http://localhost:3000/_next/static/chunks/0stj_next_dist_19zsb-q._.js:776
[ 1027559ms] [LOG] [Fast Refresh] done in 117ms @ http://localhost:3000/_next/static/chunks/0stj_next_dist_19zsb-q._.js:776
[ 1027621ms] [LOG] [Fast Refresh] done in 117ms @ http://localhost:3000/_next/static/chunks/0stj_next_dist_19zsb-q._.js:776
[ 1027685ms] [LOG] [Fast Refresh] done in 117ms @ http://localhost:3000/_next/static/chunks/0stj_next_dist_19zsb-q._.js:776
[ 1027746ms] [LOG] [Fast Refresh] done in 117ms @ http://localhost:3000/_next/static/chunks/0stj_next_dist_19zsb-q._.js:776
[ 1027809ms] [LOG] [Fast Refresh] done in 117ms @ http://localhost:3000/_next/static/chunks/0stj_next_dist_19zsb-q._.js:776
[ 1027871ms] [LOG] [Fast Refresh] done in 117ms @ http://localhost:3000/_next/static/chunks/0stj_next_dist_19zsb-q._.js:776
[ 1027934ms] [LOG] [Fast Refresh] done in 117ms @ http://localhost:3000/_next/static/chunks/0stj_next_dist_19zsb-q._.js:776
[ 1027996ms] [LOG] [Fast Refresh] done in 117ms @ http://localhost:3000/_next/static/chunks/0stj_next_dist_19zsb-q._.js:776
[ 1028058ms] [LOG] [Fast Refresh] done in 117ms @ http://localhost:3000/_next/static/chunks/0stj_next_dist_19zsb-q._.js:776
[ 1028121ms] [LOG] [Fast Refresh] done in 117ms @ http://localhost:3000/_next/static/chunks/0stj_next_dist_19zsb-q._.js:776
[ 1028184ms] [LOG] [Fast Refresh] done in 117ms @ http://localhost:3000/_next/static/chunks/0stj_next_dist_19zsb-q._.js:776
[ 1028247ms] [LOG] [Fast Refresh] done in 117ms @ http://localhost:3000/_next/static/chunks/0stj_next_dist_19zsb-q._.js:776
[ 1028311ms] [LOG] [Fast Refresh] done in 117ms @ http://localhost:3000/_next/static/chunks/0stj_next_dist_19zsb-q._.js:776
[ 1028373ms] [LOG] [Fast Refresh] done in 117ms @ http://localhost:3000/_next/static/chunks/0stj_next_dist_19zsb-q._.js:776
[ 1028435ms] [LOG] [Fast Refresh] done in 117ms @ http://localhost:3000/_next/static/chunks/0stj_next_dist_19zsb-q._.js:776
[ 1028497ms] [LOG] [Fast Refresh] done in 117ms @ http://localhost:3000/_next/static/chunks/0stj_next_dist_19zsb-q._.js:776
[ 1028560ms] [LOG] [Fast Refresh] done in 117ms @ http://localhost:3000/_next/static/chunks/0stj_next_dist_19zsb-q._.js:776
[ 1028623ms] [LOG] [Fast Refresh] done in 117ms @ http://localhost:3000/_next/static/chunks/0stj_next_dist_19zsb-q._.js:776
[ 1028687ms] [LOG] [Fast Refresh] done in 117ms @ http://localhost:3000/_next/static/chunks/0stj_next_dist_19zsb-q._.js:776
[ 1028751ms] [LOG] [Fast Refresh] done in 117ms @ http://localhost:3000/_next/static/chunks/0stj_next_dist_19zsb-q._.js:776
[ 1028813ms] [LOG] [Fast Refresh] done in 117ms @ http://localhost:3000/_next/static/chunks/0stj_next_dist_19zsb-q._.js:776
[ 1028875ms] [LOG] [Fast Refresh] done in 117ms @ http://localhost:3000/_next/static/chunks/0stj_next_dist_19zsb-q._.js:776
[ 1028938ms] [LOG] [Fast Refresh] done in 117ms @ http://localhost:3000/_next/static/chunks/0stj_next_dist_19zsb-q._.js:776
[ 1029001ms] [LOG] [Fast Refresh] done in 117ms @ http://localhost:3000/_next/static/chunks/0stj_next_dist_19zsb-q._.js:776
[ 1029064ms] [LOG] [Fast Refresh] done in 117ms @ http://localhost:3000/_next/static/chunks/0stj_next_dist_19zsb-q._.js:776
[ 1029128ms] [LOG] [Fast Refresh] done in 117ms @ http://localhost:3000/_next/static/chunks/0stj_next_dist_19zsb-q._.js:776
[ 1029221ms] [LOG] [Fast Refresh] done in 117ms @ http://localhost:3000/_next/static/chunks/0stj_next_dist_19zsb-q._.js:776
[ 1029285ms] [LOG] [Fast Refresh] done in 117ms @ http://localhost:3000/_next/static/chunks/0stj_next_dist_19zsb-q._.js:776
[ 1029348ms] [LOG] [Fast Refresh] done in 117ms @ http://localhost:3000/_next/static/chunks/0stj_next_dist_19zsb-q._.js:776
[ 1029410ms] [LOG] [Fast Refresh] done in 117ms @ http://localhost:3000/_next/static/chunks/0stj_next_dist_19zsb-q._.js:776
[ 1029473ms] [LOG] [Fast Refresh] done in 117ms @ http://localhost:3000/_next/static/chunks/0stj_next_dist_19zsb-q._.js:776
[ 1029536ms] [LOG] [Fast Refresh] done in 117ms @ http://localhost:3000/_next/static/chunks/0stj_next_dist_19zsb-q._.js:776
[ 1029599ms] [LOG] [Fast Refresh] done in 117ms @ http://localhost:3000/_next/static/chunks/0stj_next_dist_19zsb-q._.js:776
[ 1029661ms] [LOG] [Fast Refresh] done in 117ms @ http://localhost:3000/_next/static/chunks/0stj_next_dist_19zsb-q._.js:776
[ 1029723ms] [LOG] [Fast Refresh] done in 117ms @ http://localhost:3000/_next/static/chunks/0stj_next_dist_19zsb-q._.js:776
[ 1029787ms] [LOG] [Fast Refresh] done in 117ms @ http://localhost:3000/_next/static/chunks/0stj_next_dist_19zsb-q._.js:776
[ 1029850ms] [LOG] [Fast Refresh] done in 117ms @ http://localhost:3000/_next/static/chunks/0stj_next_dist_19zsb-q._.js:776
[ 1029912ms] [LOG] [Fast Refresh] done in 117ms @ http://localhost:3000/_next/static/chunks/0stj_next_dist_19zsb-q._.js:776
[ 1029975ms] [LOG] [Fast Refresh] done in 117ms @ http://localhost:3000/_next/static/chunks/0stj_next_dist_19zsb-q._.js:776
[ 1030036ms] [LOG] [Fast Refresh] done in 117ms @ http://localhost:3000/_next/static/chunks/0stj_next_dist_19zsb-q._.js:776
[ 1030099ms] [LOG] [Fast Refresh] done in 117ms @ http://localhost:3000/_next/static/chunks/0stj_next_dist_19zsb-q._.js:776
[ 1030164ms] [LOG] [Fast Refresh] done in 117ms @ http://localhost:3000/_next/static/chunks/0stj_next_dist_19zsb-q._.js:776
[ 1030226ms] [LOG] [Fast Refresh] done in 117ms @ http://localhost:3000/_next/static/chunks/0stj_next_dist_19zsb-q._.js:776
[ 1030288ms] [LOG] [Fast Refresh] done in 117ms @ http://localhost:3000/_next/static/chunks/0stj_next_dist_19zsb-q._.js:776
[ 1030352ms] [LOG] [Fast Refresh] done in 117ms @ http://localhost:3000/_next/static/chunks/0stj_next_dist_19zsb-q._.js:776
[ 1030415ms] [LOG] [Fast Refresh] done in 117ms @ http://localhost:3000/_next/static/chunks/0stj_next_dist_19zsb-q._.js:776
[ 1030477ms] [LOG] [Fast Refresh] done in 117ms @ http://localhost:3000/_next/static/chunks/0stj_next_dist_19zsb-q._.js:776
[ 1030540ms] [LOG] [Fast Refresh] done in 117ms @ http://localhost:3000/_next/static/chunks/0stj_next_dist_19zsb-q._.js:776
[ 1030602ms] [LOG] [Fast Refresh] done in 117ms @ http://localhost:3000/_next/static/chunks/0stj_next_dist_19zsb-q._.js:776
[ 1030663ms] [LOG] [Fast Refresh] done in 117ms @ http://localhost:3000/_next/static/chunks/0stj_next_dist_19zsb-q._.js:776
[ 1030726ms] [LOG] [Fast Refresh] done in 117ms @ http://localhost:3000/_next/static/chunks/0stj_next_dist_19zsb-q._.js:776
[ 1030790ms] [LOG] [Fast Refresh] done in 117ms @ http://localhost:3000/_next/static/chunks/0stj_next_dist_19zsb-q._.js:776
[ 1030852ms] [LOG] [Fast Refresh] done in 117ms @ http://localhost:3000/_next/static/chunks/0stj_next_dist_19zsb-q._.js:776
[ 1030915ms] [LOG] [Fast Refresh] done in 117ms @ http://localhost:3000/_next/static/chunks/0stj_next_dist_19zsb-q._.js:776
[ 1030979ms] [LOG] [Fast Refresh] done in 117ms @ http://localhost:3000/_next/static/chunks/0stj_next_dist_19zsb-q._.js:776
[ 1031042ms] [LOG] [Fast Refresh] done in 117ms @ http://localhost:3000/_next/static/chunks/0stj_next_dist_19zsb-q._.js:776
[ 1031106ms] [LOG] [Fast Refresh] done in 117ms @ http://localhost:3000/_next/static/chunks/0stj_next_dist_19zsb-q._.js:776
[ 1031168ms] [LOG] [Fast Refresh] done in 117ms @ http://localhost:3000/_next/static/chunks/0stj_next_dist_19zsb-q._.js:776
[ 1031231ms] [LOG] [Fast Refresh] done in 117ms @ http://localhost:3000/_next/static/chunks/0stj_next_dist_19zsb-q._.js:776
[ 1031294ms] [LOG] [Fast Refresh] done in 117ms @ http://localhost:3000/_next/static/chunks/0stj_next_dist_19zsb-q._.js:776
[ 1031357ms] [LOG] [Fast Refresh] done in 117ms @ http://localhost:3000/_next/static/chunks/0stj_next_dist_19zsb-q._.js:776
[ 1031419ms] [LOG] [Fast Refresh] done in 117ms @ http://localhost:3000/_next/static/chunks/0stj_next_dist_19zsb-q._.js:776
[ 1031483ms] [LOG] [Fast Refresh] done in 117ms @ http://localhost:3000/_next/static/chunks/0stj_next_dist_19zsb-q._.js:776
[ 1031546ms] [LOG] [Fast Refresh] done in 117ms @ http://localhost:3000/_next/static/chunks/0stj_next_dist_19zsb-q._.js:776
[ 1031609ms] [LOG] [Fast Refresh] done in 117ms @ http://localhost:3000/_next/static/chunks/0stj_next_dist_19zsb-q._.js:776
[ 1031673ms] [LOG] [Fast Refresh] done in 117ms @ http://localhost:3000/_next/static/chunks/0stj_next_dist_19zsb-q._.js:776
[ 1031735ms] [LOG] [Fast Refresh] done in 117ms @ http://localhost:3000/_next/static/chunks/0stj_next_dist_19zsb-q._.js:776
[ 1031797ms] [LOG] [Fast Refresh] done in 117ms @ http://localhost:3000/_next/static/chunks/0stj_next_dist_19zsb-q._.js:776
[ 1031861ms] [LOG] [Fast Refresh] done in 117ms @ http://localhost:3000/_next/static/chunks/0stj_next_dist_19zsb-q._.js:776
[ 1031924ms] [LOG] [Fast Refresh] done in 117ms @ http://localhost:3000/_next/static/chunks/0stj_next_dist_19zsb-q._.js:776
[ 1031987ms] [LOG] [Fast Refresh] done in 117ms @ http://localhost:3000/_next/static/chunks/0stj_next_dist_19zsb-q._.js:776
[ 1032047ms] [LOG] [Fast Refresh] done in 117ms @ http://localhost:3000/_next/static/chunks/0stj_next_dist_19zsb-q._.js:776
[ 1032110ms] [LOG] [Fast Refresh] done in 117ms @ http://localhost:3000/_next/static/chunks/0stj_next_dist_19zsb-q._.js:776
[ 1032172ms] [LOG] [Fast Refresh] done in 117ms @ http://localhost:3000/_next/static/chunks/0stj_next_dist_19zsb-q._.js:776
[ 1032237ms] [LOG] [Fast Refresh] done in 117ms @ http://localhost:3000/_next/static/chunks/0stj_next_dist_19zsb-q._.js:776
[ 1032299ms] [LOG] [Fast Refresh] done in 117ms @ http://localhost:3000/_next/static/chunks/0stj_next_dist_19zsb-q._.js:776
[ 1032362ms] [LOG] [Fast Refresh] done in 117ms @ http://localhost:3000/_next/static/chunks/0stj_next_dist_19zsb-q._.js:776
[ 1032440ms] [LOG] [Fast Refresh] done in 117ms @ http://localhost:3000/_next/static/chunks/0stj_next_dist_19zsb-q._.js:776
[ 1032504ms] [LOG] [Fast Refresh] done in 117ms @ http://localhost:3000/_next/static/chunks/0stj_next_dist_19zsb-q._.js:776
[ 1032567ms] [LOG] [Fast Refresh] done in 117ms @ http://localhost:3000/_next/static/chunks/0stj_next_dist_19zsb-q._.js:776
[ 1032629ms] [LOG] [Fast Refresh] done in 117ms @ http://localhost:3000/_next/static/chunks/0stj_next_dist_19zsb-q._.js:776
[ 1032692ms] [LOG] [Fast Refresh] done in 117ms @ http://localhost:3000/_next/static/chunks/0stj_next_dist_19zsb-q._.js:776
[ 1032754ms] [LOG] [Fast Refresh] done in 117ms @ http://localhost:3000/_next/static/chunks/0stj_next_dist_19zsb-q._.js:776
[ 1032817ms] [LOG] [Fast Refresh] done in 117ms @ http://localhost:3000/_next/static/chunks/0stj_next_dist_19zsb-q._.js:776
[ 1032896ms] [LOG] [Fast Refresh] done in 117ms @ http://localhost:3000/_next/static/chunks/0stj_next_dist_19zsb-q._.js:776
[ 1032958ms] [LOG] [Fast Refresh] done in 117ms @ http://localhost:3000/_next/static/chunks/0stj_next_dist_19zsb-q._.js:776
[ 1033020ms] [LOG] [Fast Refresh] done in 117ms @ http://localhost:3000/_next/static/chunks/0stj_next_dist_19zsb-q._.js:776
[ 1033083ms] [LOG] [Fast Refresh] done in 117ms @ http://localhost:3000/_next/static/chunks/0stj_next_dist_19zsb-q._.js:776
[ 1033145ms] [LOG] [Fast Refresh] done in 117ms @ http://localhost:3000/_next/static/chunks/0stj_next_dist_19zsb-q._.js:776
[ 1033208ms] [LOG] [Fast Refresh] done in 117ms @ http://localhost:3000/_next/static/chunks/0stj_next_dist_19zsb-q._.js:776
[ 1033269ms] [LOG] [Fast Refresh] done in 117ms @ http://localhost:3000/_next/static/chunks/0stj_next_dist_19zsb-q._.js:776
[ 1033334ms] [LOG] [Fast Refresh] done in 117ms @ http://localhost:3000/_next/static/chunks/0stj_next_dist_19zsb-q._.js:776
[ 1033396ms] [LOG] [Fast Refresh] done in 117ms @ http://localhost:3000/_next/static/chunks/0stj_next_dist_19zsb-q._.js:776
[ 1033457ms] [LOG] [Fast Refresh] done in 117ms @ http://localhost:3000/_next/static/chunks/0stj_next_dist_19zsb-q._.js:776
[ 1033519ms] [LOG] [Fast Refresh] done in 117ms @ http://localhost:3000/_next/static/chunks/0stj_next_dist_19zsb-q._.js:776
[ 1033580ms] [LOG] [Fast Refresh] done in 117ms @ http://localhost:3000/_next/static/chunks/0stj_next_dist_19zsb-q._.js:776
[ 1033643ms] [LOG] [Fast Refresh] done in 117ms @ http://localhost:3000/_next/static/chunks/0stj_next_dist_19zsb-q._.js:776
[ 1033705ms] [LOG] [Fast Refresh] done in 117ms @ http://localhost:3000/_next/static/chunks/0stj_next_dist_19zsb-q._.js:776
[ 1033769ms] [LOG] [Fast Refresh] done in 117ms @ http://localhost:3000/_next/static/chunks/0stj_next_dist_19zsb-q._.js:776
[ 1033830ms] [LOG] [Fast Refresh] done in 117ms @ http://localhost:3000/_next/static/chunks/0stj_next_dist_19zsb-q._.js:776
[ 1033894ms] [LOG] [Fast Refresh] done in 117ms @ http://localhost:3000/_next/static/chunks/0stj_next_dist_19zsb-q._.js:776
[ 1033957ms] [LOG] [Fast Refresh] done in 117ms @ http://localhost:3000/_next/static/chunks/0stj_next_dist_19zsb-q._.js:776
[ 1034034ms] [LOG] [Fast Refresh] done in 117ms @ http://localhost:3000/_next/static/chunks/0stj_next_dist_19zsb-q._.js:776
[ 1034112ms] [LOG] [Fast Refresh] done in 117ms @ http://localhost:3000/_next/static/chunks/0stj_next_dist_19zsb-q._.js:776
[ 1034174ms] [LOG] [Fast Refresh] done in 117ms @ http://localhost:3000/_next/static/chunks/0stj_next_dist_19zsb-q._.js:776
[ 1034252ms] [LOG] [Fast Refresh] done in 117ms @ http://localhost:3000/_next/static/chunks/0stj_next_dist_19zsb-q._.js:776
[ 1034314ms] [LOG] [Fast Refresh] done in 117ms @ http://localhost:3000/_next/static/chunks/0stj_next_dist_19zsb-q._.js:776
[ 1034376ms] [LOG] [Fast Refresh] done in 117ms @ http://localhost:3000/_next/static/chunks/0stj_next_dist_19zsb-q._.js:776
[ 1034438ms] [LOG] [Fast Refresh] done in 117ms @ http://localhost:3000/_next/static/chunks/0stj_next_dist_19zsb-q._.js:776
[ 1034500ms] [LOG] [Fast Refresh] done in 117ms @ http://localhost:3000/_next/static/chunks/0stj_next_dist_19zsb-q._.js:776
[ 1034562ms] [LOG] [Fast Refresh] done in 117ms @ http://localhost:3000/_next/static/chunks/0stj_next_dist_19zsb-q._.js:776
[ 1034626ms] [LOG] [Fast Refresh] done in 117ms @ http://localhost:3000/_next/static/chunks/0stj_next_dist_19zsb-q._.js:776
[ 1034688ms] [LOG] [Fast Refresh] done in 117ms @ http://localhost:3000/_next/static/chunks/0stj_next_dist_19zsb-q._.js:776
[ 1034751ms] [LOG] [Fast Refresh] done in 117ms @ http://localhost:3000/_next/static/chunks/0stj_next_dist_19zsb-q._.js:776
[ 1034813ms] [LOG] [Fast Refresh] done in 117ms @ http://localhost:3000/_next/static/chunks/0stj_next_dist_19zsb-q._.js:776
[ 1034875ms] [LOG] [Fast Refresh] done in 117ms @ http://localhost:3000/_next/static/chunks/0stj_next_dist_19zsb-q._.js:776
[ 1034938ms] [LOG] [Fast Refresh] done in 117ms @ http://localhost:3000/_next/static/chunks/0stj_next_dist_19zsb-q._.js:776
[ 1035001ms] [LOG] [Fast Refresh] done in 117ms @ http://localhost:3000/_next/static/chunks/0stj_next_dist_19zsb-q._.js:776
[ 1035063ms] [LOG] [Fast Refresh] done in 117ms @ http://localhost:3000/_next/static/chunks/0stj_next_dist_19zsb-q._.js:776
[ 1035127ms] [LOG] [Fast Refresh] done in 117ms @ http://localhost:3000/_next/static/chunks/0stj_next_dist_19zsb-q._.js:776
[ 1035205ms] [LOG] [Fast Refresh] done in 117ms @ http://localhost:3000/_next/static/chunks/0stj_next_dist_19zsb-q._.js:776
[ 1035266ms] [LOG] [Fast Refresh] done in 117ms @ http://localhost:3000/_next/static/chunks/0stj_next_dist_19zsb-q._.js:776
[ 1035329ms] [LOG] [Fast Refresh] done in 117ms @ http://localhost:3000/_next/static/chunks/0stj_next_dist_19zsb-q._.js:776
[ 1035390ms] [LOG] [Fast Refresh] done in 117ms @ http://localhost:3000/_next/static/chunks/0stj_next_dist_19zsb-q._.js:776
[ 1035453ms] [LOG] [Fast Refresh] done in 117ms @ http://localhost:3000/_next/static/chunks/0stj_next_dist_19zsb-q._.js:776
[ 1035517ms] [LOG] [Fast Refresh] done in 117ms @ http://localhost:3000/_next/static/chunks/0stj_next_dist_19zsb-q._.js:776
[ 1035595ms] [LOG] [Fast Refresh] done in 117ms @ http://localhost:3000/_next/static/chunks/0stj_next_dist_19zsb-q._.js:776
[ 1035660ms] [LOG] [Fast Refresh] done in 117ms @ http://localhost:3000/_next/static/chunks/0stj_next_dist_19zsb-q._.js:776
[ 1035720ms] [LOG] [Fast Refresh] done in 117ms @ http://localhost:3000/_next/static/chunks/0stj_next_dist_19zsb-q._.js:776
[ 1035782ms] [LOG] [Fast Refresh] done in 117ms @ http://localhost:3000/_next/static/chunks/0stj_next_dist_19zsb-q._.js:776
[ 1035846ms] [LOG] [Fast Refresh] done in 117ms @ http://localhost:3000/_next/static/chunks/0stj_next_dist_19zsb-q._.js:776
[ 1035909ms] [LOG] [Fast Refresh] done in 117ms @ http://localhost:3000/_next/static/chunks/0stj_next_dist_19zsb-q._.js:776
[ 1035971ms] [LOG] [Fast Refresh] done in 117ms @ http://localhost:3000/_next/static/chunks/0stj_next_dist_19zsb-q._.js:776
[ 1036033ms] [LOG] [Fast Refresh] done in 117ms @ http://localhost:3000/_next/static/chunks/0stj_next_dist_19zsb-q._.js:776
[ 1036096ms] [LOG] [Fast Refresh] done in 117ms @ http://localhost:3000/_next/static/chunks/0stj_next_dist_19zsb-q._.js:776
[ 1036158ms] [LOG] [Fast Refresh] done in 117ms @ http://localhost:3000/_next/static/chunks/0stj_next_dist_19zsb-q._.js:776
[ 1036220ms] [LOG] [Fast Refresh] done in 117ms @ http://localhost:3000/_next/static/chunks/0stj_next_dist_19zsb-q._.js:776
[ 1036282ms] [LOG] [Fast Refresh] done in 117ms @ http://localhost:3000/_next/static/chunks/0stj_next_dist_19zsb-q._.js:776
[ 1036344ms] [LOG] [Fast Refresh] done in 117ms @ http://localhost:3000/_next/static/chunks/0stj_next_dist_19zsb-q._.js:776
[ 1036406ms] [LOG] [Fast Refresh] done in 117ms @ http://localhost:3000/_next/static/chunks/0stj_next_dist_19zsb-q._.js:776
[ 1036469ms] [LOG] [Fast Refresh] done in 117ms @ http://localhost:3000/_next/static/chunks/0stj_next_dist_19zsb-q._.js:776
[ 1036531ms] [LOG] [Fast Refresh] done in 117ms @ http://localhost:3000/_next/static/chunks/0stj_next_dist_19zsb-q._.js:776
[ 1036592ms] [LOG] [Fast Refresh] done in 117ms @ http://localhost:3000/_next/static/chunks/0stj_next_dist_19zsb-q._.js:776
[ 1036656ms] [LOG] [Fast Refresh] done in 117ms @ http://localhost:3000/_next/static/chunks/0stj_next_dist_19zsb-q._.js:776
[ 1036719ms] [LOG] [Fast Refresh] done in 117ms @ http://localhost:3000/_next/static/chunks/0stj_next_dist_19zsb-q._.js:776
[ 1036783ms] [LOG] [Fast Refresh] done in 117ms @ http://localhost:3000/_next/static/chunks/0stj_next_dist_19zsb-q._.js:776
[ 1036847ms] [LOG] [Fast Refresh] done in 117ms @ http://localhost:3000/_next/static/chunks/0stj_next_dist_19zsb-q._.js:776
[ 1036910ms] [LOG] [Fast Refresh] done in 117ms @ http://localhost:3000/_next/static/chunks/0stj_next_dist_19zsb-q._.js:776
[ 1036986ms] [LOG] [Fast Refresh] done in 117ms @ http://localhost:3000/_next/static/chunks/0stj_next_dist_19zsb-q._.js:776
[ 1037047ms] [LOG] [Fast Refresh] done in 117ms @ http://localhost:3000/_next/static/chunks/0stj_next_dist_19zsb-q._.js:776
[ 1037110ms] [LOG] [Fast Refresh] done in 117ms @ http://localhost:3000/_next/static/chunks/0stj_next_dist_19zsb-q._.js:776
[ 1037172ms] [LOG] [Fast Refresh] done in 117ms @ http://localhost:3000/_next/static/chunks/0stj_next_dist_19zsb-q._.js:776
[ 1037235ms] [LOG] [Fast Refresh] done in 117ms @ http://localhost:3000/_next/static/chunks/0stj_next_dist_19zsb-q._.js:776
[ 1037298ms] [LOG] [Fast Refresh] done in 117ms @ http://localhost:3000/_next/static/chunks/0stj_next_dist_19zsb-q._.js:776
[ 1037360ms] [LOG] [Fast Refresh] done in 117ms @ http://localhost:3000/_next/static/chunks/0stj_next_dist_19zsb-q._.js:776
[ 1037420ms] [LOG] [Fast Refresh] done in 117ms @ http://localhost:3000/_next/static/chunks/0stj_next_dist_19zsb-q._.js:776
[ 1037483ms] [LOG] [Fast Refresh] done in 117ms @ http://localhost:3000/_next/static/chunks/0stj_next_dist_19zsb-q._.js:776
[ 1037544ms] [LOG] [Fast Refresh] done in 117ms @ http://localhost:3000/_next/static/chunks/0stj_next_dist_19zsb-q._.js:776
[ 1037606ms] [LOG] [Fast Refresh] done in 117ms @ http://localhost:3000/_next/static/chunks/0stj_next_dist_19zsb-q._.js:776
[ 1037668ms] [LOG] [Fast Refresh] done in 117ms @ http://localhost:3000/_next/static/chunks/0stj_next_dist_19zsb-q._.js:776
[ 1037745ms] [LOG] [Fast Refresh] done in 117ms @ http://localhost:3000/_next/static/chunks/0stj_next_dist_19zsb-q._.js:776
[ 1037808ms] [LOG] [Fast Refresh] done in 117ms @ http://localhost:3000/_next/static/chunks/0stj_next_dist_19zsb-q._.js:776
[ 1037871ms] [LOG] [Fast Refresh] done in 117ms @ http://localhost:3000/_next/static/chunks/0stj_next_dist_19zsb-q._.js:776
[ 1037933ms] [LOG] [Fast Refresh] done in 117ms @ http://localhost:3000/_next/static/chunks/0stj_next_dist_19zsb-q._.js:776
[ 1037995ms] [LOG] [Fast Refresh] done in 117ms @ http://localhost:3000/_next/static/chunks/0stj_next_dist_19zsb-q._.js:776
[ 1038061ms] [LOG] [Fast Refresh] done in 117ms @ http://localhost:3000/_next/static/chunks/0stj_next_dist_19zsb-q._.js:776
[ 1038165ms] [LOG] [Fast Refresh] done in 117ms @ http://localhost:3000/_next/static/chunks/0stj_next_dist_19zsb-q._.js:776
[ 1038262ms] [LOG] [Fast Refresh] done in 117ms @ http://localhost:3000/_next/static/chunks/0stj_next_dist_19zsb-q._.js:776
[ 1038355ms] [LOG] [Fast Refresh] done in 117ms @ http://localhost:3000/_next/static/chunks/0stj_next_dist_19zsb-q._.js:776
[ 1038432ms] [LOG] [Fast Refresh] done in 117ms @ http://localhost:3000/_next/static/chunks/0stj_next_dist_19zsb-q._.js:776
[ 1038510ms] [LOG] [Fast Refresh] done in 117ms @ http://localhost:3000/_next/static/chunks/0stj_next_dist_19zsb-q._.js:776
[ 1038574ms] [LOG] [Fast Refresh] done in 117ms @ http://localhost:3000/_next/static/chunks/0stj_next_dist_19zsb-q._.js:776
[ 1038636ms] [LOG] [Fast Refresh] done in 117ms @ http://localhost:3000/_next/static/chunks/0stj_next_dist_19zsb-q._.js:776
[ 1038699ms] [LOG] [Fast Refresh] done in 117ms @ http://localhost:3000/_next/static/chunks/0stj_next_dist_19zsb-q._.js:776
[ 1038761ms] [LOG] [Fast Refresh] done in 117ms @ http://localhost:3000/_next/static/chunks/0stj_next_dist_19zsb-q._.js:776
[ 1038825ms] [LOG] [Fast Refresh] done in 117ms @ http://localhost:3000/_next/static/chunks/0stj_next_dist_19zsb-q._.js:776
[ 1038888ms] [LOG] [Fast Refresh] done in 117ms @ http://localhost:3000/_next/static/chunks/0stj_next_dist_19zsb-q._.js:776
[ 1038950ms] [LOG] [Fast Refresh] done in 117ms @ http://localhost:3000/_next/static/chunks/0stj_next_dist_19zsb-q._.js:776
[ 1039011ms] [LOG] [Fast Refresh] done in 117ms @ http://localhost:3000/_next/static/chunks/0stj_next_dist_19zsb-q._.js:776
[ 1039073ms] [LOG] [Fast Refresh] done in 117ms @ http://localhost:3000/_next/static/chunks/0stj_next_dist_19zsb-q._.js:776
[ 1039136ms] [LOG] [Fast Refresh] done in 117ms @ http://localhost:3000/_next/static/chunks/0stj_next_dist_19zsb-q._.js:776
[ 1039199ms] [LOG] [Fast Refresh] done in 117ms @ http://localhost:3000/_next/static/chunks/0stj_next_dist_19zsb-q._.js:776
[ 1039262ms] [LOG] [Fast Refresh] done in 117ms @ http://localhost:3000/_next/static/chunks/0stj_next_dist_19zsb-q._.js:776
[ 1039326ms] [LOG] [Fast Refresh] done in 117ms @ http://localhost:3000/_next/static/chunks/0stj_next_dist_19zsb-q._.js:776
[ 1039389ms] [LOG] [Fast Refresh] done in 117ms @ http://localhost:3000/_next/static/chunks/0stj_next_dist_19zsb-q._.js:776
[ 1039451ms] [LOG] [Fast Refresh] done in 117ms @ http://localhost:3000/_next/static/chunks/0stj_next_dist_19zsb-q._.js:776
[ 1039515ms] [LOG] [Fast Refresh] done in 117ms @ http://localhost:3000/_next/static/chunks/0stj_next_dist_19zsb-q._.js:776
[ 1039579ms] [LOG] [Fast Refresh] done in 117ms @ http://localhost:3000/_next/static/chunks/0stj_next_dist_19zsb-q._.js:776
[ 1039641ms] [LOG] [Fast Refresh] done in 117ms @ http://localhost:3000/_next/static/chunks/0stj_next_dist_19zsb-q._.js:776
[ 1039703ms] [LOG] [Fast Refresh] done in 117ms @ http://localhost:3000/_next/static/chunks/0stj_next_dist_19zsb-q._.js:776
[ 1039781ms] [LOG] [Fast Refresh] done in 117ms @ http://localhost:3000/_next/static/chunks/0stj_next_dist_19zsb-q._.js:776
[ 1039844ms] [LOG] [Fast Refresh] done in 117ms @ http://localhost:3000/_next/static/chunks/0stj_next_dist_19zsb-q._.js:776
[ 1039905ms] [LOG] [Fast Refresh] done in 117ms @ http://localhost:3000/_next/static/chunks/0stj_next_dist_19zsb-q._.js:776
[ 1039982ms] [LOG] [Fast Refresh] done in 117ms @ http://localhost:3000/_next/static/chunks/0stj_next_dist_19zsb-q._.js:776
[ 1040044ms] [LOG] [Fast Refresh] done in 117ms @ http://localhost:3000/_next/static/chunks/0stj_next_dist_19zsb-q._.js:776
[ 1040107ms] [LOG] [Fast Refresh] done in 117ms @ http://localhost:3000/_next/static/chunks/0stj_next_dist_19zsb-q._.js:776
[ 1040170ms] [LOG] [Fast Refresh] done in 117ms @ http://localhost:3000/_next/static/chunks/0stj_next_dist_19zsb-q._.js:776
[ 1040247ms] [LOG] [Fast Refresh] done in 117ms @ http://localhost:3000/_next/static/chunks/0stj_next_dist_19zsb-q._.js:776
[ 1040324ms] [LOG] [Fast Refresh] done in 117ms @ http://localhost:3000/_next/static/chunks/0stj_next_dist_19zsb-q._.js:776
[ 1040387ms] [LOG] [Fast Refresh] done in 117ms @ http://localhost:3000/_next/static/chunks/0stj_next_dist_19zsb-q._.js:776
[ 1040450ms] [LOG] [Fast Refresh] done in 117ms @ http://localhost:3000/_next/static/chunks/0stj_next_dist_19zsb-q._.js:776
[ 1040513ms] [LOG] [Fast Refresh] done in 117ms @ http://localhost:3000/_next/static/chunks/0stj_next_dist_19zsb-q._.js:776
[ 1040574ms] [LOG] [Fast Refresh] done in 117ms @ http://localhost:3000/_next/static/chunks/0stj_next_dist_19zsb-q._.js:776
[ 1040637ms] [LOG] [Fast Refresh] done in 117ms @ http://localhost:3000/_next/static/chunks/0stj_next_dist_19zsb-q._.js:776
[ 1040699ms] [LOG] [Fast Refresh] done in 117ms @ http://localhost:3000/_next/static/chunks/0stj_next_dist_19zsb-q._.js:776
[ 1040763ms] [LOG] [Fast Refresh] done in 117ms @ http://localhost:3000/_next/static/chunks/0stj_next_dist_19zsb-q._.js:776
[ 1040825ms] [LOG] [Fast Refresh] done in 117ms @ http://localhost:3000/_next/static/chunks/0stj_next_dist_19zsb-q._.js:776
[ 1040888ms] [LOG] [Fast Refresh] done in 117ms @ http://localhost:3000/_next/static/chunks/0stj_next_dist_19zsb-q._.js:776
[ 1040962ms] [LOG] [Fast Refresh] done in 117ms @ http://localhost:3000/_next/static/chunks/0stj_next_dist_19zsb-q._.js:776
[ 1041030ms] [LOG] [Fast Refresh] done in 117ms @ http://localhost:3000/_next/static/chunks/0stj_next_dist_19zsb-q._.js:776
[ 1041108ms] [LOG] [Fast Refresh] done in 117ms @ http://localhost:3000/_next/static/chunks/0stj_next_dist_19zsb-q._.js:776
[ 1041170ms] [LOG] [Fast Refresh] done in 117ms @ http://localhost:3000/_next/static/chunks/0stj_next_dist_19zsb-q._.js:776
[ 1041232ms] [LOG] [Fast Refresh] done in 117ms @ http://localhost:3000/_next/static/chunks/0stj_next_dist_19zsb-q._.js:776
[ 1041294ms] [LOG] [Fast Refresh] done in 117ms @ http://localhost:3000/_next/static/chunks/0stj_next_dist_19zsb-q._.js:776
[ 1041357ms] [LOG] [Fast Refresh] done in 117ms @ http://localhost:3000/_next/static/chunks/0stj_next_dist_19zsb-q._.js:776
[ 1041420ms] [LOG] [Fast Refresh] done in 117ms @ http://localhost:3000/_next/static/chunks/0stj_next_dist_19zsb-q._.js:776
[ 1041482ms] [LOG] [Fast Refresh] done in 117ms @ http://localhost:3000/_next/static/chunks/0stj_next_dist_19zsb-q._.js:776
[ 1041544ms] [LOG] [Fast Refresh] done in 117ms @ http://localhost:3000/_next/static/chunks/0stj_next_dist_19zsb-q._.js:776
[ 1041607ms] [LOG] [Fast Refresh] done in 117ms @ http://localhost:3000/_next/static/chunks/0stj_next_dist_19zsb-q._.js:776
[ 1041671ms] [LOG] [Fast Refresh] done in 117ms @ http://localhost:3000/_next/static/chunks/0stj_next_dist_19zsb-q._.js:776
[ 1041786ms] [LOG] [Fast Refresh] done in 117ms @ http://localhost:3000/_next/static/chunks/0stj_next_dist_19zsb-q._.js:776
[ 1041858ms] [LOG] [Fast Refresh] done in 117ms @ http://localhost:3000/_next/static/chunks/0stj_next_dist_19zsb-q._.js:776
[ 1041934ms] [LOG] [Fast Refresh] done in 117ms @ http://localhost:3000/_next/static/chunks/0stj_next_dist_19zsb-q._.js:776
[ 1041996ms] [LOG] [Fast Refresh] done in 117ms @ http://localhost:3000/_next/static/chunks/0stj_next_dist_19zsb-q._.js:776
[ 1042059ms] [LOG] [Fast Refresh] done in 117ms @ http://localhost:3000/_next/static/chunks/0stj_next_dist_19zsb-q._.js:776
[ 1042124ms] [LOG] [Fast Refresh] done in 117ms @ http://localhost:3000/_next/static/chunks/0stj_next_dist_19zsb-q._.js:776
[ 1042182ms] [LOG] [Fast Refresh] done in 117ms @ http://localhost:3000/_next/static/chunks/0stj_next_dist_19zsb-q._.js:776
[ 1042260ms] [LOG] [Fast Refresh] done in 117ms @ http://localhost:3000/_next/static/chunks/0stj_next_dist_19zsb-q._.js:776
[ 1042336ms] [LOG] [Fast Refresh] done in 117ms @ http://localhost:3000/_next/static/chunks/0stj_next_dist_19zsb-q._.js:776
[ 1042399ms] [LOG] [Fast Refresh] done in 117ms @ http://localhost:3000/_next/static/chunks/0stj_next_dist_19zsb-q._.js:776
[ 1042461ms] [LOG] [Fast Refresh] done in 117ms @ http://localhost:3000/_next/static/chunks/0stj_next_dist_19zsb-q._.js:776
[ 1042524ms] [LOG] [Fast Refresh] done in 117ms @ http://localhost:3000/_next/static/chunks/0stj_next_dist_19zsb-q._.js:776
[ 1042585ms] [LOG] [Fast Refresh] done in 117ms @ http://localhost:3000/_next/static/chunks/0stj_next_dist_19zsb-q._.js:776
[ 1042648ms] [LOG] [Fast Refresh] done in 117ms @ http://localhost:3000/_next/static/chunks/0stj_next_dist_19zsb-q._.js:776
[ 1042727ms] [LOG] [Fast Refresh] done in 117ms @ http://localhost:3000/_next/static/chunks/0stj_next_dist_19zsb-q._.js:776
[ 1042790ms] [LOG] [Fast Refresh] done in 117ms @ http://localhost:3000/_next/static/chunks/0stj_next_dist_19zsb-q._.js:776
[ 1042852ms] [LOG] [Fast Refresh] done in 117ms @ http://localhost:3000/_next/static/chunks/0stj_next_dist_19zsb-q._.js:776
[ 1042914ms] [LOG] [Fast Refresh] done in 117ms @ http://localhost:3000/_next/static/chunks/0stj_next_dist_19zsb-q._.js:776
[ 1042976ms] [LOG] [Fast Refresh] done in 117ms @ http://localhost:3000/_next/static/chunks/0stj_next_dist_19zsb-q._.js:776
[ 1043039ms] [LOG] [Fast Refresh] done in 117ms @ http://localhost:3000/_next/static/chunks/0stj_next_dist_19zsb-q._.js:776
[ 1043103ms] [LOG] [Fast Refresh] done in 117ms @ http://localhost:3000/_next/static/chunks/0stj_next_dist_19zsb-q._.js:776
[ 1043167ms] [LOG] [Fast Refresh] done in 117ms @ http://localhost:3000/_next/static/chunks/0stj_next_dist_19zsb-q._.js:776
[ 1043246ms] [LOG] [Fast Refresh] done in 117ms @ http://localhost:3000/_next/static/chunks/0stj_next_dist_19zsb-q._.js:776
[ 1043309ms] [LOG] [Fast Refresh] done in 117ms @ http://localhost:3000/_next/static/chunks/0stj_next_dist_19zsb-q._.js:776
[ 1043373ms] [LOG] [Fast Refresh] done in 117ms @ http://localhost:3000/_next/static/chunks/0stj_next_dist_19zsb-q._.js:776
[ 1043434ms] [LOG] [Fast Refresh] done in 117ms @ http://localhost:3000/_next/static/chunks/0stj_next_dist_19zsb-q._.js:776
[ 1043496ms] [LOG] [Fast Refresh] done in 117ms @ http://localhost:3000/_next/static/chunks/0stj_next_dist_19zsb-q._.js:776
[ 1043560ms] [LOG] [Fast Refresh] done in 117ms @ http://localhost:3000/_next/static/chunks/0stj_next_dist_19zsb-q._.js:776
[ 1043624ms] [LOG] [Fast Refresh] done in 117ms @ http://localhost:3000/_next/static/chunks/0stj_next_dist_19zsb-q._.js:776
[ 1043701ms] [LOG] [Fast Refresh] done in 117ms @ http://localhost:3000/_next/static/chunks/0stj_next_dist_19zsb-q._.js:776
[ 1043763ms] [LOG] [Fast Refresh] done in 117ms @ http://localhost:3000/_next/static/chunks/0stj_next_dist_19zsb-q._.js:776
[ 1043826ms] [LOG] [Fast Refresh] done in 117ms @ http://localhost:3000/_next/static/chunks/0stj_next_dist_19zsb-q._.js:776
[ 1043890ms] [LOG] [Fast Refresh] done in 117ms @ http://localhost:3000/_next/static/chunks/0stj_next_dist_19zsb-q._.js:776
[ 1043952ms] [LOG] [Fast Refresh] done in 117ms @ http://localhost:3000/_next/static/chunks/0stj_next_dist_19zsb-q._.js:776
[ 1044014ms] [LOG] [Fast Refresh] done in 117ms @ http://localhost:3000/_next/static/chunks/0stj_next_dist_19zsb-q._.js:776
[ 1044075ms] [LOG] [Fast Refresh] done in 117ms @ http://localhost:3000/_next/static/chunks/0stj_next_dist_19zsb-q._.js:776
[ 1044138ms] [LOG] [Fast Refresh] done in 117ms @ http://localhost:3000/_next/static/chunks/0stj_next_dist_19zsb-q._.js:776
[ 1044200ms] [LOG] [Fast Refresh] done in 117ms @ http://localhost:3000/_next/static/chunks/0stj_next_dist_19zsb-q._.js:776
[ 1044264ms] [LOG] [Fast Refresh] done in 117ms @ http://localhost:3000/_next/static/chunks/0stj_next_dist_19zsb-q._.js:776
[ 1044327ms] [LOG] [Fast Refresh] done in 117ms @ http://localhost:3000/_next/static/chunks/0stj_next_dist_19zsb-q._.js:776
[ 1044388ms] [LOG] [Fast Refresh] done in 117ms @ http://localhost:3000/_next/static/chunks/0stj_next_dist_19zsb-q._.js:776
[ 1044467ms] [LOG] [Fast Refresh] done in 117ms @ http://localhost:3000/_next/static/chunks/0stj_next_dist_19zsb-q._.js:776
[ 1044531ms] [LOG] [Fast Refresh] done in 117ms @ http://localhost:3000/_next/static/chunks/0stj_next_dist_19zsb-q._.js:776
[ 1044595ms] [LOG] [Fast Refresh] done in 117ms @ http://localhost:3000/_next/static/chunks/0stj_next_dist_19zsb-q._.js:776
[ 1044657ms] [LOG] [Fast Refresh] done in 117ms @ http://localhost:3000/_next/static/chunks/0stj_next_dist_19zsb-q._.js:776
[ 1044720ms] [LOG] [Fast Refresh] done in 117ms @ http://localhost:3000/_next/static/chunks/0stj_next_dist_19zsb-q._.js:776
[ 1044784ms] [LOG] [Fast Refresh] done in 117ms @ http://localhost:3000/_next/static/chunks/0stj_next_dist_19zsb-q._.js:776
[ 1044846ms] [LOG] [Fast Refresh] done in 117ms @ http://localhost:3000/_next/static/chunks/0stj_next_dist_19zsb-q._.js:776
[ 1044909ms] [LOG] [Fast Refresh] done in 117ms @ http://localhost:3000/_next/static/chunks/0stj_next_dist_19zsb-q._.js:776
[ 1044972ms] [LOG] [Fast Refresh] done in 117ms @ http://localhost:3000/_next/static/chunks/0stj_next_dist_19zsb-q._.js:776
[ 1045035ms] [LOG] [Fast Refresh] done in 117ms @ http://localhost:3000/_next/static/chunks/0stj_next_dist_19zsb-q._.js:776
[ 1045098ms] [LOG] [Fast Refresh] done in 117ms @ http://localhost:3000/_next/static/chunks/0stj_next_dist_19zsb-q._.js:776
[ 1045162ms] [LOG] [Fast Refresh] done in 117ms @ http://localhost:3000/_next/static/chunks/0stj_next_dist_19zsb-q._.js:776
[ 1045226ms] [LOG] [Fast Refresh] done in 117ms @ http://localhost:3000/_next/static/chunks/0stj_next_dist_19zsb-q._.js:776
[ 1045289ms] [LOG] [Fast Refresh] done in 117ms @ http://localhost:3000/_next/static/chunks/0stj_next_dist_19zsb-q._.js:776
[ 1045351ms] [LOG] [Fast Refresh] done in 117ms @ http://localhost:3000/_next/static/chunks/0stj_next_dist_19zsb-q._.js:776
[ 1045416ms] [LOG] [Fast Refresh] done in 117ms @ http://localhost:3000/_next/static/chunks/0stj_next_dist_19zsb-q._.js:776
[ 1045478ms] [LOG] [Fast Refresh] done in 117ms @ http://localhost:3000/_next/static/chunks/0stj_next_dist_19zsb-q._.js:776
[ 1045557ms] [LOG] [Fast Refresh] done in 117ms @ http://localhost:3000/_next/static/chunks/0stj_next_dist_19zsb-q._.js:776
[ 1045620ms] [LOG] [Fast Refresh] done in 117ms @ http://localhost:3000/_next/static/chunks/0stj_next_dist_19zsb-q._.js:776
[ 1045683ms] [LOG] [Fast Refresh] done in 117ms @ http://localhost:3000/_next/static/chunks/0stj_next_dist_19zsb-q._.js:776
[ 1045746ms] [LOG] [Fast Refresh] done in 117ms @ http://localhost:3000/_next/static/chunks/0stj_next_dist_19zsb-q._.js:776
[ 1045824ms] [LOG] [Fast Refresh] done in 117ms @ http://localhost:3000/_next/static/chunks/0stj_next_dist_19zsb-q._.js:776
[ 1045888ms] [LOG] [Fast Refresh] done in 117ms @ http://localhost:3000/_next/static/chunks/0stj_next_dist_19zsb-q._.js:776
[ 1045950ms] [LOG] [Fast Refresh] done in 117ms @ http://localhost:3000/_next/static/chunks/0stj_next_dist_19zsb-q._.js:776
[ 1046013ms] [LOG] [Fast Refresh] done in 117ms @ http://localhost:3000/_next/static/chunks/0stj_next_dist_19zsb-q._.js:776
[ 1046074ms] [LOG] [Fast Refresh] done in 117ms @ http://localhost:3000/_next/static/chunks/0stj_next_dist_19zsb-q._.js:776
[ 1046137ms] [LOG] [Fast Refresh] done in 117ms @ http://localhost:3000/_next/static/chunks/0stj_next_dist_19zsb-q._.js:776
[ 1046199ms] [LOG] [Fast Refresh] done in 117ms @ http://localhost:3000/_next/static/chunks/0stj_next_dist_19zsb-q._.js:776
[ 1046261ms] [LOG] [Fast Refresh] done in 117ms @ http://localhost:3000/_next/static/chunks/0stj_next_dist_19zsb-q._.js:776
[ 1046339ms] [LOG] [Fast Refresh] done in 117ms @ http://localhost:3000/_next/static/chunks/0stj_next_dist_19zsb-q._.js:776
[ 1046402ms] [LOG] [Fast Refresh] done in 117ms @ http://localhost:3000/_next/static/chunks/0stj_next_dist_19zsb-q._.js:776
[ 1046494ms] [LOG] [Fast Refresh] done in 117ms @ http://localhost:3000/_next/static/chunks/0stj_next_dist_19zsb-q._.js:776
[ 1046556ms] [LOG] [Fast Refresh] done in 117ms @ http://localhost:3000/_next/static/chunks/0stj_next_dist_19zsb-q._.js:776
[ 1046618ms] [LOG] [Fast Refresh] done in 117ms @ http://localhost:3000/_next/static/chunks/0stj_next_dist_19zsb-q._.js:776
[ 1046682ms] [LOG] [Fast Refresh] done in 117ms @ http://localhost:3000/_next/static/chunks/0stj_next_dist_19zsb-q._.js:776
[ 1046746ms] [LOG] [Fast Refresh] done in 117ms @ http://localhost:3000/_next/static/chunks/0stj_next_dist_19zsb-q._.js:776
[ 2162614ms] [INFO] %cDownload the React DevTools for a better development experience: https://react.dev/link/react-devtools font-weight:bold @ http://localhost:3000/_next/static/chunks/0stj_next_dist_19zsb-q._.js:776
[ 2162634ms] [LOG] [HMR] connected @ http://localhost:3000/_next/static/chunks/0stj_next_dist_19zsb-q._.js:776
[ 2374307ms] [LOG] [Fast Refresh] rebuilding @ http://localhost:3000/_next/static/chunks/0stj_next_dist_19zsb-q._.js:776
[ 2374307ms] [LOG] [Fast Refresh] done in 111ms @ http://localhost:3000/_next/static/chunks/0stj_next_dist_19zsb-q._.js:776
