[     576ms] [INFO] %cDownload the React DevTools for a better development experience: https://react.dev/link/react-devtools font-weight:bold @ http://localhost:3000/_next/static/chunks/0stj_next_dist_19zsb-q._.js:776
[     706ms] [LOG] [HMR] connected @ http://localhost:3000/_next/static/chunks/0stj_next_dist_19zsb-q._.js:776
[     858ms] [LOG] [Fast Refresh] rebuilding @ http://localhost:3000/_next/static/chunks/0stj_next_dist_19zsb-q._.js:776
[     867ms] [LOG] [Fast Refresh] done in 115ms @ http://localhost:3000/_next/static/chunks/0stj_next_dist_19zsb-q._.js:776
[  124557ms] [LOG] [Fast Refresh] rebuilding @ http://localhost:3000/_next/static/chunks/0stj_next_dist_19zsb-q._.js:776
[  124717ms] [LOG] [Fast Refresh] done in 90ms @ http://localhost:3000/_next/static/chunks/0stj_next_dist_19zsb-q._.js:776
[  124810ms] [LOG] [Fast Refresh] done in 90ms @ http://localhost:3000/_next/static/chunks/0stj_next_dist_19zsb-q._.js:776
[  124883ms] [LOG] [Fast Refresh] done in 90ms @ http://localhost:3000/_next/static/chunks/0stj_next_dist_19zsb-q._.js:776
[  124960ms] [LOG] [Fast Refresh] done in 90ms @ http://localhost:3000/_next/static/chunks/0stj_next_dist_19zsb-q._.js:776
[  125039ms] [LOG] [Fast Refresh] done in 90ms @ http://localhost:3000/_next/static/chunks/0stj_next_dist_19zsb-q._.js:776
[  125116ms] [LOG] [Fast Refresh] done in 90ms @ http://localhost:3000/_next/static/chunks/0stj_next_dist_19zsb-q._.js:776
[  125194ms] [LOG] [Fast Refresh] done in 90ms @ http://localhost:3000/_next/static/chunks/0stj_next_dist_19zsb-q._.js:776
[  125441ms] [LOG] [Fast Refresh] rebuilding @ http://localhost:3000/_next/static/chunks/0stj_next_dist_19zsb-q._.js:776
[  125842ms] [LOG] [Fast Refresh] done in 434ms @ http://localhost:3000/_next/static/chunks/0stj_next_dist_19zsb-q._.js:776
[  125910ms] [LOG] [Fast Refresh] done in 434ms @ http://localhost:3000/_next/static/chunks/0stj_next_dist_19zsb-q._.js:776
[  125986ms] [LOG] [Fast Refresh] done in 434ms @ http://localhost:3000/_next/static/chunks/0stj_next_dist_19zsb-q._.js:776
[  126064ms] [LOG] [Fast Refresh] done in 434ms @ http://localhost:3000/_next/static/chunks/0stj_next_dist_19zsb-q._.js:776
[  126143ms] [LOG] [Fast Refresh] done in 434ms @ http://localhost:3000/_next/static/chunks/0stj_next_dist_19zsb-q._.js:776
[  126220ms] [LOG] [Fast Refresh] done in 434ms @ http://localhost:3000/_next/static/chunks/0stj_next_dist_19zsb-q._.js:776
[  126298ms] [LOG] [Fast Refresh] done in 434ms @ http://localhost:3000/_next/static/chunks/0stj_next_dist_19zsb-q._.js:776
[  126377ms] [LOG] [Fast Refresh] done in 434ms @ http://localhost:3000/_next/static/chunks/0stj_next_dist_19zsb-q._.js:776
[  126455ms] [LOG] [Fast Refresh] done in 434ms @ http://localhost:3000/_next/static/chunks/0stj_next_dist_19zsb-q._.js:776
[  126534ms] [LOG] [Fast Refresh] done in 434ms @ http://localhost:3000/_next/static/chunks/0stj_next_dist_19zsb-q._.js:776
[  126596ms] [LOG] [Fast Refresh] done in 434ms @ http://localhost:3000/_next/static/chunks/0stj_next_dist_19zsb-q._.js:776
[  126660ms] [LOG] [Fast Refresh] done in 434ms @ http://localhost:3000/_next/static/chunks/0stj_next_dist_19zsb-q._.js:776
[  126738ms] [LOG] [Fast Refresh] done in 434ms @ http://localhost:3000/_next/static/chunks/0stj_next_dist_19zsb-q._.js:776
[  126801ms] [LOG] [Fast Refresh] done in 434ms @ http://localhost:3000/_next/static/chunks/0stj_next_dist_19zsb-q._.js:776
[  126877ms] [LOG] [Fast Refresh] done in 434ms @ http://localhost:3000/_next/static/chunks/0stj_next_dist_19zsb-q._.js:776
[  126969ms] [LOG] [Fast Refresh] done in 434ms @ http://localhost:3000/_next/static/chunks/0stj_next_dist_19zsb-q._.js:776
[  127046ms] [LOG] [Fast Refresh] done in 434ms @ http://localhost:3000/_next/static/chunks/0stj_next_dist_19zsb-q._.js:776
[  127109ms] [LOG] [Fast Refresh] done in 434ms @ http://localhost:3000/_next/static/chunks/0stj_next_dist_19zsb-q._.js:776
[  127171ms] [LOG] [Fast Refresh] done in 434ms @ http://localhost:3000/_next/static/chunks/0stj_next_dist_19zsb-q._.js:776
[  127234ms] [LOG] [Fast Refresh] done in 434ms @ http://localhost:3000/_next/static/chunks/0stj_next_dist_19zsb-q._.js:776
[  127297ms] [LOG] [Fast Refresh] done in 434ms @ http://localhost:3000/_next/static/chunks/0stj_next_dist_19zsb-q._.js:776
[  127360ms] [LOG] [Fast Refresh] done in 434ms @ http://localhost:3000/_next/static/chunks/0stj_next_dist_19zsb-q._.js:776
[  127422ms] [LOG] [Fast Refresh] done in 434ms @ http://localhost:3000/_next/static/chunks/0stj_next_dist_19zsb-q._.js:776
[  127502ms] [LOG] [Fast Refresh] done in 434ms @ http://localhost:3000/_next/static/chunks/0stj_next_dist_19zsb-q._.js:776
[  127564ms] [LOG] [Fast Refresh] done in 434ms @ http://localhost:3000/_next/static/chunks/0stj_next_dist_19zsb-q._.js:776
[  127628ms] [LOG] [Fast Refresh] done in 434ms @ http://localhost:3000/_next/static/chunks/0stj_next_dist_19zsb-q._.js:776
[  127705ms] [LOG] [Fast Refresh] done in 434ms @ http://localhost:3000/_next/static/chunks/0stj_next_dist_19zsb-q._.js:776
[  127768ms] [LOG] [Fast Refresh] done in 434ms @ http://localhost:3000/_next/static/chunks/0stj_next_dist_19zsb-q._.js:776
[  127830ms] [LOG] [Fast Refresh] done in 434ms @ http://localhost:3000/_next/static/chunks/0stj_next_dist_19zsb-q._.js:776
[  127909ms] [LOG] [Fast Refresh] done in 434ms @ http://localhost:3000/_next/static/chunks/0stj_next_dist_19zsb-q._.js:776
[  127973ms] [LOG] [Fast Refresh] done in 434ms @ http://localhost:3000/_next/static/chunks/0stj_next_dist_19zsb-q._.js:776
[  128034ms] [LOG] [Fast Refresh] done in 434ms @ http://localhost:3000/_next/static/chunks/0stj_next_dist_19zsb-q._.js:776
[  128098ms] [LOG] [Fast Refresh] done in 434ms @ http://localhost:3000/_next/static/chunks/0stj_next_dist_19zsb-q._.js:776
[  128174ms] [LOG] [Fast Refresh] done in 434ms @ http://localhost:3000/_next/static/chunks/0stj_next_dist_19zsb-q._.js:776
[  128252ms] [LOG] [Fast Refresh] done in 434ms @ http://localhost:3000/_next/static/chunks/0stj_next_dist_19zsb-q._.js:776
[  128330ms] [LOG] [Fast Refresh] done in 434ms @ http://localhost:3000/_next/static/chunks/0stj_next_dist_19zsb-q._.js:776
[  128407ms] [LOG] [Fast Refresh] done in 434ms @ http://localhost:3000/_next/static/chunks/0stj_next_dist_19zsb-q._.js:776
[  128486ms] [LOG] [Fast Refresh] done in 434ms @ http://localhost:3000/_next/static/chunks/0stj_next_dist_19zsb-q._.js:776
[  128565ms] [LOG] [Fast Refresh] done in 434ms @ http://localhost:3000/_next/static/chunks/0stj_next_dist_19zsb-q._.js:776
[  128642ms] [LOG] [Fast Refresh] done in 434ms @ http://localhost:3000/_next/static/chunks/0stj_next_dist_19zsb-q._.js:776
[  128720ms] [LOG] [Fast Refresh] done in 434ms @ http://localhost:3000/_next/static/chunks/0stj_next_dist_19zsb-q._.js:776
[  128799ms] [LOG] [Fast Refresh] done in 434ms @ http://localhost:3000/_next/static/chunks/0stj_next_dist_19zsb-q._.js:776
[  128875ms] [LOG] [Fast Refresh] done in 434ms @ http://localhost:3000/_next/static/chunks/0stj_next_dist_19zsb-q._.js:776
[  128954ms] [LOG] [Fast Refresh] done in 434ms @ http://localhost:3000/_next/static/chunks/0stj_next_dist_19zsb-q._.js:776
[  129032ms] [LOG] [Fast Refresh] done in 434ms @ http://localhost:3000/_next/static/chunks/0stj_next_dist_19zsb-q._.js:776
[  129110ms] [LOG] [Fast Refresh] done in 434ms @ http://localhost:3000/_next/static/chunks/0stj_next_dist_19zsb-q._.js:776
[  129187ms] [LOG] [Fast Refresh] done in 434ms @ http://localhost:3000/_next/static/chunks/0stj_next_dist_19zsb-q._.js:776
[  129264ms] [LOG] [Fast Refresh] done in 434ms @ http://localhost:3000/_next/static/chunks/0stj_next_dist_19zsb-q._.js:776
[  129342ms] [LOG] [Fast Refresh] done in 434ms @ http://localhost:3000/_next/static/chunks/0stj_next_dist_19zsb-q._.js:776
[  129419ms] [LOG] [Fast Refresh] done in 434ms @ http://localhost:3000/_next/static/chunks/0stj_next_dist_19zsb-q._.js:776
[  129497ms] [LOG] [Fast Refresh] done in 434ms @ http://localhost:3000/_next/static/chunks/0stj_next_dist_19zsb-q._.js:776
[  129559ms] [LOG] [Fast Refresh] done in 434ms @ http://localhost:3000/_next/static/chunks/0stj_next_dist_19zsb-q._.js:776
[  129622ms] [LOG] [Fast Refresh] done in 434ms @ http://localhost:3000/_next/static/chunks/0stj_next_dist_19zsb-q._.js:776
[  129700ms] [LOG] [Fast Refresh] done in 434ms @ http://localhost:3000/_next/static/chunks/0stj_next_dist_19zsb-q._.js:776
[  129778ms] [LOG] [Fast Refresh] done in 434ms @ http://localhost:3000/_next/static/chunks/0stj_next_dist_19zsb-q._.js:776
[  129857ms] [LOG] [Fast Refresh] done in 434ms @ http://localhost:3000/_next/static/chunks/0stj_next_dist_19zsb-q._.js:776
[  129935ms] [LOG] [Fast Refresh] done in 434ms @ http://localhost:3000/_next/static/chunks/0stj_next_dist_19zsb-q._.js:776
[  130012ms] [LOG] [Fast Refresh] done in 434ms @ http://localhost:3000/_next/static/chunks/0stj_next_dist_19zsb-q._.js:776
[  130090ms] [LOG] [Fast Refresh] done in 434ms @ http://localhost:3000/_next/static/chunks/0stj_next_dist_19zsb-q._.js:776
[  130170ms] [LOG] [Fast Refresh] done in 434ms @ http://localhost:3000/_next/static/chunks/0stj_next_dist_19zsb-q._.js:776
[  130248ms] [LOG] [Fast Refresh] done in 434ms @ http://localhost:3000/_next/static/chunks/0stj_next_dist_19zsb-q._.js:776
[  130342ms] [LOG] [Fast Refresh] done in 434ms @ http://localhost:3000/_next/static/chunks/0stj_next_dist_19zsb-q._.js:776
[  130420ms] [LOG] [Fast Refresh] done in 434ms @ http://localhost:3000/_next/static/chunks/0stj_next_dist_19zsb-q._.js:776
[  130496ms] [LOG] [Fast Refresh] done in 434ms @ http://localhost:3000/_next/static/chunks/0stj_next_dist_19zsb-q._.js:776
[  130575ms] [LOG] [Fast Refresh] done in 434ms @ http://localhost:3000/_next/static/chunks/0stj_next_dist_19zsb-q._.js:776
[  130654ms] [LOG] [Fast Refresh] done in 434ms @ http://localhost:3000/_next/static/chunks/0stj_next_dist_19zsb-q._.js:776
[  130730ms] [LOG] [Fast Refresh] done in 434ms @ http://localhost:3000/_next/static/chunks/0stj_next_dist_19zsb-q._.js:776
[  130807ms] [LOG] [Fast Refresh] done in 434ms @ http://localhost:3000/_next/static/chunks/0stj_next_dist_19zsb-q._.js:776
[  130887ms] [LOG] [Fast Refresh] done in 434ms @ http://localhost:3000/_next/static/chunks/0stj_next_dist_19zsb-q._.js:776
[  130962ms] [LOG] [Fast Refresh] done in 434ms @ http://localhost:3000/_next/static/chunks/0stj_next_dist_19zsb-q._.js:776
[  131042ms] [LOG] [Fast Refresh] done in 434ms @ http://localhost:3000/_next/static/chunks/0stj_next_dist_19zsb-q._.js:776
[  131118ms] [LOG] [Fast Refresh] done in 434ms @ http://localhost:3000/_next/static/chunks/0stj_next_dist_19zsb-q._.js:776
[  131196ms] [LOG] [Fast Refresh] done in 434ms @ http://localhost:3000/_next/static/chunks/0stj_next_dist_19zsb-q._.js:776
[  131259ms] [LOG] [Fast Refresh] done in 434ms @ http://localhost:3000/_next/static/chunks/0stj_next_dist_19zsb-q._.js:776
[  131336ms] [LOG] [Fast Refresh] done in 434ms @ http://localhost:3000/_next/static/chunks/0stj_next_dist_19zsb-q._.js:776
[  131414ms] [LOG] [Fast Refresh] done in 434ms @ http://localhost:3000/_next/static/chunks/0stj_next_dist_19zsb-q._.js:776
[  131492ms] [LOG] [Fast Refresh] done in 434ms @ http://localhost:3000/_next/static/chunks/0stj_next_dist_19zsb-q._.js:776
[  131570ms] [LOG] [Fast Refresh] done in 434ms @ http://localhost:3000/_next/static/chunks/0stj_next_dist_19zsb-q._.js:776
[  131649ms] [LOG] [Fast Refresh] done in 434ms @ http://localhost:3000/_next/static/chunks/0stj_next_dist_19zsb-q._.js:776
[  131728ms] [LOG] [Fast Refresh] done in 434ms @ http://localhost:3000/_next/static/chunks/0stj_next_dist_19zsb-q._.js:776
[  131806ms] [LOG] [Fast Refresh] done in 434ms @ http://localhost:3000/_next/static/chunks/0stj_next_dist_19zsb-q._.js:776
[  131882ms] [LOG] [Fast Refresh] done in 434ms @ http://localhost:3000/_next/static/chunks/0stj_next_dist_19zsb-q._.js:776
[  131959ms] [LOG] [Fast Refresh] done in 434ms @ http://localhost:3000/_next/static/chunks/0stj_next_dist_19zsb-q._.js:776
[  132037ms] [LOG] [Fast Refresh] done in 434ms @ http://localhost:3000/_next/static/chunks/0stj_next_dist_19zsb-q._.js:776
[  132113ms] [LOG] [Fast Refresh] done in 434ms @ http://localhost:3000/_next/static/chunks/0stj_next_dist_19zsb-q._.js:776
[  132193ms] [LOG] [Fast Refresh] done in 434ms @ http://localhost:3000/_next/static/chunks/0stj_next_dist_19zsb-q._.js:776
[  132269ms] [LOG] [Fast Refresh] done in 434ms @ http://localhost:3000/_next/static/chunks/0stj_next_dist_19zsb-q._.js:776
[  132346ms] [LOG] [Fast Refresh] done in 434ms @ http://localhost:3000/_next/static/chunks/0stj_next_dist_19zsb-q._.js:776
[  132424ms] [LOG] [Fast Refresh] done in 434ms @ http://localhost:3000/_next/static/chunks/0stj_next_dist_19zsb-q._.js:776
[  132503ms] [LOG] [Fast Refresh] done in 434ms @ http://localhost:3000/_next/static/chunks/0stj_next_dist_19zsb-q._.js:776
[  132581ms] [LOG] [Fast Refresh] done in 434ms @ http://localhost:3000/_next/static/chunks/0stj_next_dist_19zsb-q._.js:776
[  132657ms] [LOG] [Fast Refresh] done in 434ms @ http://localhost:3000/_next/static/chunks/0stj_next_dist_19zsb-q._.js:776
[  132734ms] [LOG] [Fast Refresh] done in 434ms @ http://localhost:3000/_next/static/chunks/0stj_next_dist_19zsb-q._.js:776
[  132813ms] [LOG] [Fast Refresh] done in 434ms @ http://localhost:3000/_next/static/chunks/0stj_next_dist_19zsb-q._.js:776
[  132892ms] [LOG] [Fast Refresh] done in 434ms @ http://localhost:3000/_next/static/chunks/0stj_next_dist_19zsb-q._.js:776
[  132970ms] [LOG] [Fast Refresh] done in 434ms @ http://localhost:3000/_next/static/chunks/0stj_next_dist_19zsb-q._.js:776
[  133048ms] [LOG] [Fast Refresh] done in 434ms @ http://localhost:3000/_next/static/chunks/0stj_next_dist_19zsb-q._.js:776
[  133125ms] [LOG] [Fast Refresh] done in 434ms @ http://localhost:3000/_next/static/chunks/0stj_next_dist_19zsb-q._.js:776
[  133201ms] [LOG] [Fast Refresh] done in 434ms @ http://localhost:3000/_next/static/chunks/0stj_next_dist_19zsb-q._.js:776
[  133280ms] [LOG] [Fast Refresh] done in 434ms @ http://localhost:3000/_next/static/chunks/0stj_next_dist_19zsb-q._.js:776
[  133357ms] [LOG] [Fast Refresh] done in 434ms @ http://localhost:3000/_next/static/chunks/0stj_next_dist_19zsb-q._.js:776
[  133434ms] [LOG] [Fast Refresh] done in 434ms @ http://localhost:3000/_next/static/chunks/0stj_next_dist_19zsb-q._.js:776
[  133512ms] [LOG] [Fast Refresh] done in 434ms @ http://localhost:3000/_next/static/chunks/0stj_next_dist_19zsb-q._.js:776
[  133590ms] [LOG] [Fast Refresh] done in 434ms @ http://localhost:3000/_next/static/chunks/0stj_next_dist_19zsb-q._.js:776
[  133669ms] [LOG] [Fast Refresh] done in 434ms @ http://localhost:3000/_next/static/chunks/0stj_next_dist_19zsb-q._.js:776
[  133748ms] [LOG] [Fast Refresh] done in 434ms @ http://localhost:3000/_next/static/chunks/0stj_next_dist_19zsb-q._.js:776
[  133826ms] [LOG] [Fast Refresh] done in 434ms @ http://localhost:3000/_next/static/chunks/0stj_next_dist_19zsb-q._.js:776
[  133904ms] [LOG] [Fast Refresh] done in 434ms @ http://localhost:3000/_next/static/chunks/0stj_next_dist_19zsb-q._.js:776
[  133983ms] [LOG] [Fast Refresh] done in 434ms @ http://localhost:3000/_next/static/chunks/0stj_next_dist_19zsb-q._.js:776
[  134061ms] [LOG] [Fast Refresh] done in 434ms @ http://localhost:3000/_next/static/chunks/0stj_next_dist_19zsb-q._.js:776
[  134140ms] [LOG] [Fast Refresh] done in 434ms @ http://localhost:3000/_next/static/chunks/0stj_next_dist_19zsb-q._.js:776
[  134219ms] [LOG] [Fast Refresh] done in 434ms @ http://localhost:3000/_next/static/chunks/0stj_next_dist_19zsb-q._.js:776
[  134296ms] [LOG] [Fast Refresh] done in 434ms @ http://localhost:3000/_next/static/chunks/0stj_next_dist_19zsb-q._.js:776
[  134372ms] [LOG] [Fast Refresh] done in 434ms @ http://localhost:3000/_next/static/chunks/0stj_next_dist_19zsb-q._.js:776
[  134452ms] [LOG] [Fast Refresh] done in 434ms @ http://localhost:3000/_next/static/chunks/0stj_next_dist_19zsb-q._.js:776
[  134531ms] [LOG] [Fast Refresh] done in 434ms @ http://localhost:3000/_next/static/chunks/0stj_next_dist_19zsb-q._.js:776
[  134608ms] [LOG] [Fast Refresh] done in 434ms @ http://localhost:3000/_next/static/chunks/0stj_next_dist_19zsb-q._.js:776
[  134686ms] [LOG] [Fast Refresh] done in 434ms @ http://localhost:3000/_next/static/chunks/0stj_next_dist_19zsb-q._.js:776
[  134764ms] [LOG] [Fast Refresh] done in 434ms @ http://localhost:3000/_next/static/chunks/0stj_next_dist_19zsb-q._.js:776
[  134841ms] [LOG] [Fast Refresh] done in 434ms @ http://localhost:3000/_next/static/chunks/0stj_next_dist_19zsb-q._.js:776
[  134919ms] [LOG] [Fast Refresh] done in 434ms @ http://localhost:3000/_next/static/chunks/0stj_next_dist_19zsb-q._.js:776
[  134995ms] [LOG] [Fast Refresh] done in 434ms @ http://localhost:3000/_next/static/chunks/0stj_next_dist_19zsb-q._.js:776
[  135072ms] [LOG] [Fast Refresh] done in 434ms @ http://localhost:3000/_next/static/chunks/0stj_next_dist_19zsb-q._.js:776
[  135150ms] [LOG] [Fast Refresh] done in 434ms @ http://localhost:3000/_next/static/chunks/0stj_next_dist_19zsb-q._.js:776
[  135229ms] [LOG] [Fast Refresh] done in 434ms @ http://localhost:3000/_next/static/chunks/0stj_next_dist_19zsb-q._.js:776
[  135307ms] [LOG] [Fast Refresh] done in 434ms @ http://localhost:3000/_next/static/chunks/0stj_next_dist_19zsb-q._.js:776
[  135386ms] [LOG] [Fast Refresh] done in 434ms @ http://localhost:3000/_next/static/chunks/0stj_next_dist_19zsb-q._.js:776
[  135465ms] [LOG] [Fast Refresh] done in 434ms @ http://localhost:3000/_next/static/chunks/0stj_next_dist_19zsb-q._.js:776
[  135542ms] [LOG] [Fast Refresh] done in 434ms @ http://localhost:3000/_next/static/chunks/0stj_next_dist_19zsb-q._.js:776
[  135620ms] [LOG] [Fast Refresh] done in 434ms @ http://localhost:3000/_next/static/chunks/0stj_next_dist_19zsb-q._.js:776
[  135697ms] [LOG] [Fast Refresh] done in 434ms @ http://localhost:3000/_next/static/chunks/0stj_next_dist_19zsb-q._.js:776
[  135775ms] [LOG] [Fast Refresh] done in 434ms @ http://localhost:3000/_next/static/chunks/0stj_next_dist_19zsb-q._.js:776
[  135853ms] [LOG] [Fast Refresh] done in 434ms @ http://localhost:3000/_next/static/chunks/0stj_next_dist_19zsb-q._.js:776
[  135931ms] [LOG] [Fast Refresh] done in 434ms @ http://localhost:3000/_next/static/chunks/0stj_next_dist_19zsb-q._.js:776
[  136010ms] [LOG] [Fast Refresh] done in 434ms @ http://localhost:3000/_next/static/chunks/0stj_next_dist_19zsb-q._.js:776
[  136086ms] [LOG] [Fast Refresh] done in 434ms @ http://localhost:3000/_next/static/chunks/0stj_next_dist_19zsb-q._.js:776
[  136162ms] [LOG] [Fast Refresh] done in 434ms @ http://localhost:3000/_next/static/chunks/0stj_next_dist_19zsb-q._.js:776
[  136240ms] [LOG] [Fast Refresh] done in 434ms @ http://localhost:3000/_next/static/chunks/0stj_next_dist_19zsb-q._.js:776
[  136317ms] [LOG] [Fast Refresh] done in 434ms @ http://localhost:3000/_next/static/chunks/0stj_next_dist_19zsb-q._.js:776
[  136395ms] [LOG] [Fast Refresh] done in 434ms @ http://localhost:3000/_next/static/chunks/0stj_next_dist_19zsb-q._.js:776
[  136473ms] [LOG] [Fast Refresh] done in 434ms @ http://localhost:3000/_next/static/chunks/0stj_next_dist_19zsb-q._.js:776
[  136551ms] [LOG] [Fast Refresh] done in 434ms @ http://localhost:3000/_next/static/chunks/0stj_next_dist_19zsb-q._.js:776
[  136629ms] [LOG] [Fast Refresh] done in 434ms @ http://localhost:3000/_next/static/chunks/0stj_next_dist_19zsb-q._.js:776
[  136707ms] [LOG] [Fast Refresh] done in 434ms @ http://localhost:3000/_next/static/chunks/0stj_next_dist_19zsb-q._.js:776
[  136786ms] [LOG] [Fast Refresh] done in 434ms @ http://localhost:3000/_next/static/chunks/0stj_next_dist_19zsb-q._.js:776
[  136864ms] [LOG] [Fast Refresh] done in 434ms @ http://localhost:3000/_next/static/chunks/0stj_next_dist_19zsb-q._.js:776
[  136942ms] [LOG] [Fast Refresh] done in 434ms @ http://localhost:3000/_next/static/chunks/0stj_next_dist_19zsb-q._.js:776
[  137022ms] [LOG] [Fast Refresh] done in 434ms @ http://localhost:3000/_next/static/chunks/0stj_next_dist_19zsb-q._.js:776
[  137096ms] [LOG] [Fast Refresh] done in 434ms @ http://localhost:3000/_next/static/chunks/0stj_next_dist_19zsb-q._.js:776
[  137176ms] [LOG] [Fast Refresh] done in 434ms @ http://localhost:3000/_next/static/chunks/0stj_next_dist_19zsb-q._.js:776
[  137253ms] [LOG] [Fast Refresh] done in 434ms @ http://localhost:3000/_next/static/chunks/0stj_next_dist_19zsb-q._.js:776
[  137331ms] [LOG] [Fast Refresh] done in 434ms @ http://localhost:3000/_next/static/chunks/0stj_next_dist_19zsb-q._.js:776
[  137411ms] [LOG] [Fast Refresh] done in 434ms @ http://localhost:3000/_next/static/chunks/0stj_next_dist_19zsb-q._.js:776
[  137488ms] [LOG] [Fast Refresh] done in 434ms @ http://localhost:3000/_next/static/chunks/0stj_next_dist_19zsb-q._.js:776
[  137565ms] [LOG] [Fast Refresh] done in 434ms @ http://localhost:3000/_next/static/chunks/0stj_next_dist_19zsb-q._.js:776
[  137643ms] [LOG] [Fast Refresh] done in 434ms @ http://localhost:3000/_next/static/chunks/0stj_next_dist_19zsb-q._.js:776
[  137720ms] [LOG] [Fast Refresh] done in 434ms @ http://localhost:3000/_next/static/chunks/0stj_next_dist_19zsb-q._.js:776
[  137798ms] [LOG] [Fast Refresh] done in 434ms @ http://localhost:3000/_next/static/chunks/0stj_next_dist_19zsb-q._.js:776
[  137877ms] [LOG] [Fast Refresh] done in 434ms @ http://localhost:3000/_next/static/chunks/0stj_next_dist_19zsb-q._.js:776
[  137956ms] [LOG] [Fast Refresh] done in 434ms @ http://localhost:3000/_next/static/chunks/0stj_next_dist_19zsb-q._.js:776
[  138033ms] [LOG] [Fast Refresh] done in 434ms @ http://localhost:3000/_next/static/chunks/0stj_next_dist_19zsb-q._.js:776
[  138111ms] [LOG] [Fast Refresh] done in 434ms @ http://localhost:3000/_next/static/chunks/0stj_next_dist_19zsb-q._.js:776
[  138188ms] [LOG] [Fast Refresh] done in 434ms @ http://localhost:3000/_next/static/chunks/0stj_next_dist_19zsb-q._.js:776
[  138265ms] [LOG] [Fast Refresh] done in 434ms @ http://localhost:3000/_next/static/chunks/0stj_next_dist_19zsb-q._.js:776
[  138340ms] [LOG] [Fast Refresh] done in 434ms @ http://localhost:3000/_next/static/chunks/0stj_next_dist_19zsb-q._.js:776
[  138417ms] [LOG] [Fast Refresh] done in 434ms @ http://localhost:3000/_next/static/chunks/0stj_next_dist_19zsb-q._.js:776
[  138495ms] [LOG] [Fast Refresh] done in 434ms @ http://localhost:3000/_next/static/chunks/0stj_next_dist_19zsb-q._.js:776
[  138574ms] [LOG] [Fast Refresh] done in 434ms @ http://localhost:3000/_next/static/chunks/0stj_next_dist_19zsb-q._.js:776
[  138638ms] [LOG] [Fast Refresh] done in 434ms @ http://localhost:3000/_next/static/chunks/0stj_next_dist_19zsb-q._.js:776
[  138715ms] [LOG] [Fast Refresh] done in 434ms @ http://localhost:3000/_next/static/chunks/0stj_next_dist_19zsb-q._.js:776
[  138780ms] [LOG] [Fast Refresh] done in 434ms @ http://localhost:3000/_next/static/chunks/0stj_next_dist_19zsb-q._.js:776
[  138844ms] [LOG] [Fast Refresh] done in 434ms @ http://localhost:3000/_next/static/chunks/0stj_next_dist_19zsb-q._.js:776
[  138953ms] [LOG] [Fast Refresh] done in 434ms @ http://localhost:3000/_next/static/chunks/0stj_next_dist_19zsb-q._.js:776
[  139015ms] [LOG] [Fast Refresh] done in 434ms @ http://localhost:3000/_next/static/chunks/0stj_next_dist_19zsb-q._.js:776
[  139092ms] [LOG] [Fast Refresh] done in 434ms @ http://localhost:3000/_next/static/chunks/0stj_next_dist_19zsb-q._.js:776
[  139169ms] [LOG] [Fast Refresh] done in 434ms @ http://localhost:3000/_next/static/chunks/0stj_next_dist_19zsb-q._.js:776
[  139247ms] [LOG] [Fast Refresh] done in 434ms @ http://localhost:3000/_next/static/chunks/0stj_next_dist_19zsb-q._.js:776
[  139311ms] [LOG] [Fast Refresh] done in 434ms @ http://localhost:3000/_next/static/chunks/0stj_next_dist_19zsb-q._.js:776
[  139389ms] [LOG] [Fast Refresh] done in 434ms @ http://localhost:3000/_next/static/chunks/0stj_next_dist_19zsb-q._.js:776
[  139465ms] [LOG] [Fast Refresh] done in 434ms @ http://localhost:3000/_next/static/chunks/0stj_next_dist_19zsb-q._.js:776
[  139543ms] [LOG] [Fast Refresh] done in 434ms @ http://localhost:3000/_next/static/chunks/0stj_next_dist_19zsb-q._.js:776
[  139605ms] [LOG] [Fast Refresh] done in 434ms @ http://localhost:3000/_next/static/chunks/0stj_next_dist_19zsb-q._.js:776
[  139682ms] [LOG] [Fast Refresh] done in 434ms @ http://localhost:3000/_next/static/chunks/0stj_next_dist_19zsb-q._.js:776
[  139746ms] [LOG] [Fast Refresh] done in 434ms @ http://localhost:3000/_next/static/chunks/0stj_next_dist_19zsb-q._.js:776
[  139823ms] [LOG] [Fast Refresh] done in 434ms @ http://localhost:3000/_next/static/chunks/0stj_next_dist_19zsb-q._.js:776
[  139901ms] [LOG] [Fast Refresh] done in 434ms @ http://localhost:3000/_next/static/chunks/0stj_next_dist_19zsb-q._.js:776
[  139980ms] [LOG] [Fast Refresh] done in 434ms @ http://localhost:3000/_next/static/chunks/0stj_next_dist_19zsb-q._.js:776
[  140058ms] [LOG] [Fast Refresh] done in 434ms @ http://localhost:3000/_next/static/chunks/0stj_next_dist_19zsb-q._.js:776
[  140137ms] [LOG] [Fast Refresh] done in 434ms @ http://localhost:3000/_next/static/chunks/0stj_next_dist_19zsb-q._.js:776
[  140215ms] [LOG] [Fast Refresh] done in 434ms @ http://localhost:3000/_next/static/chunks/0stj_next_dist_19zsb-q._.js:776
[  140308ms] [LOG] [Fast Refresh] done in 434ms @ http://localhost:3000/_next/static/chunks/0stj_next_dist_19zsb-q._.js:776
[  140371ms] [LOG] [Fast Refresh] done in 434ms @ http://localhost:3000/_next/static/chunks/0stj_next_dist_19zsb-q._.js:776
[  140449ms] [LOG] [Fast Refresh] done in 434ms @ http://localhost:3000/_next/static/chunks/0stj_next_dist_19zsb-q._.js:776
[  140511ms] [LOG] [Fast Refresh] done in 434ms @ http://localhost:3000/_next/static/chunks/0stj_next_dist_19zsb-q._.js:776
[  140588ms] [LOG] [Fast Refresh] done in 434ms @ http://localhost:3000/_next/static/chunks/0stj_next_dist_19zsb-q._.js:776
[  140652ms] [LOG] [Fast Refresh] done in 434ms @ http://localhost:3000/_next/static/chunks/0stj_next_dist_19zsb-q._.js:776
[  140730ms] [LOG] [Fast Refresh] done in 434ms @ http://localhost:3000/_next/static/chunks/0stj_next_dist_19zsb-q._.js:776
[  140793ms] [LOG] [Fast Refresh] done in 434ms @ http://localhost:3000/_next/static/chunks/0stj_next_dist_19zsb-q._.js:776
[  140854ms] [LOG] [Fast Refresh] done in 434ms @ http://localhost:3000/_next/static/chunks/0stj_next_dist_19zsb-q._.js:776
[  140932ms] [LOG] [Fast Refresh] done in 434ms @ http://localhost:3000/_next/static/chunks/0stj_next_dist_19zsb-q._.js:776
[  140995ms] [LOG] [Fast Refresh] done in 434ms @ http://localhost:3000/_next/static/chunks/0stj_next_dist_19zsb-q._.js:776
[  141073ms] [LOG] [Fast Refresh] done in 434ms @ http://localhost:3000/_next/static/chunks/0stj_next_dist_19zsb-q._.js:776
[  141149ms] [LOG] [Fast Refresh] done in 434ms @ http://localhost:3000/_next/static/chunks/0stj_next_dist_19zsb-q._.js:776
[  141211ms] [LOG] [Fast Refresh] done in 434ms @ http://localhost:3000/_next/static/chunks/0stj_next_dist_19zsb-q._.js:776
[  141289ms] [LOG] [Fast Refresh] done in 434ms @ http://localhost:3000/_next/static/chunks/0stj_next_dist_19zsb-q._.js:776
[  141350ms] [LOG] [Fast Refresh] done in 434ms @ http://localhost:3000/_next/static/chunks/0stj_next_dist_19zsb-q._.js:776
[  141428ms] [LOG] [Fast Refresh] done in 434ms @ http://localhost:3000/_next/static/chunks/0stj_next_dist_19zsb-q._.js:776
[  141507ms] [LOG] [Fast Refresh] done in 434ms @ http://localhost:3000/_next/static/chunks/0stj_next_dist_19zsb-q._.js:776
[  141570ms] [LOG] [Fast Refresh] done in 434ms @ http://localhost:3000/_next/static/chunks/0stj_next_dist_19zsb-q._.js:776
[  141666ms] [LOG] [Fast Refresh] done in 434ms @ http://localhost:3000/_next/static/chunks/0stj_next_dist_19zsb-q._.js:776
[  141728ms] [LOG] [Fast Refresh] done in 434ms @ http://localhost:3000/_next/static/chunks/0stj_next_dist_19zsb-q._.js:776
[  141806ms] [LOG] [Fast Refresh] done in 434ms @ http://localhost:3000/_next/static/chunks/0stj_next_dist_19zsb-q._.js:776
[  141870ms] [LOG] [Fast Refresh] done in 434ms @ http://localhost:3000/_next/static/chunks/0stj_next_dist_19zsb-q._.js:776
[  141932ms] [LOG] [Fast Refresh] done in 434ms @ http://localhost:3000/_next/static/chunks/0stj_next_dist_19zsb-q._.js:776
[  142009ms] [LOG] [Fast Refresh] done in 434ms @ http://localhost:3000/_next/static/chunks/0stj_next_dist_19zsb-q._.js:776
[  142072ms] [LOG] [Fast Refresh] done in 434ms @ http://localhost:3000/_next/static/chunks/0stj_next_dist_19zsb-q._.js:776
[  142134ms] [LOG] [Fast Refresh] done in 434ms @ http://localhost:3000/_next/static/chunks/0stj_next_dist_19zsb-q._.js:776
[  142211ms] [LOG] [Fast Refresh] done in 434ms @ http://localhost:3000/_next/static/chunks/0stj_next_dist_19zsb-q._.js:776
[  142274ms] [LOG] [Fast Refresh] done in 434ms @ http://localhost:3000/_next/static/chunks/0stj_next_dist_19zsb-q._.js:776
[  142336ms] [LOG] [Fast Refresh] done in 434ms @ http://localhost:3000/_next/static/chunks/0stj_next_dist_19zsb-q._.js:776
[  142398ms] [LOG] [Fast Refresh] done in 434ms @ http://localhost:3000/_next/static/chunks/0stj_next_dist_19zsb-q._.js:776
[  142476ms] [LOG] [Fast Refresh] done in 434ms @ http://localhost:3000/_next/static/chunks/0stj_next_dist_19zsb-q._.js:776
[  142554ms] [LOG] [Fast Refresh] done in 434ms @ http://localhost:3000/_next/static/chunks/0stj_next_dist_19zsb-q._.js:776
[  142617ms] [LOG] [Fast Refresh] done in 434ms @ http://localhost:3000/_next/static/chunks/0stj_next_dist_19zsb-q._.js:776
[  142680ms] [LOG] [Fast Refresh] done in 434ms @ http://localhost:3000/_next/static/chunks/0stj_next_dist_19zsb-q._.js:776
[  142743ms] [LOG] [Fast Refresh] done in 434ms @ http://localhost:3000/_next/static/chunks/0stj_next_dist_19zsb-q._.js:776
[  142821ms] [LOG] [Fast Refresh] done in 434ms @ http://localhost:3000/_next/static/chunks/0stj_next_dist_19zsb-q._.js:776
[  142898ms] [LOG] [Fast Refresh] done in 434ms @ http://localhost:3000/_next/static/chunks/0stj_next_dist_19zsb-q._.js:776
[  142961ms] [LOG] [Fast Refresh] done in 434ms @ http://localhost:3000/_next/static/chunks/0stj_next_dist_19zsb-q._.js:776
[  143024ms] [LOG] [Fast Refresh] done in 434ms @ http://localhost:3000/_next/static/chunks/0stj_next_dist_19zsb-q._.js:776
[  143100ms] [LOG] [Fast Refresh] done in 434ms @ http://localhost:3000/_next/static/chunks/0stj_next_dist_19zsb-q._.js:776
[  143177ms] [LOG] [Fast Refresh] done in 434ms @ http://localhost:3000/_next/static/chunks/0stj_next_dist_19zsb-q._.js:776
[  143254ms] [LOG] [Fast Refresh] done in 434ms @ http://localhost:3000/_next/static/chunks/0stj_next_dist_19zsb-q._.js:776
[  143333ms] [LOG] [Fast Refresh] done in 434ms @ http://localhost:3000/_next/static/chunks/0stj_next_dist_19zsb-q._.js:776
[  143397ms] [LOG] [Fast Refresh] done in 434ms @ http://localhost:3000/_next/static/chunks/0stj_next_dist_19zsb-q._.js:776
[  143459ms] [LOG] [Fast Refresh] done in 434ms @ http://localhost:3000/_next/static/chunks/0stj_next_dist_19zsb-q._.js:776
[  143536ms] [LOG] [Fast Refresh] done in 434ms @ http://localhost:3000/_next/static/chunks/0stj_next_dist_19zsb-q._.js:776
[  143614ms] [LOG] [Fast Refresh] done in 434ms @ http://localhost:3000/_next/static/chunks/0stj_next_dist_19zsb-q._.js:776
[  143678ms] [LOG] [Fast Refresh] done in 434ms @ http://localhost:3000/_next/static/chunks/0stj_next_dist_19zsb-q._.js:776
[  143741ms] [LOG] [Fast Refresh] done in 434ms @ http://localhost:3000/_next/static/chunks/0stj_next_dist_19zsb-q._.js:776
[  143804ms] [LOG] [Fast Refresh] done in 434ms @ http://localhost:3000/_next/static/chunks/0stj_next_dist_19zsb-q._.js:776
[  143867ms] [LOG] [Fast Refresh] done in 434ms @ http://localhost:3000/_next/static/chunks/0stj_next_dist_19zsb-q._.js:776
[  143930ms] [LOG] [Fast Refresh] done in 434ms @ http://localhost:3000/_next/static/chunks/0stj_next_dist_19zsb-q._.js:776
[  143993ms] [LOG] [Fast Refresh] done in 434ms @ http://localhost:3000/_next/static/chunks/0stj_next_dist_19zsb-q._.js:776
[  144056ms] [LOG] [Fast Refresh] done in 434ms @ http://localhost:3000/_next/static/chunks/0stj_next_dist_19zsb-q._.js:776
[  144118ms] [LOG] [Fast Refresh] done in 434ms @ http://localhost:3000/_next/static/chunks/0stj_next_dist_19zsb-q._.js:776
[  144180ms] [LOG] [Fast Refresh] done in 434ms @ http://localhost:3000/_next/static/chunks/0stj_next_dist_19zsb-q._.js:776
[  144242ms] [LOG] [Fast Refresh] done in 434ms @ http://localhost:3000/_next/static/chunks/0stj_next_dist_19zsb-q._.js:776
[  144305ms] [LOG] [Fast Refresh] done in 434ms @ http://localhost:3000/_next/static/chunks/0stj_next_dist_19zsb-q._.js:776
[  144366ms] [LOG] [Fast Refresh] done in 434ms @ http://localhost:3000/_next/static/chunks/0stj_next_dist_19zsb-q._.js:776
[  144429ms] [LOG] [Fast Refresh] done in 434ms @ http://localhost:3000/_next/static/chunks/0stj_next_dist_19zsb-q._.js:776
[  144491ms] [LOG] [Fast Refresh] done in 434ms @ http://localhost:3000/_next/static/chunks/0stj_next_dist_19zsb-q._.js:776
[  144554ms] [LOG] [Fast Refresh] done in 434ms @ http://localhost:3000/_next/static/chunks/0stj_next_dist_19zsb-q._.js:776
[  144616ms] [LOG] [Fast Refresh] done in 434ms @ http://localhost:3000/_next/static/chunks/0stj_next_dist_19zsb-q._.js:776
[  144679ms] [LOG] [Fast Refresh] done in 434ms @ http://localhost:3000/_next/static/chunks/0stj_next_dist_19zsb-q._.js:776
[  144757ms] [LOG] [Fast Refresh] done in 434ms @ http://localhost:3000/_next/static/chunks/0stj_next_dist_19zsb-q._.js:776
[  144822ms] [LOG] [Fast Refresh] done in 434ms @ http://localhost:3000/_next/static/chunks/0stj_next_dist_19zsb-q._.js:776
[  144884ms] [LOG] [Fast Refresh] done in 434ms @ http://localhost:3000/_next/static/chunks/0stj_next_dist_19zsb-q._.js:776
[  144947ms] [LOG] [Fast Refresh] done in 434ms @ http://localhost:3000/_next/static/chunks/0stj_next_dist_19zsb-q._.js:776
[  145010ms] [LOG] [Fast Refresh] done in 434ms @ http://localhost:3000/_next/static/chunks/0stj_next_dist_19zsb-q._.js:776
[ 1125811ms] [LOG] [Fast Refresh] rebuilding @ http://localhost:3000/_next/static/chunks/0stj_next_dist_19zsb-q._.js:776
[ 1126032ms] [LOG] [Fast Refresh] done in 250ms @ http://localhost:3000/_next/static/chunks/0stj_next_dist_19zsb-q._.js:776
[ 1126149ms] [LOG] [Fast Refresh] done in 250ms @ http://localhost:3000/_next/static/chunks/0stj_next_dist_19zsb-q._.js:776
[ 1126259ms] [LOG] [Fast Refresh] done in 250ms @ http://localhost:3000/_next/static/chunks/0stj_next_dist_19zsb-q._.js:776
[ 1126371ms] [LOG] [Fast Refresh] done in 250ms @ http://localhost:3000/_next/static/chunks/0stj_next_dist_19zsb-q._.js:776
[ 1126464ms] [LOG] [Fast Refresh] done in 250ms @ http://localhost:3000/_next/static/chunks/0stj_next_dist_19zsb-q._.js:776
[ 1126559ms] [LOG] [Fast Refresh] done in 250ms @ http://localhost:3000/_next/static/chunks/0stj_next_dist_19zsb-q._.js:776
[ 1126760ms] [LOG] [Fast Refresh] done in 250ms @ http://localhost:3000/_next/static/chunks/0stj_next_dist_19zsb-q._.js:776
[ 1126976ms] [LOG] [Fast Refresh] rebuilding @ http://localhost:3000/_next/static/chunks/0stj_next_dist_19zsb-q._.js:776
[ 1127294ms] [LOG] [Fast Refresh] done in 394ms @ http://localhost:3000/_next/static/chunks/0stj_next_dist_19zsb-q._.js:776
[ 1127395ms] [LOG] [Fast Refresh] done in 394ms @ http://localhost:3000/_next/static/chunks/0stj_next_dist_19zsb-q._.js:776
[ 1127504ms] [LOG] [Fast Refresh] done in 394ms @ http://localhost:3000/_next/static/chunks/0stj_next_dist_19zsb-q._.js:776
[ 1127608ms] [LOG] [Fast Refresh] done in 394ms @ http://localhost:3000/_next/static/chunks/0stj_next_dist_19zsb-q._.js:776
[ 1127686ms] [LOG] [Fast Refresh] done in 394ms @ http://localhost:3000/_next/static/chunks/0stj_next_dist_19zsb-q._.js:776
[ 1127763ms] [LOG] [Fast Refresh] done in 394ms @ http://localhost:3000/_next/static/chunks/0stj_next_dist_19zsb-q._.js:776
[ 1127839ms] [LOG] [Fast Refresh] done in 394ms @ http://localhost:3000/_next/static/chunks/0stj_next_dist_19zsb-q._.js:776
[ 1127915ms] [LOG] [Fast Refresh] done in 394ms @ http://localhost:3000/_next/static/chunks/0stj_next_dist_19zsb-q._.js:776
[ 1127991ms] [LOG] [Fast Refresh] done in 394ms @ http://localhost:3000/_next/static/chunks/0stj_next_dist_19zsb-q._.js:776
[ 1128068ms] [LOG] [Fast Refresh] done in 394ms @ http://localhost:3000/_next/static/chunks/0stj_next_dist_19zsb-q._.js:776
[ 1128144ms] [LOG] [Fast Refresh] done in 394ms @ http://localhost:3000/_next/static/chunks/0stj_next_dist_19zsb-q._.js:776
[ 1128223ms] [LOG] [Fast Refresh] done in 394ms @ http://localhost:3000/_next/static/chunks/0stj_next_dist_19zsb-q._.js:776
[ 1128302ms] [LOG] [Fast Refresh] done in 394ms @ http://localhost:3000/_next/static/chunks/0stj_next_dist_19zsb-q._.js:776
[ 1128378ms] [LOG] [Fast Refresh] done in 394ms @ http://localhost:3000/_next/static/chunks/0stj_next_dist_19zsb-q._.js:776
[ 1128455ms] [LOG] [Fast Refresh] done in 394ms @ http://localhost:3000/_next/static/chunks/0stj_next_dist_19zsb-q._.js:776
[ 1128532ms] [LOG] [Fast Refresh] done in 394ms @ http://localhost:3000/_next/static/chunks/0stj_next_dist_19zsb-q._.js:776
[ 1128609ms] [LOG] [Fast Refresh] done in 394ms @ http://localhost:3000/_next/static/chunks/0stj_next_dist_19zsb-q._.js:776
[ 1128687ms] [LOG] [Fast Refresh] done in 394ms @ http://localhost:3000/_next/static/chunks/0stj_next_dist_19zsb-q._.js:776
[ 1128765ms] [LOG] [Fast Refresh] done in 394ms @ http://localhost:3000/_next/static/chunks/0stj_next_dist_19zsb-q._.js:776
[ 1128841ms] [LOG] [Fast Refresh] done in 394ms @ http://localhost:3000/_next/static/chunks/0stj_next_dist_19zsb-q._.js:776
[ 1128918ms] [LOG] [Fast Refresh] done in 394ms @ http://localhost:3000/_next/static/chunks/0stj_next_dist_19zsb-q._.js:776
[ 1128994ms] [LOG] [Fast Refresh] done in 394ms @ http://localhost:3000/_next/static/chunks/0stj_next_dist_19zsb-q._.js:776
[ 1129072ms] [LOG] [Fast Refresh] done in 394ms @ http://localhost:3000/_next/static/chunks/0stj_next_dist_19zsb-q._.js:776
[ 1129165ms] [LOG] [Fast Refresh] done in 394ms @ http://localhost:3000/_next/static/chunks/0stj_next_dist_19zsb-q._.js:776
[ 1129243ms] [LOG] [Fast Refresh] done in 394ms @ http://localhost:3000/_next/static/chunks/0stj_next_dist_19zsb-q._.js:776
[ 1129321ms] [LOG] [Fast Refresh] done in 394ms @ http://localhost:3000/_next/static/chunks/0stj_next_dist_19zsb-q._.js:776
[ 1129400ms] [LOG] [Fast Refresh] done in 394ms @ http://localhost:3000/_next/static/chunks/0stj_next_dist_19zsb-q._.js:776
[ 1129479ms] [LOG] [Fast Refresh] done in 394ms @ http://localhost:3000/_next/static/chunks/0stj_next_dist_19zsb-q._.js:776
[ 1129555ms] [LOG] [Fast Refresh] done in 394ms @ http://localhost:3000/_next/static/chunks/0stj_next_dist_19zsb-q._.js:776
[ 1129617ms] [LOG] [Fast Refresh] done in 394ms @ http://localhost:3000/_next/static/chunks/0stj_next_dist_19zsb-q._.js:776
[ 1129694ms] [LOG] [Fast Refresh] done in 394ms @ http://localhost:3000/_next/static/chunks/0stj_next_dist_19zsb-q._.js:776
[ 1129771ms] [LOG] [Fast Refresh] done in 394ms @ http://localhost:3000/_next/static/chunks/0stj_next_dist_19zsb-q._.js:776
[ 1129833ms] [LOG] [Fast Refresh] done in 394ms @ http://localhost:3000/_next/static/chunks/0stj_next_dist_19zsb-q._.js:776
[ 1129911ms] [LOG] [Fast Refresh] done in 394ms @ http://localhost:3000/_next/static/chunks/0stj_next_dist_19zsb-q._.js:776
[ 1129988ms] [LOG] [Fast Refresh] done in 394ms @ http://localhost:3000/_next/static/chunks/0stj_next_dist_19zsb-q._.js:776
[ 1130066ms] [LOG] [Fast Refresh] done in 394ms @ http://localhost:3000/_next/static/chunks/0stj_next_dist_19zsb-q._.js:776
[ 1130128ms] [LOG] [Fast Refresh] done in 394ms @ http://localhost:3000/_next/static/chunks/0stj_next_dist_19zsb-q._.js:776
[ 1130204ms] [LOG] [Fast Refresh] done in 394ms @ http://localhost:3000/_next/static/chunks/0stj_next_dist_19zsb-q._.js:776
[ 1130280ms] [LOG] [Fast Refresh] done in 394ms @ http://localhost:3000/_next/static/chunks/0stj_next_dist_19zsb-q._.js:776
[ 1130358ms] [LOG] [Fast Refresh] done in 394ms @ http://localhost:3000/_next/static/chunks/0stj_next_dist_19zsb-q._.js:776
[ 1130436ms] [LOG] [Fast Refresh] done in 394ms @ http://localhost:3000/_next/static/chunks/0stj_next_dist_19zsb-q._.js:776
[ 1130513ms] [LOG] [Fast Refresh] done in 394ms @ http://localhost:3000/_next/static/chunks/0stj_next_dist_19zsb-q._.js:776
[ 1130590ms] [LOG] [Fast Refresh] done in 394ms @ http://localhost:3000/_next/static/chunks/0stj_next_dist_19zsb-q._.js:776
[ 1130669ms] [LOG] [Fast Refresh] done in 394ms @ http://localhost:3000/_next/static/chunks/0stj_next_dist_19zsb-q._.js:776
[ 1130748ms] [LOG] [Fast Refresh] done in 394ms @ http://localhost:3000/_next/static/chunks/0stj_next_dist_19zsb-q._.js:776
[ 1130827ms] [LOG] [Fast Refresh] done in 394ms @ http://localhost:3000/_next/static/chunks/0stj_next_dist_19zsb-q._.js:776
[ 1130904ms] [LOG] [Fast Refresh] done in 394ms @ http://localhost:3000/_next/static/chunks/0stj_next_dist_19zsb-q._.js:776
[ 1130983ms] [LOG] [Fast Refresh] done in 394ms @ http://localhost:3000/_next/static/chunks/0stj_next_dist_19zsb-q._.js:776
[ 1131045ms] [LOG] [Fast Refresh] done in 394ms @ http://localhost:3000/_next/static/chunks/0stj_next_dist_19zsb-q._.js:776
[ 1131123ms] [LOG] [Fast Refresh] done in 394ms @ http://localhost:3000/_next/static/chunks/0stj_next_dist_19zsb-q._.js:776
[ 1131202ms] [LOG] [Fast Refresh] done in 394ms @ http://localhost:3000/_next/static/chunks/0stj_next_dist_19zsb-q._.js:776
[ 1131279ms] [LOG] [Fast Refresh] done in 394ms @ http://localhost:3000/_next/static/chunks/0stj_next_dist_19zsb-q._.js:776
[ 1131342ms] [LOG] [Fast Refresh] done in 394ms @ http://localhost:3000/_next/static/chunks/0stj_next_dist_19zsb-q._.js:776
[ 1131404ms] [LOG] [Fast Refresh] done in 394ms @ http://localhost:3000/_next/static/chunks/0stj_next_dist_19zsb-q._.js:776
[ 1131466ms] [LOG] [Fast Refresh] done in 394ms @ http://localhost:3000/_next/static/chunks/0stj_next_dist_19zsb-q._.js:776
[ 1131543ms] [LOG] [Fast Refresh] done in 394ms @ http://localhost:3000/_next/static/chunks/0stj_next_dist_19zsb-q._.js:776
[ 1131620ms] [LOG] [Fast Refresh] done in 394ms @ http://localhost:3000/_next/static/chunks/0stj_next_dist_19zsb-q._.js:776
[ 1131696ms] [LOG] [Fast Refresh] done in 394ms @ http://localhost:3000/_next/static/chunks/0stj_next_dist_19zsb-q._.js:776
[ 1131759ms] [LOG] [Fast Refresh] done in 394ms @ http://localhost:3000/_next/static/chunks/0stj_next_dist_19zsb-q._.js:776
[ 1131839ms] [LOG] [Fast Refresh] done in 394ms @ http://localhost:3000/_next/static/chunks/0stj_next_dist_19zsb-q._.js:776
[ 1131916ms] [LOG] [Fast Refresh] done in 394ms @ http://localhost:3000/_next/static/chunks/0stj_next_dist_19zsb-q._.js:776
[ 1131993ms] [LOG] [Fast Refresh] done in 394ms @ http://localhost:3000/_next/static/chunks/0stj_next_dist_19zsb-q._.js:776
[ 1132071ms] [LOG] [Fast Refresh] done in 394ms @ http://localhost:3000/_next/static/chunks/0stj_next_dist_19zsb-q._.js:776
[ 1132148ms] [LOG] [Fast Refresh] done in 394ms @ http://localhost:3000/_next/static/chunks/0stj_next_dist_19zsb-q._.js:776
[ 1132225ms] [LOG] [Fast Refresh] done in 394ms @ http://localhost:3000/_next/static/chunks/0stj_next_dist_19zsb-q._.js:776
[ 1132287ms] [LOG] [Fast Refresh] done in 394ms @ http://localhost:3000/_next/static/chunks/0stj_next_dist_19zsb-q._.js:776
[ 1132364ms] [LOG] [Fast Refresh] done in 394ms @ http://localhost:3000/_next/static/chunks/0stj_next_dist_19zsb-q._.js:776
[ 1132442ms] [LOG] [Fast Refresh] done in 394ms @ http://localhost:3000/_next/static/chunks/0stj_next_dist_19zsb-q._.js:776
[ 1132520ms] [LOG] [Fast Refresh] done in 394ms @ http://localhost:3000/_next/static/chunks/0stj_next_dist_19zsb-q._.js:776
[ 1132595ms] [LOG] [Fast Refresh] done in 394ms @ http://localhost:3000/_next/static/chunks/0stj_next_dist_19zsb-q._.js:776
[ 1132674ms] [LOG] [Fast Refresh] done in 394ms @ http://localhost:3000/_next/static/chunks/0stj_next_dist_19zsb-q._.js:776
[ 1132751ms] [LOG] [Fast Refresh] done in 394ms @ http://localhost:3000/_next/static/chunks/0stj_next_dist_19zsb-q._.js:776
[ 1132830ms] [LOG] [Fast Refresh] done in 394ms @ http://localhost:3000/_next/static/chunks/0stj_next_dist_19zsb-q._.js:776
[ 1132909ms] [LOG] [Fast Refresh] done in 394ms @ http://localhost:3000/_next/static/chunks/0stj_next_dist_19zsb-q._.js:776
[ 1132985ms] [LOG] [Fast Refresh] done in 394ms @ http://localhost:3000/_next/static/chunks/0stj_next_dist_19zsb-q._.js:776
[ 1133049ms] [LOG] [Fast Refresh] done in 394ms @ http://localhost:3000/_next/static/chunks/0stj_next_dist_19zsb-q._.js:776
[ 1133126ms] [LOG] [Fast Refresh] done in 394ms @ http://localhost:3000/_next/static/chunks/0stj_next_dist_19zsb-q._.js:776
[ 1133204ms] [LOG] [Fast Refresh] done in 394ms @ http://localhost:3000/_next/static/chunks/0stj_next_dist_19zsb-q._.js:776
[ 1133282ms] [LOG] [Fast Refresh] done in 394ms @ http://localhost:3000/_next/static/chunks/0stj_next_dist_19zsb-q._.js:776
[ 1133359ms] [LOG] [Fast Refresh] done in 394ms @ http://localhost:3000/_next/static/chunks/0stj_next_dist_19zsb-q._.js:776
[ 1133436ms] [LOG] [Fast Refresh] done in 394ms @ http://localhost:3000/_next/static/chunks/0stj_next_dist_19zsb-q._.js:776
[ 1133514ms] [LOG] [Fast Refresh] done in 394ms @ http://localhost:3000/_next/static/chunks/0stj_next_dist_19zsb-q._.js:776
[ 1133592ms] [LOG] [Fast Refresh] done in 394ms @ http://localhost:3000/_next/static/chunks/0stj_next_dist_19zsb-q._.js:776
[ 1133671ms] [LOG] [Fast Refresh] done in 394ms @ http://localhost:3000/_next/static/chunks/0stj_next_dist_19zsb-q._.js:776
[ 1133747ms] [LOG] [Fast Refresh] done in 394ms @ http://localhost:3000/_next/static/chunks/0stj_next_dist_19zsb-q._.js:776
[ 1133824ms] [LOG] [Fast Refresh] done in 394ms @ http://localhost:3000/_next/static/chunks/0stj_next_dist_19zsb-q._.js:776
[ 1133903ms] [LOG] [Fast Refresh] done in 394ms @ http://localhost:3000/_next/static/chunks/0stj_next_dist_19zsb-q._.js:776
[ 1133981ms] [LOG] [Fast Refresh] done in 394ms @ http://localhost:3000/_next/static/chunks/0stj_next_dist_19zsb-q._.js:776
[ 1134059ms] [LOG] [Fast Refresh] done in 394ms @ http://localhost:3000/_next/static/chunks/0stj_next_dist_19zsb-q._.js:776
[ 1134136ms] [LOG] [Fast Refresh] done in 394ms @ http://localhost:3000/_next/static/chunks/0stj_next_dist_19zsb-q._.js:776
[ 1134214ms] [LOG] [Fast Refresh] done in 394ms @ http://localhost:3000/_next/static/chunks/0stj_next_dist_19zsb-q._.js:776
[ 1134276ms] [LOG] [Fast Refresh] done in 394ms @ http://localhost:3000/_next/static/chunks/0stj_next_dist_19zsb-q._.js:776
[ 1134355ms] [LOG] [Fast Refresh] done in 394ms @ http://localhost:3000/_next/static/chunks/0stj_next_dist_19zsb-q._.js:776
[ 1134418ms] [LOG] [Fast Refresh] done in 394ms @ http://localhost:3000/_next/static/chunks/0stj_next_dist_19zsb-q._.js:776
[ 1134481ms] [LOG] [Fast Refresh] done in 394ms @ http://localhost:3000/_next/static/chunks/0stj_next_dist_19zsb-q._.js:776
[ 1134561ms] [LOG] [Fast Refresh] done in 394ms @ http://localhost:3000/_next/static/chunks/0stj_next_dist_19zsb-q._.js:776
[ 1134623ms] [LOG] [Fast Refresh] done in 394ms @ http://localhost:3000/_next/static/chunks/0stj_next_dist_19zsb-q._.js:776
[ 1134686ms] [LOG] [Fast Refresh] done in 394ms @ http://localhost:3000/_next/static/chunks/0stj_next_dist_19zsb-q._.js:776
[ 1134764ms] [LOG] [Fast Refresh] done in 394ms @ http://localhost:3000/_next/static/chunks/0stj_next_dist_19zsb-q._.js:776
[ 1134843ms] [LOG] [Fast Refresh] done in 394ms @ http://localhost:3000/_next/static/chunks/0stj_next_dist_19zsb-q._.js:776
[ 1134921ms] [LOG] [Fast Refresh] done in 394ms @ http://localhost:3000/_next/static/chunks/0stj_next_dist_19zsb-q._.js:776
[ 1134999ms] [LOG] [Fast Refresh] done in 394ms @ http://localhost:3000/_next/static/chunks/0stj_next_dist_19zsb-q._.js:776
[ 1135078ms] [LOG] [Fast Refresh] done in 394ms @ http://localhost:3000/_next/static/chunks/0stj_next_dist_19zsb-q._.js:776
[ 1135156ms] [LOG] [Fast Refresh] done in 394ms @ http://localhost:3000/_next/static/chunks/0stj_next_dist_19zsb-q._.js:776
[ 1135235ms] [LOG] [Fast Refresh] done in 394ms @ http://localhost:3000/_next/static/chunks/0stj_next_dist_19zsb-q._.js:776
[ 1135313ms] [LOG] [Fast Refresh] done in 394ms @ http://localhost:3000/_next/static/chunks/0stj_next_dist_19zsb-q._.js:776
[ 1135389ms] [LOG] [Fast Refresh] done in 394ms @ http://localhost:3000/_next/static/chunks/0stj_next_dist_19zsb-q._.js:776
[ 1135469ms] [LOG] [Fast Refresh] done in 394ms @ http://localhost:3000/_next/static/chunks/0stj_next_dist_19zsb-q._.js:776
[ 1135547ms] [LOG] [Fast Refresh] done in 394ms @ http://localhost:3000/_next/static/chunks/0stj_next_dist_19zsb-q._.js:776
[ 1135626ms] [LOG] [Fast Refresh] done in 394ms @ http://localhost:3000/_next/static/chunks/0stj_next_dist_19zsb-q._.js:776
[ 1135704ms] [LOG] [Fast Refresh] done in 394ms @ http://localhost:3000/_next/static/chunks/0stj_next_dist_19zsb-q._.js:776
[ 1135783ms] [LOG] [Fast Refresh] done in 394ms @ http://localhost:3000/_next/static/chunks/0stj_next_dist_19zsb-q._.js:776
[ 1135865ms] [LOG] [Fast Refresh] done in 394ms @ http://localhost:3000/_next/static/chunks/0stj_next_dist_19zsb-q._.js:776
[ 1135939ms] [LOG] [Fast Refresh] done in 394ms @ http://localhost:3000/_next/static/chunks/0stj_next_dist_19zsb-q._.js:776
[ 1136017ms] [LOG] [Fast Refresh] done in 394ms @ http://localhost:3000/_next/static/chunks/0stj_next_dist_19zsb-q._.js:776
[ 1136095ms] [LOG] [Fast Refresh] done in 394ms @ http://localhost:3000/_next/static/chunks/0stj_next_dist_19zsb-q._.js:776
[ 1136158ms] [LOG] [Fast Refresh] done in 394ms @ http://localhost:3000/_next/static/chunks/0stj_next_dist_19zsb-q._.js:776
[ 1136237ms] [LOG] [Fast Refresh] done in 394ms @ http://localhost:3000/_next/static/chunks/0stj_next_dist_19zsb-q._.js:776
[ 1136301ms] [LOG] [Fast Refresh] done in 394ms @ http://localhost:3000/_next/static/chunks/0stj_next_dist_19zsb-q._.js:776
[ 1136380ms] [LOG] [Fast Refresh] done in 394ms @ http://localhost:3000/_next/static/chunks/0stj_next_dist_19zsb-q._.js:776
[ 1136460ms] [LOG] [Fast Refresh] done in 394ms @ http://localhost:3000/_next/static/chunks/0stj_next_dist_19zsb-q._.js:776
[ 1136538ms] [LOG] [Fast Refresh] done in 394ms @ http://localhost:3000/_next/static/chunks/0stj_next_dist_19zsb-q._.js:776
[ 1136617ms] [LOG] [Fast Refresh] done in 394ms @ http://localhost:3000/_next/static/chunks/0stj_next_dist_19zsb-q._.js:776
[ 1136696ms] [LOG] [Fast Refresh] done in 394ms @ http://localhost:3000/_next/static/chunks/0stj_next_dist_19zsb-q._.js:776
[ 1136776ms] [LOG] [Fast Refresh] done in 394ms @ http://localhost:3000/_next/static/chunks/0stj_next_dist_19zsb-q._.js:776
[ 1136854ms] [LOG] [Fast Refresh] done in 394ms @ http://localhost:3000/_next/static/chunks/0stj_next_dist_19zsb-q._.js:776
[ 1136933ms] [LOG] [Fast Refresh] done in 394ms @ http://localhost:3000/_next/static/chunks/0stj_next_dist_19zsb-q._.js:776
[ 1136995ms] [LOG] [Fast Refresh] done in 394ms @ http://localhost:3000/_next/static/chunks/0stj_next_dist_19zsb-q._.js:776
[ 1137073ms] [LOG] [Fast Refresh] done in 394ms @ http://localhost:3000/_next/static/chunks/0stj_next_dist_19zsb-q._.js:776
[ 1137150ms] [LOG] [Fast Refresh] done in 394ms @ http://localhost:3000/_next/static/chunks/0stj_next_dist_19zsb-q._.js:776
[ 1137228ms] [LOG] [Fast Refresh] done in 394ms @ http://localhost:3000/_next/static/chunks/0stj_next_dist_19zsb-q._.js:776
[ 1137306ms] [LOG] [Fast Refresh] done in 394ms @ http://localhost:3000/_next/static/chunks/0stj_next_dist_19zsb-q._.js:776
[ 1137383ms] [LOG] [Fast Refresh] done in 394ms @ http://localhost:3000/_next/static/chunks/0stj_next_dist_19zsb-q._.js:776
[ 1137463ms] [LOG] [Fast Refresh] done in 394ms @ http://localhost:3000/_next/static/chunks/0stj_next_dist_19zsb-q._.js:776
[ 1137540ms] [LOG] [Fast Refresh] done in 394ms @ http://localhost:3000/_next/static/chunks/0stj_next_dist_19zsb-q._.js:776
[ 1137618ms] [LOG] [Fast Refresh] done in 394ms @ http://localhost:3000/_next/static/chunks/0stj_next_dist_19zsb-q._.js:776
[ 1137698ms] [LOG] [Fast Refresh] done in 394ms @ http://localhost:3000/_next/static/chunks/0stj_next_dist_19zsb-q._.js:776
[ 1137774ms] [LOG] [Fast Refresh] done in 394ms @ http://localhost:3000/_next/static/chunks/0stj_next_dist_19zsb-q._.js:776
[ 1137851ms] [LOG] [Fast Refresh] done in 394ms @ http://localhost:3000/_next/static/chunks/0stj_next_dist_19zsb-q._.js:776
[ 1137929ms] [LOG] [Fast Refresh] done in 394ms @ http://localhost:3000/_next/static/chunks/0stj_next_dist_19zsb-q._.js:776
[ 1138007ms] [LOG] [Fast Refresh] done in 394ms @ http://localhost:3000/_next/static/chunks/0stj_next_dist_19zsb-q._.js:776
[ 1138085ms] [LOG] [Fast Refresh] done in 394ms @ http://localhost:3000/_next/static/chunks/0stj_next_dist_19zsb-q._.js:776
[ 1138164ms] [LOG] [Fast Refresh] done in 394ms @ http://localhost:3000/_next/static/chunks/0stj_next_dist_19zsb-q._.js:776
[ 1138242ms] [LOG] [Fast Refresh] done in 394ms @ http://localhost:3000/_next/static/chunks/0stj_next_dist_19zsb-q._.js:776
[ 1138319ms] [LOG] [Fast Refresh] done in 394ms @ http://localhost:3000/_next/static/chunks/0stj_next_dist_19zsb-q._.js:776
[ 1138396ms] [LOG] [Fast Refresh] done in 394ms @ http://localhost:3000/_next/static/chunks/0stj_next_dist_19zsb-q._.js:776
[ 1138473ms] [LOG] [Fast Refresh] done in 394ms @ http://localhost:3000/_next/static/chunks/0stj_next_dist_19zsb-q._.js:776
[ 1138552ms] [LOG] [Fast Refresh] done in 394ms @ http://localhost:3000/_next/static/chunks/0stj_next_dist_19zsb-q._.js:776
[ 1138630ms] [LOG] [Fast Refresh] done in 394ms @ http://localhost:3000/_next/static/chunks/0stj_next_dist_19zsb-q._.js:776
[ 1138708ms] [LOG] [Fast Refresh] done in 394ms @ http://localhost:3000/_next/static/chunks/0stj_next_dist_19zsb-q._.js:776
[ 1138785ms] [LOG] [Fast Refresh] done in 394ms @ http://localhost:3000/_next/static/chunks/0stj_next_dist_19zsb-q._.js:776
[ 1138863ms] [LOG] [Fast Refresh] done in 394ms @ http://localhost:3000/_next/static/chunks/0stj_next_dist_19zsb-q._.js:776
[ 1138941ms] [LOG] [Fast Refresh] done in 394ms @ http://localhost:3000/_next/static/chunks/0stj_next_dist_19zsb-q._.js:776
[ 1139017ms] [LOG] [Fast Refresh] done in 394ms @ http://localhost:3000/_next/static/chunks/0stj_next_dist_19zsb-q._.js:776
[ 1139095ms] [LOG] [Fast Refresh] done in 394ms @ http://localhost:3000/_next/static/chunks/0stj_next_dist_19zsb-q._.js:776
[ 1139173ms] [LOG] [Fast Refresh] done in 394ms @ http://localhost:3000/_next/static/chunks/0stj_next_dist_19zsb-q._.js:776
[ 1139251ms] [LOG] [Fast Refresh] done in 394ms @ http://localhost:3000/_next/static/chunks/0stj_next_dist_19zsb-q._.js:776
[ 1139330ms] [LOG] [Fast Refresh] done in 394ms @ http://localhost:3000/_next/static/chunks/0stj_next_dist_19zsb-q._.js:776
[ 1139407ms] [LOG] [Fast Refresh] done in 394ms @ http://localhost:3000/_next/static/chunks/0stj_next_dist_19zsb-q._.js:776
[ 1139486ms] [LOG] [Fast Refresh] done in 394ms @ http://localhost:3000/_next/static/chunks/0stj_next_dist_19zsb-q._.js:776
[ 1139563ms] [LOG] [Fast Refresh] done in 394ms @ http://localhost:3000/_next/static/chunks/0stj_next_dist_19zsb-q._.js:776
[ 1139640ms] [LOG] [Fast Refresh] done in 394ms @ http://localhost:3000/_next/static/chunks/0stj_next_dist_19zsb-q._.js:776
[ 1139719ms] [LOG] [Fast Refresh] done in 394ms @ http://localhost:3000/_next/static/chunks/0stj_next_dist_19zsb-q._.js:776
[ 1139796ms] [LOG] [Fast Refresh] done in 394ms @ http://localhost:3000/_next/static/chunks/0stj_next_dist_19zsb-q._.js:776
[ 1139874ms] [LOG] [Fast Refresh] done in 394ms @ http://localhost:3000/_next/static/chunks/0stj_next_dist_19zsb-q._.js:776
[ 1139954ms] [LOG] [Fast Refresh] done in 394ms @ http://localhost:3000/_next/static/chunks/0stj_next_dist_19zsb-q._.js:776
[ 1140031ms] [LOG] [Fast Refresh] done in 394ms @ http://localhost:3000/_next/static/chunks/0stj_next_dist_19zsb-q._.js:776
[ 1140109ms] [LOG] [Fast Refresh] done in 394ms @ http://localhost:3000/_next/static/chunks/0stj_next_dist_19zsb-q._.js:776
[ 1140187ms] [LOG] [Fast Refresh] done in 394ms @ http://localhost:3000/_next/static/chunks/0stj_next_dist_19zsb-q._.js:776
[ 1140266ms] [LOG] [Fast Refresh] done in 394ms @ http://localhost:3000/_next/static/chunks/0stj_next_dist_19zsb-q._.js:776
[ 1140343ms] [LOG] [Fast Refresh] done in 394ms @ http://localhost:3000/_next/static/chunks/0stj_next_dist_19zsb-q._.js:776
[ 1140420ms] [LOG] [Fast Refresh] done in 394ms @ http://localhost:3000/_next/static/chunks/0stj_next_dist_19zsb-q._.js:776
[ 1140500ms] [LOG] [Fast Refresh] done in 394ms @ http://localhost:3000/_next/static/chunks/0stj_next_dist_19zsb-q._.js:776
[ 1140577ms] [LOG] [Fast Refresh] done in 394ms @ http://localhost:3000/_next/static/chunks/0stj_next_dist_19zsb-q._.js:776
[ 1140655ms] [LOG] [Fast Refresh] done in 394ms @ http://localhost:3000/_next/static/chunks/0stj_next_dist_19zsb-q._.js:776
[ 1140733ms] [LOG] [Fast Refresh] done in 394ms @ http://localhost:3000/_next/static/chunks/0stj_next_dist_19zsb-q._.js:776
[ 1140810ms] [LOG] [Fast Refresh] done in 394ms @ http://localhost:3000/_next/static/chunks/0stj_next_dist_19zsb-q._.js:776
[ 1140887ms] [LOG] [Fast Refresh] done in 394ms @ http://localhost:3000/_next/static/chunks/0stj_next_dist_19zsb-q._.js:776
[ 1140964ms] [LOG] [Fast Refresh] done in 394ms @ http://localhost:3000/_next/static/chunks/0stj_next_dist_19zsb-q._.js:776
[ 1141041ms] [LOG] [Fast Refresh] done in 394ms @ http://localhost:3000/_next/static/chunks/0stj_next_dist_19zsb-q._.js:776
[ 1141120ms] [LOG] [Fast Refresh] done in 394ms @ http://localhost:3000/_next/static/chunks/0stj_next_dist_19zsb-q._.js:776
[ 1141198ms] [LOG] [Fast Refresh] done in 394ms @ http://localhost:3000/_next/static/chunks/0stj_next_dist_19zsb-q._.js:776
[ 1141277ms] [LOG] [Fast Refresh] done in 394ms @ http://localhost:3000/_next/static/chunks/0stj_next_dist_19zsb-q._.js:776
[ 1141354ms] [LOG] [Fast Refresh] done in 394ms @ http://localhost:3000/_next/static/chunks/0stj_next_dist_19zsb-q._.js:776
[ 1141433ms] [LOG] [Fast Refresh] done in 394ms @ http://localhost:3000/_next/static/chunks/0stj_next_dist_19zsb-q._.js:776
[ 1141511ms] [LOG] [Fast Refresh] done in 394ms @ http://localhost:3000/_next/static/chunks/0stj_next_dist_19zsb-q._.js:776
[ 1141590ms] [LOG] [Fast Refresh] done in 394ms @ http://localhost:3000/_next/static/chunks/0stj_next_dist_19zsb-q._.js:776
[ 1141667ms] [LOG] [Fast Refresh] done in 394ms @ http://localhost:3000/_next/static/chunks/0stj_next_dist_19zsb-q._.js:776
[ 1141745ms] [LOG] [Fast Refresh] done in 394ms @ http://localhost:3000/_next/static/chunks/0stj_next_dist_19zsb-q._.js:776
[ 1141824ms] [LOG] [Fast Refresh] done in 394ms @ http://localhost:3000/_next/static/chunks/0stj_next_dist_19zsb-q._.js:776
[ 1141903ms] [LOG] [Fast Refresh] done in 394ms @ http://localhost:3000/_next/static/chunks/0stj_next_dist_19zsb-q._.js:776
[ 1141981ms] [LOG] [Fast Refresh] done in 394ms @ http://localhost:3000/_next/static/chunks/0stj_next_dist_19zsb-q._.js:776
[ 1142061ms] [LOG] [Fast Refresh] done in 394ms @ http://localhost:3000/_next/static/chunks/0stj_next_dist_19zsb-q._.js:776
[ 1142137ms] [LOG] [Fast Refresh] done in 394ms @ http://localhost:3000/_next/static/chunks/0stj_next_dist_19zsb-q._.js:776
[ 1142216ms] [LOG] [Fast Refresh] done in 394ms @ http://localhost:3000/_next/static/chunks/0stj_next_dist_19zsb-q._.js:776
[ 1142293ms] [LOG] [Fast Refresh] done in 394ms @ http://localhost:3000/_next/static/chunks/0stj_next_dist_19zsb-q._.js:776
[ 1142372ms] [LOG] [Fast Refresh] done in 394ms @ http://localhost:3000/_next/static/chunks/0stj_next_dist_19zsb-q._.js:776
[ 1142450ms] [LOG] [Fast Refresh] done in 394ms @ http://localhost:3000/_next/static/chunks/0stj_next_dist_19zsb-q._.js:776
[ 1142528ms] [LOG] [Fast Refresh] done in 394ms @ http://localhost:3000/_next/static/chunks/0stj_next_dist_19zsb-q._.js:776
[ 1142606ms] [LOG] [Fast Refresh] done in 394ms @ http://localhost:3000/_next/static/chunks/0stj_next_dist_19zsb-q._.js:776
[ 1142685ms] [LOG] [Fast Refresh] done in 394ms @ http://localhost:3000/_next/static/chunks/0stj_next_dist_19zsb-q._.js:776
[ 1142763ms] [LOG] [Fast Refresh] done in 394ms @ http://localhost:3000/_next/static/chunks/0stj_next_dist_19zsb-q._.js:776
[ 1142843ms] [LOG] [Fast Refresh] done in 394ms @ http://localhost:3000/_next/static/chunks/0stj_next_dist_19zsb-q._.js:776
[ 1142921ms] [LOG] [Fast Refresh] done in 394ms @ http://localhost:3000/_next/static/chunks/0stj_next_dist_19zsb-q._.js:776
[ 1142999ms] [LOG] [Fast Refresh] done in 394ms @ http://localhost:3000/_next/static/chunks/0stj_next_dist_19zsb-q._.js:776
[ 1143079ms] [LOG] [Fast Refresh] done in 394ms @ http://localhost:3000/_next/static/chunks/0stj_next_dist_19zsb-q._.js:776
[ 1143158ms] [LOG] [Fast Refresh] done in 394ms @ http://localhost:3000/_next/static/chunks/0stj_next_dist_19zsb-q._.js:776
[ 1143237ms] [LOG] [Fast Refresh] done in 394ms @ http://localhost:3000/_next/static/chunks/0stj_next_dist_19zsb-q._.js:776
[ 1143314ms] [LOG] [Fast Refresh] done in 394ms @ http://localhost:3000/_next/static/chunks/0stj_next_dist_19zsb-q._.js:776
[ 1143392ms] [LOG] [Fast Refresh] done in 394ms @ http://localhost:3000/_next/static/chunks/0stj_next_dist_19zsb-q._.js:776
[ 1143470ms] [LOG] [Fast Refresh] done in 394ms @ http://localhost:3000/_next/static/chunks/0stj_next_dist_19zsb-q._.js:776
[ 1143533ms] [LOG] [Fast Refresh] done in 394ms @ http://localhost:3000/_next/static/chunks/0stj_next_dist_19zsb-q._.js:776
[ 1143612ms] [LOG] [Fast Refresh] done in 394ms @ http://localhost:3000/_next/static/chunks/0stj_next_dist_19zsb-q._.js:776
[ 1143690ms] [LOG] [Fast Refresh] done in 394ms @ http://localhost:3000/_next/static/chunks/0stj_next_dist_19zsb-q._.js:776
[ 1143768ms] [LOG] [Fast Refresh] done in 394ms @ http://localhost:3000/_next/static/chunks/0stj_next_dist_19zsb-q._.js:776
[ 1143845ms] [LOG] [Fast Refresh] done in 394ms @ http://localhost:3000/_next/static/chunks/0stj_next_dist_19zsb-q._.js:776
[ 1143924ms] [LOG] [Fast Refresh] done in 394ms @ http://localhost:3000/_next/static/chunks/0stj_next_dist_19zsb-q._.js:776
[ 1144001ms] [LOG] [Fast Refresh] done in 394ms @ http://localhost:3000/_next/static/chunks/0stj_next_dist_19zsb-q._.js:776
[ 1144080ms] [LOG] [Fast Refresh] done in 394ms @ http://localhost:3000/_next/static/chunks/0stj_next_dist_19zsb-q._.js:776
[ 1144160ms] [LOG] [Fast Refresh] done in 394ms @ http://localhost:3000/_next/static/chunks/0stj_next_dist_19zsb-q._.js:776
[ 1144237ms] [LOG] [Fast Refresh] done in 394ms @ http://localhost:3000/_next/static/chunks/0stj_next_dist_19zsb-q._.js:776
[ 1144316ms] [LOG] [Fast Refresh] done in 394ms @ http://localhost:3000/_next/static/chunks/0stj_next_dist_19zsb-q._.js:776
[ 1144415ms] [LOG] [Fast Refresh] done in 394ms @ http://localhost:3000/_next/static/chunks/0stj_next_dist_19zsb-q._.js:776
[ 1144487ms] [LOG] [Fast Refresh] done in 394ms @ http://localhost:3000/_next/static/chunks/0stj_next_dist_19zsb-q._.js:776
[ 1144565ms] [LOG] [Fast Refresh] done in 394ms @ http://localhost:3000/_next/static/chunks/0stj_next_dist_19zsb-q._.js:776
[ 1144643ms] [LOG] [Fast Refresh] done in 394ms @ http://localhost:3000/_next/static/chunks/0stj_next_dist_19zsb-q._.js:776
[ 1144720ms] [LOG] [Fast Refresh] done in 394ms @ http://localhost:3000/_next/static/chunks/0stj_next_dist_19zsb-q._.js:776
[ 1144798ms] [LOG] [Fast Refresh] done in 394ms @ http://localhost:3000/_next/static/chunks/0stj_next_dist_19zsb-q._.js:776
[ 1144876ms] [LOG] [Fast Refresh] done in 394ms @ http://localhost:3000/_next/static/chunks/0stj_next_dist_19zsb-q._.js:776
[ 1144955ms] [LOG] [Fast Refresh] done in 394ms @ http://localhost:3000/_next/static/chunks/0stj_next_dist_19zsb-q._.js:776
[ 1145032ms] [LOG] [Fast Refresh] done in 394ms @ http://localhost:3000/_next/static/chunks/0stj_next_dist_19zsb-q._.js:776
[ 1145109ms] [LOG] [Fast Refresh] done in 394ms @ http://localhost:3000/_next/static/chunks/0stj_next_dist_19zsb-q._.js:776
[ 1145186ms] [LOG] [Fast Refresh] done in 394ms @ http://localhost:3000/_next/static/chunks/0stj_next_dist_19zsb-q._.js:776
[ 1145264ms] [LOG] [Fast Refresh] done in 394ms @ http://localhost:3000/_next/static/chunks/0stj_next_dist_19zsb-q._.js:776
[ 1145343ms] [LOG] [Fast Refresh] done in 394ms @ http://localhost:3000/_next/static/chunks/0stj_next_dist_19zsb-q._.js:776
[ 1145405ms] [LOG] [Fast Refresh] done in 394ms @ http://localhost:3000/_next/static/chunks/0stj_next_dist_19zsb-q._.js:776
[ 1145484ms] [LOG] [Fast Refresh] done in 394ms @ http://localhost:3000/_next/static/chunks/0stj_next_dist_19zsb-q._.js:776
[ 1145547ms] [LOG] [Fast Refresh] done in 394ms @ http://localhost:3000/_next/static/chunks/0stj_next_dist_19zsb-q._.js:776
[ 1145625ms] [LOG] [Fast Refresh] done in 394ms @ http://localhost:3000/_next/static/chunks/0stj_next_dist_19zsb-q._.js:776
[ 1145701ms] [LOG] [Fast Refresh] done in 394ms @ http://localhost:3000/_next/static/chunks/0stj_next_dist_19zsb-q._.js:776
[ 1145764ms] [LOG] [Fast Refresh] done in 394ms @ http://localhost:3000/_next/static/chunks/0stj_next_dist_19zsb-q._.js:776
[ 1145839ms] [LOG] [Fast Refresh] done in 394ms @ http://localhost:3000/_next/static/chunks/0stj_next_dist_19zsb-q._.js:776
[ 1145917ms] [LOG] [Fast Refresh] done in 394ms @ http://localhost:3000/_next/static/chunks/0stj_next_dist_19zsb-q._.js:776
[ 1145978ms] [LOG] [Fast Refresh] done in 394ms @ http://localhost:3000/_next/static/chunks/0stj_next_dist_19zsb-q._.js:776
[ 1146055ms] [LOG] [Fast Refresh] done in 394ms @ http://localhost:3000/_next/static/chunks/0stj_next_dist_19zsb-q._.js:776
[ 1146131ms] [LOG] [Fast Refresh] done in 394ms @ http://localhost:3000/_next/static/chunks/0stj_next_dist_19zsb-q._.js:776
[ 1146195ms] [LOG] [Fast Refresh] done in 394ms @ http://localhost:3000/_next/static/chunks/0stj_next_dist_19zsb-q._.js:776
[ 1146272ms] [LOG] [Fast Refresh] done in 394ms @ http://localhost:3000/_next/static/chunks/0stj_next_dist_19zsb-q._.js:776
[ 1146349ms] [LOG] [Fast Refresh] done in 394ms @ http://localhost:3000/_next/static/chunks/0stj_next_dist_19zsb-q._.js:776
[ 1146427ms] [LOG] [Fast Refresh] done in 394ms @ http://localhost:3000/_next/static/chunks/0stj_next_dist_19zsb-q._.js:776
[ 1146506ms] [LOG] [Fast Refresh] done in 394ms @ http://localhost:3000/_next/static/chunks/0stj_next_dist_19zsb-q._.js:776
[ 1146583ms] [LOG] [Fast Refresh] done in 394ms @ http://localhost:3000/_next/static/chunks/0stj_next_dist_19zsb-q._.js:776
[ 1146660ms] [LOG] [Fast Refresh] done in 394ms @ http://localhost:3000/_next/static/chunks/0stj_next_dist_19zsb-q._.js:776
[ 1146739ms] [LOG] [Fast Refresh] done in 394ms @ http://localhost:3000/_next/static/chunks/0stj_next_dist_19zsb-q._.js:776
[ 1146817ms] [LOG] [Fast Refresh] done in 394ms @ http://localhost:3000/_next/static/chunks/0stj_next_dist_19zsb-q._.js:776
[ 1146893ms] [LOG] [Fast Refresh] done in 394ms @ http://localhost:3000/_next/static/chunks/0stj_next_dist_19zsb-q._.js:776
[ 1146969ms] [LOG] [Fast Refresh] done in 394ms @ http://localhost:3000/_next/static/chunks/0stj_next_dist_19zsb-q._.js:776
[ 1147047ms] [LOG] [Fast Refresh] done in 394ms @ http://localhost:3000/_next/static/chunks/0stj_next_dist_19zsb-q._.js:776
[ 1147125ms] [LOG] [Fast Refresh] done in 394ms @ http://localhost:3000/_next/static/chunks/0stj_next_dist_19zsb-q._.js:776
[ 1147204ms] [LOG] [Fast Refresh] done in 394ms @ http://localhost:3000/_next/static/chunks/0stj_next_dist_19zsb-q._.js:776
[ 1147281ms] [LOG] [Fast Refresh] done in 394ms @ http://localhost:3000/_next/static/chunks/0stj_next_dist_19zsb-q._.js:776
[ 1147344ms] [LOG] [Fast Refresh] done in 394ms @ http://localhost:3000/_next/static/chunks/0stj_next_dist_19zsb-q._.js:776
[ 1147419ms] [LOG] [Fast Refresh] done in 394ms @ http://localhost:3000/_next/static/chunks/0stj_next_dist_19zsb-q._.js:776
[ 1147497ms] [LOG] [Fast Refresh] done in 394ms @ http://localhost:3000/_next/static/chunks/0stj_next_dist_19zsb-q._.js:776
[ 1147574ms] [LOG] [Fast Refresh] done in 394ms @ http://localhost:3000/_next/static/chunks/0stj_next_dist_19zsb-q._.js:776
[ 1147637ms] [LOG] [Fast Refresh] done in 394ms @ http://localhost:3000/_next/static/chunks/0stj_next_dist_19zsb-q._.js:776
[ 1147715ms] [LOG] [Fast Refresh] done in 394ms @ http://localhost:3000/_next/static/chunks/0stj_next_dist_19zsb-q._.js:776
[ 1147792ms] [LOG] [Fast Refresh] done in 394ms @ http://localhost:3000/_next/static/chunks/0stj_next_dist_19zsb-q._.js:776
[ 1147869ms] [LOG] [Fast Refresh] done in 394ms @ http://localhost:3000/_next/static/chunks/0stj_next_dist_19zsb-q._.js:776
[ 1147947ms] [LOG] [Fast Refresh] done in 394ms @ http://localhost:3000/_next/static/chunks/0stj_next_dist_19zsb-q._.js:776
[ 1148024ms] [LOG] [Fast Refresh] done in 394ms @ http://localhost:3000/_next/static/chunks/0stj_next_dist_19zsb-q._.js:776
[ 1148100ms] [LOG] [Fast Refresh] done in 394ms @ http://localhost:3000/_next/static/chunks/0stj_next_dist_19zsb-q._.js:776
[ 1148177ms] [LOG] [Fast Refresh] done in 394ms @ http://localhost:3000/_next/static/chunks/0stj_next_dist_19zsb-q._.js:776
[ 1148255ms] [LOG] [Fast Refresh] done in 394ms @ http://localhost:3000/_next/static/chunks/0stj_next_dist_19zsb-q._.js:776
[ 1148334ms] [LOG] [Fast Refresh] done in 394ms @ http://localhost:3000/_next/static/chunks/0stj_next_dist_19zsb-q._.js:776
[ 1148412ms] [LOG] [Fast Refresh] done in 394ms @ http://localhost:3000/_next/static/chunks/0stj_next_dist_19zsb-q._.js:776
[ 1148488ms] [LOG] [Fast Refresh] done in 394ms @ http://localhost:3000/_next/static/chunks/0stj_next_dist_19zsb-q._.js:776
[ 1148566ms] [LOG] [Fast Refresh] done in 394ms @ http://localhost:3000/_next/static/chunks/0stj_next_dist_19zsb-q._.js:776
[ 1148644ms] [LOG] [Fast Refresh] done in 394ms @ http://localhost:3000/_next/static/chunks/0stj_next_dist_19zsb-q._.js:776
[ 1148721ms] [LOG] [Fast Refresh] done in 394ms @ http://localhost:3000/_next/static/chunks/0stj_next_dist_19zsb-q._.js:776
[ 1148798ms] [LOG] [Fast Refresh] done in 394ms @ http://localhost:3000/_next/static/chunks/0stj_next_dist_19zsb-q._.js:776
[ 1148875ms] [LOG] [Fast Refresh] done in 394ms @ http://localhost:3000/_next/static/chunks/0stj_next_dist_19zsb-q._.js:776
[ 1148955ms] [LOG] [Fast Refresh] done in 394ms @ http://localhost:3000/_next/static/chunks/0stj_next_dist_19zsb-q._.js:776
[ 1149030ms] [LOG] [Fast Refresh] done in 394ms @ http://localhost:3000/_next/static/chunks/0stj_next_dist_19zsb-q._.js:776
[ 1149109ms] [LOG] [Fast Refresh] done in 394ms @ http://localhost:3000/_next/static/chunks/0stj_next_dist_19zsb-q._.js:776
[ 1149187ms] [LOG] [Fast Refresh] done in 394ms @ http://localhost:3000/_next/static/chunks/0stj_next_dist_19zsb-q._.js:776
[ 1149265ms] [LOG] [Fast Refresh] done in 394ms @ http://localhost:3000/_next/static/chunks/0stj_next_dist_19zsb-q._.js:776
[ 1149329ms] [LOG] [Fast Refresh] done in 394ms @ http://localhost:3000/_next/static/chunks/0stj_next_dist_19zsb-q._.js:776
[ 1149406ms] [LOG] [Fast Refresh] done in 394ms @ http://localhost:3000/_next/static/chunks/0stj_next_dist_19zsb-q._.js:776
[ 1149469ms] [LOG] [Fast Refresh] done in 394ms @ http://localhost:3000/_next/static/chunks/0stj_next_dist_19zsb-q._.js:776
[ 1149531ms] [LOG] [Fast Refresh] done in 394ms @ http://localhost:3000/_next/static/chunks/0stj_next_dist_19zsb-q._.js:776
[ 1149594ms] [LOG] [Fast Refresh] done in 394ms @ http://localhost:3000/_next/static/chunks/0stj_next_dist_19zsb-q._.js:776
[ 1149672ms] [LOG] [Fast Refresh] done in 394ms @ http://localhost:3000/_next/static/chunks/0stj_next_dist_19zsb-q._.js:776
[ 1149732ms] [LOG] [Fast Refresh] done in 394ms @ http://localhost:3000/_next/static/chunks/0stj_next_dist_19zsb-q._.js:776
[ 1149797ms] [LOG] [Fast Refresh] done in 394ms @ http://localhost:3000/_next/static/chunks/0stj_next_dist_19zsb-q._.js:776
[ 1149858ms] [LOG] [Fast Refresh] done in 394ms @ http://localhost:3000/_next/static/chunks/0stj_next_dist_19zsb-q._.js:776
[ 1149921ms] [LOG] [Fast Refresh] done in 394ms @ http://localhost:3000/_next/static/chunks/0stj_next_dist_19zsb-q._.js:776
[ 1149983ms] [LOG] [Fast Refresh] done in 394ms @ http://localhost:3000/_next/static/chunks/0stj_next_dist_19zsb-q._.js:776
[ 1150045ms] [LOG] [Fast Refresh] done in 394ms @ http://localhost:3000/_next/static/chunks/0stj_next_dist_19zsb-q._.js:776
[ 1150107ms] [LOG] [Fast Refresh] done in 394ms @ http://localhost:3000/_next/static/chunks/0stj_next_dist_19zsb-q._.js:776
[ 1150169ms] [LOG] [Fast Refresh] done in 394ms @ http://localhost:3000/_next/static/chunks/0stj_next_dist_19zsb-q._.js:776
[ 1150232ms] [LOG] [Fast Refresh] done in 394ms @ http://localhost:3000/_next/static/chunks/0stj_next_dist_19zsb-q._.js:776
[ 1150293ms] [LOG] [Fast Refresh] done in 394ms @ http://localhost:3000/_next/static/chunks/0stj_next_dist_19zsb-q._.js:776
[ 1150355ms] [LOG] [Fast Refresh] done in 394ms @ http://localhost:3000/_next/static/chunks/0stj_next_dist_19zsb-q._.js:776
[ 1150418ms] [LOG] [Fast Refresh] done in 394ms @ http://localhost:3000/_next/static/chunks/0stj_next_dist_19zsb-q._.js:776
[ 1150480ms] [LOG] [Fast Refresh] done in 394ms @ http://localhost:3000/_next/static/chunks/0stj_next_dist_19zsb-q._.js:776
[ 1150543ms] [LOG] [Fast Refresh] done in 394ms @ http://localhost:3000/_next/static/chunks/0stj_next_dist_19zsb-q._.js:776
[ 1150607ms] [LOG] [Fast Refresh] done in 394ms @ http://localhost:3000/_next/static/chunks/0stj_next_dist_19zsb-q._.js:776
[ 1150670ms] [LOG] [Fast Refresh] done in 394ms @ http://localhost:3000/_next/static/chunks/0stj_next_dist_19zsb-q._.js:776
[ 1150733ms] [LOG] [Fast Refresh] done in 394ms @ http://localhost:3000/_next/static/chunks/0stj_next_dist_19zsb-q._.js:776
[ 1150809ms] [LOG] [Fast Refresh] done in 394ms @ http://localhost:3000/_next/static/chunks/0stj_next_dist_19zsb-q._.js:776
[ 1150872ms] [LOG] [Fast Refresh] done in 394ms @ http://localhost:3000/_next/static/chunks/0stj_next_dist_19zsb-q._.js:776
[ 1150978ms] [LOG] [Fast Refresh] done in 394ms @ http://localhost:3000/_next/static/chunks/0stj_next_dist_19zsb-q._.js:776
[ 1151056ms] [LOG] [Fast Refresh] done in 394ms @ http://localhost:3000/_next/static/chunks/0stj_next_dist_19zsb-q._.js:776
[ 1151134ms] [LOG] [Fast Refresh] done in 394ms @ http://localhost:3000/_next/static/chunks/0stj_next_dist_19zsb-q._.js:776
[ 1151213ms] [LOG] [Fast Refresh] done in 394ms @ http://localhost:3000/_next/static/chunks/0stj_next_dist_19zsb-q._.js:776
[ 1151291ms] [LOG] [Fast Refresh] done in 394ms @ http://localhost:3000/_next/static/chunks/0stj_next_dist_19zsb-q._.js:776
[ 1151371ms] [LOG] [Fast Refresh] done in 394ms @ http://localhost:3000/_next/static/chunks/0stj_next_dist_19zsb-q._.js:776
[ 1151448ms] [LOG] [Fast Refresh] done in 394ms @ http://localhost:3000/_next/static/chunks/0stj_next_dist_19zsb-q._.js:776
[ 1151525ms] [LOG] [Fast Refresh] done in 394ms @ http://localhost:3000/_next/static/chunks/0stj_next_dist_19zsb-q._.js:776
[ 1151603ms] [LOG] [Fast Refresh] done in 394ms @ http://localhost:3000/_next/static/chunks/0stj_next_dist_19zsb-q._.js:776
[ 1151681ms] [LOG] [Fast Refresh] done in 394ms @ http://localhost:3000/_next/static/chunks/0stj_next_dist_19zsb-q._.js:776
[ 1151756ms] [LOG] [Fast Refresh] done in 394ms @ http://localhost:3000/_next/static/chunks/0stj_next_dist_19zsb-q._.js:776
[ 1151818ms] [LOG] [Fast Refresh] done in 394ms @ http://localhost:3000/_next/static/chunks/0stj_next_dist_19zsb-q._.js:776
[ 1151895ms] [LOG] [Fast Refresh] done in 394ms @ http://localhost:3000/_next/static/chunks/0stj_next_dist_19zsb-q._.js:776
[ 1151970ms] [LOG] [Fast Refresh] done in 394ms @ http://localhost:3000/_next/static/chunks/0stj_next_dist_19zsb-q._.js:776
[ 1152048ms] [LOG] [Fast Refresh] done in 394ms @ http://localhost:3000/_next/static/chunks/0stj_next_dist_19zsb-q._.js:776
[ 1152127ms] [LOG] [Fast Refresh] done in 394ms @ http://localhost:3000/_next/static/chunks/0stj_next_dist_19zsb-q._.js:776
[ 1152191ms] [LOG] [Fast Refresh] done in 394ms @ http://localhost:3000/_next/static/chunks/0stj_next_dist_19zsb-q._.js:776
[ 1152269ms] [LOG] [Fast Refresh] done in 394ms @ http://localhost:3000/_next/static/chunks/0stj_next_dist_19zsb-q._.js:776
[ 1152345ms] [LOG] [Fast Refresh] done in 394ms @ http://localhost:3000/_next/static/chunks/0stj_next_dist_19zsb-q._.js:776
[ 1152423ms] [LOG] [Fast Refresh] done in 394ms @ http://localhost:3000/_next/static/chunks/0stj_next_dist_19zsb-q._.js:776
[ 1152500ms] [LOG] [Fast Refresh] done in 394ms @ http://localhost:3000/_next/static/chunks/0stj_next_dist_19zsb-q._.js:776
[ 1152576ms] [LOG] [Fast Refresh] done in 394ms @ http://localhost:3000/_next/static/chunks/0stj_next_dist_19zsb-q._.js:776
[ 1152654ms] [LOG] [Fast Refresh] done in 394ms @ http://localhost:3000/_next/static/chunks/0stj_next_dist_19zsb-q._.js:776
[ 1152733ms] [LOG] [Fast Refresh] done in 394ms @ http://localhost:3000/_next/static/chunks/0stj_next_dist_19zsb-q._.js:776
[ 1152809ms] [LOG] [Fast Refresh] done in 394ms @ http://localhost:3000/_next/static/chunks/0stj_next_dist_19zsb-q._.js:776
[ 1152887ms] [LOG] [Fast Refresh] done in 394ms @ http://localhost:3000/_next/static/chunks/0stj_next_dist_19zsb-q._.js:776
[ 1152967ms] [LOG] [Fast Refresh] done in 394ms @ http://localhost:3000/_next/static/chunks/0stj_next_dist_19zsb-q._.js:776
[ 1153044ms] [LOG] [Fast Refresh] done in 394ms @ http://localhost:3000/_next/static/chunks/0stj_next_dist_19zsb-q._.js:776
[ 1153122ms] [LOG] [Fast Refresh] done in 394ms @ http://localhost:3000/_next/static/chunks/0stj_next_dist_19zsb-q._.js:776
[ 1153199ms] [LOG] [Fast Refresh] done in 394ms @ http://localhost:3000/_next/static/chunks/0stj_next_dist_19zsb-q._.js:776
[ 1153278ms] [LOG] [Fast Refresh] done in 394ms @ http://localhost:3000/_next/static/chunks/0stj_next_dist_19zsb-q._.js:776
[ 1153355ms] [LOG] [Fast Refresh] done in 394ms @ http://localhost:3000/_next/static/chunks/0stj_next_dist_19zsb-q._.js:776
[ 1153432ms] [LOG] [Fast Refresh] done in 394ms @ http://localhost:3000/_next/static/chunks/0stj_next_dist_19zsb-q._.js:776
[ 1153511ms] [LOG] [Fast Refresh] done in 394ms @ http://localhost:3000/_next/static/chunks/0stj_next_dist_19zsb-q._.js:776
[ 1153589ms] [LOG] [Fast Refresh] done in 394ms @ http://localhost:3000/_next/static/chunks/0stj_next_dist_19zsb-q._.js:776
[ 1153699ms] [LOG] [Fast Refresh] done in 394ms @ http://localhost:3000/_next/static/chunks/0stj_next_dist_19zsb-q._.js:776
[ 1153778ms] [LOG] [Fast Refresh] done in 394ms @ http://localhost:3000/_next/static/chunks/0stj_next_dist_19zsb-q._.js:776
[ 1153856ms] [LOG] [Fast Refresh] done in 394ms @ http://localhost:3000/_next/static/chunks/0stj_next_dist_19zsb-q._.js:776
[ 1153932ms] [LOG] [Fast Refresh] done in 394ms @ http://localhost:3000/_next/static/chunks/0stj_next_dist_19zsb-q._.js:776
[ 1153994ms] [LOG] [Fast Refresh] done in 394ms @ http://localhost:3000/_next/static/chunks/0stj_next_dist_19zsb-q._.js:776
[ 1154071ms] [LOG] [Fast Refresh] done in 394ms @ http://localhost:3000/_next/static/chunks/0stj_next_dist_19zsb-q._.js:776
[ 1154136ms] [LOG] [Fast Refresh] done in 394ms @ http://localhost:3000/_next/static/chunks/0stj_next_dist_19zsb-q._.js:776
[ 1154213ms] [LOG] [Fast Refresh] done in 394ms @ http://localhost:3000/_next/static/chunks/0stj_next_dist_19zsb-q._.js:776
[ 1154308ms] [LOG] [Fast Refresh] done in 394ms @ http://localhost:3000/_next/static/chunks/0stj_next_dist_19zsb-q._.js:776
[ 1154370ms] [LOG] [Fast Refresh] done in 394ms @ http://localhost:3000/_next/static/chunks/0stj_next_dist_19zsb-q._.js:776
[ 1154447ms] [LOG] [Fast Refresh] done in 394ms @ http://localhost:3000/_next/static/chunks/0stj_next_dist_19zsb-q._.js:776
[ 1154510ms] [LOG] [Fast Refresh] done in 394ms @ http://localhost:3000/_next/static/chunks/0stj_next_dist_19zsb-q._.js:776
[ 1154589ms] [LOG] [Fast Refresh] done in 394ms @ http://localhost:3000/_next/static/chunks/0stj_next_dist_19zsb-q._.js:776
[ 1154669ms] [LOG] [Fast Refresh] done in 394ms @ http://localhost:3000/_next/static/chunks/0stj_next_dist_19zsb-q._.js:776
[ 1154747ms] [LOG] [Fast Refresh] done in 394ms @ http://localhost:3000/_next/static/chunks/0stj_next_dist_19zsb-q._.js:776
[ 1154824ms] [LOG] [Fast Refresh] done in 394ms @ http://localhost:3000/_next/static/chunks/0stj_next_dist_19zsb-q._.js:776
[ 1154887ms] [LOG] [Fast Refresh] done in 394ms @ http://localhost:3000/_next/static/chunks/0stj_next_dist_19zsb-q._.js:776
[ 1154949ms] [LOG] [Fast Refresh] done in 394ms @ http://localhost:3000/_next/static/chunks/0stj_next_dist_19zsb-q._.js:776
[ 1155183ms] [LOG] [Fast Refresh] done in 394ms @ http://localhost:3000/_next/static/chunks/0stj_next_dist_19zsb-q._.js:776
[ 1155260ms] [LOG] [Fast Refresh] done in 394ms @ http://localhost:3000/_next/static/chunks/0stj_next_dist_19zsb-q._.js:776
[ 1155322ms] [LOG] [Fast Refresh] done in 394ms @ http://localhost:3000/_next/static/chunks/0stj_next_dist_19zsb-q._.js:776
[ 1155400ms] [LOG] [Fast Refresh] done in 394ms @ http://localhost:3000/_next/static/chunks/0stj_next_dist_19zsb-q._.js:776
[ 1155478ms] [LOG] [Fast Refresh] done in 394ms @ http://localhost:3000/_next/static/chunks/0stj_next_dist_19zsb-q._.js:776
[ 1155541ms] [LOG] [Fast Refresh] done in 394ms @ http://localhost:3000/_next/static/chunks/0stj_next_dist_19zsb-q._.js:776
[ 1155619ms] [LOG] [Fast Refresh] done in 394ms @ http://localhost:3000/_next/static/chunks/0stj_next_dist_19zsb-q._.js:776
[ 1155682ms] [LOG] [Fast Refresh] done in 394ms @ http://localhost:3000/_next/static/chunks/0stj_next_dist_19zsb-q._.js:776
[ 1155744ms] [LOG] [Fast Refresh] done in 394ms @ http://localhost:3000/_next/static/chunks/0stj_next_dist_19zsb-q._.js:776
[ 1155807ms] [LOG] [Fast Refresh] done in 394ms @ http://localhost:3000/_next/static/chunks/0stj_next_dist_19zsb-q._.js:776
[ 1155885ms] [LOG] [Fast Refresh] done in 394ms @ http://localhost:3000/_next/static/chunks/0stj_next_dist_19zsb-q._.js:776
[ 1155949ms] [LOG] [Fast Refresh] done in 394ms @ http://localhost:3000/_next/static/chunks/0stj_next_dist_19zsb-q._.js:776
[ 1156012ms] [LOG] [Fast Refresh] done in 394ms @ http://localhost:3000/_next/static/chunks/0stj_next_dist_19zsb-q._.js:776
[ 1156073ms] [LOG] [Fast Refresh] done in 394ms @ http://localhost:3000/_next/static/chunks/0stj_next_dist_19zsb-q._.js:776
[ 1156133ms] [LOG] [Fast Refresh] done in 394ms @ http://localhost:3000/_next/static/chunks/0stj_next_dist_19zsb-q._.js:776
[ 1156197ms] [LOG] [Fast Refresh] done in 394ms @ http://localhost:3000/_next/static/chunks/0stj_next_dist_19zsb-q._.js:776
[ 1156272ms] [LOG] [Fast Refresh] done in 394ms @ http://localhost:3000/_next/static/chunks/0stj_next_dist_19zsb-q._.js:776
[ 1156333ms] [LOG] [Fast Refresh] done in 394ms @ http://localhost:3000/_next/static/chunks/0stj_next_dist_19zsb-q._.js:776
[ 1156396ms] [LOG] [Fast Refresh] done in 394ms @ http://localhost:3000/_next/static/chunks/0stj_next_dist_19zsb-q._.js:776
[ 1156459ms] [LOG] [Fast Refresh] done in 394ms @ http://localhost:3000/_next/static/chunks/0stj_next_dist_19zsb-q._.js:776
[ 1156521ms] [LOG] [Fast Refresh] done in 394ms @ http://localhost:3000/_next/static/chunks/0stj_next_dist_19zsb-q._.js:776
[ 1156584ms] [LOG] [Fast Refresh] done in 394ms @ http://localhost:3000/_next/static/chunks/0stj_next_dist_19zsb-q._.js:776
[ 1156645ms] [LOG] [Fast Refresh] done in 394ms @ http://localhost:3000/_next/static/chunks/0stj_next_dist_19zsb-q._.js:776
[ 1156708ms] [LOG] [Fast Refresh] done in 394ms @ http://localhost:3000/_next/static/chunks/0stj_next_dist_19zsb-q._.js:776
[ 1156771ms] [LOG] [Fast Refresh] done in 394ms @ http://localhost:3000/_next/static/chunks/0stj_next_dist_19zsb-q._.js:776
[ 1156833ms] [LOG] [Fast Refresh] done in 394ms @ http://localhost:3000/_next/static/chunks/0stj_next_dist_19zsb-q._.js:776
[ 1156913ms] [LOG] [Fast Refresh] done in 394ms @ http://localhost:3000/_next/static/chunks/0stj_next_dist_19zsb-q._.js:776
[ 1156991ms] [LOG] [Fast Refresh] done in 394ms @ http://localhost:3000/_next/static/chunks/0stj_next_dist_19zsb-q._.js:776
[ 1157054ms] [LOG] [Fast Refresh] done in 394ms @ http://localhost:3000/_next/static/chunks/0stj_next_dist_19zsb-q._.js:776
[ 1157118ms] [LOG] [Fast Refresh] done in 394ms @ http://localhost:3000/_next/static/chunks/0stj_next_dist_19zsb-q._.js:776
[ 1157180ms] [LOG] [Fast Refresh] done in 394ms @ http://localhost:3000/_next/static/chunks/0stj_next_dist_19zsb-q._.js:776
[ 1157243ms] [LOG] [Fast Refresh] done in 394ms @ http://localhost:3000/_next/static/chunks/0stj_next_dist_19zsb-q._.js:776
[ 1157305ms] [LOG] [Fast Refresh] done in 394ms @ http://localhost:3000/_next/static/chunks/0stj_next_dist_19zsb-q._.js:776
[ 1157367ms] [LOG] [Fast Refresh] done in 394ms @ http://localhost:3000/_next/static/chunks/0stj_next_dist_19zsb-q._.js:776
[ 1157430ms] [LOG] [Fast Refresh] done in 394ms @ http://localhost:3000/_next/static/chunks/0stj_next_dist_19zsb-q._.js:776
[ 1157493ms] [LOG] [Fast Refresh] done in 394ms @ http://localhost:3000/_next/static/chunks/0stj_next_dist_19zsb-q._.js:776
[ 1157570ms] [LOG] [Fast Refresh] done in 394ms @ http://localhost:3000/_next/static/chunks/0stj_next_dist_19zsb-q._.js:776
[ 1157633ms] [LOG] [Fast Refresh] done in 394ms @ http://localhost:3000/_next/static/chunks/0stj_next_dist_19zsb-q._.js:776
[ 1157696ms] [LOG] [Fast Refresh] done in 394ms @ http://localhost:3000/_next/static/chunks/0stj_next_dist_19zsb-q._.js:776
[ 1157759ms] [LOG] [Fast Refresh] done in 394ms @ http://localhost:3000/_next/static/chunks/0stj_next_dist_19zsb-q._.js:776
[ 1157836ms] [LOG] [Fast Refresh] done in 394ms @ http://localhost:3000/_next/static/chunks/0stj_next_dist_19zsb-q._.js:776
[ 1157898ms] [LOG] [Fast Refresh] done in 394ms @ http://localhost:3000/_next/static/chunks/0stj_next_dist_19zsb-q._.js:776
[ 1157960ms] [LOG] [Fast Refresh] done in 394ms @ http://localhost:3000/_next/static/chunks/0stj_next_dist_19zsb-q._.js:776
[ 1158037ms] [LOG] [Fast Refresh] done in 394ms @ http://localhost:3000/_next/static/chunks/0stj_next_dist_19zsb-q._.js:776
[ 1158098ms] [LOG] [Fast Refresh] done in 394ms @ http://localhost:3000/_next/static/chunks/0stj_next_dist_19zsb-q._.js:776
[ 1158161ms] [LOG] [Fast Refresh] done in 394ms @ http://localhost:3000/_next/static/chunks/0stj_next_dist_19zsb-q._.js:776
[ 1158223ms] [LOG] [Fast Refresh] done in 394ms @ http://localhost:3000/_next/static/chunks/0stj_next_dist_19zsb-q._.js:776
[ 1158285ms] [LOG] [Fast Refresh] done in 394ms @ http://localhost:3000/_next/static/chunks/0stj_next_dist_19zsb-q._.js:776
[ 1158349ms] [LOG] [Fast Refresh] done in 394ms @ http://localhost:3000/_next/static/chunks/0stj_next_dist_19zsb-q._.js:776
[ 1158413ms] [LOG] [Fast Refresh] done in 394ms @ http://localhost:3000/_next/static/chunks/0stj_next_dist_19zsb-q._.js:776
[ 1158491ms] [LOG] [Fast Refresh] done in 394ms @ http://localhost:3000/_next/static/chunks/0stj_next_dist_19zsb-q._.js:776
[ 1158553ms] [LOG] [Fast Refresh] done in 394ms @ http://localhost:3000/_next/static/chunks/0stj_next_dist_19zsb-q._.js:776
[ 1158633ms] [LOG] [Fast Refresh] done in 394ms @ http://localhost:3000/_next/static/chunks/0stj_next_dist_19zsb-q._.js:776
[ 1158709ms] [LOG] [Fast Refresh] done in 394ms @ http://localhost:3000/_next/static/chunks/0stj_next_dist_19zsb-q._.js:776
[ 1158788ms] [LOG] [Fast Refresh] done in 394ms @ http://localhost:3000/_next/static/chunks/0stj_next_dist_19zsb-q._.js:776
[ 1158867ms] [LOG] [Fast Refresh] done in 394ms @ http://localhost:3000/_next/static/chunks/0stj_next_dist_19zsb-q._.js:776
[ 1158944ms] [LOG] [Fast Refresh] done in 394ms @ http://localhost:3000/_next/static/chunks/0stj_next_dist_19zsb-q._.js:776
[ 1159022ms] [LOG] [Fast Refresh] done in 394ms @ http://localhost:3000/_next/static/chunks/0stj_next_dist_19zsb-q._.js:776
[ 1159084ms] [LOG] [Fast Refresh] done in 394ms @ http://localhost:3000/_next/static/chunks/0stj_next_dist_19zsb-q._.js:776
[ 1159148ms] [LOG] [Fast Refresh] done in 394ms @ http://localhost:3000/_next/static/chunks/0stj_next_dist_19zsb-q._.js:776
[ 1159210ms] [LOG] [Fast Refresh] done in 394ms @ http://localhost:3000/_next/static/chunks/0stj_next_dist_19zsb-q._.js:776
[ 1159272ms] [LOG] [Fast Refresh] done in 394ms @ http://localhost:3000/_next/static/chunks/0stj_next_dist_19zsb-q._.js:776
[ 1159335ms] [LOG] [Fast Refresh] done in 394ms @ http://localhost:3000/_next/static/chunks/0stj_next_dist_19zsb-q._.js:776
[ 1159412ms] [LOG] [Fast Refresh] done in 394ms @ http://localhost:3000/_next/static/chunks/0stj_next_dist_19zsb-q._.js:776
[ 1159489ms] [LOG] [Fast Refresh] done in 394ms @ http://localhost:3000/_next/static/chunks/0stj_next_dist_19zsb-q._.js:776
[ 1159551ms] [LOG] [Fast Refresh] done in 394ms @ http://localhost:3000/_next/static/chunks/0stj_next_dist_19zsb-q._.js:776
[ 1159613ms] [LOG] [Fast Refresh] done in 394ms @ http://localhost:3000/_next/static/chunks/0stj_next_dist_19zsb-q._.js:776
[ 1159676ms] [LOG] [Fast Refresh] done in 394ms @ http://localhost:3000/_next/static/chunks/0stj_next_dist_19zsb-q._.js:776
[ 1159739ms] [LOG] [Fast Refresh] done in 394ms @ http://localhost:3000/_next/static/chunks/0stj_next_dist_19zsb-q._.js:776
[ 1159801ms] [LOG] [Fast Refresh] done in 394ms @ http://localhost:3000/_next/static/chunks/0stj_next_dist_19zsb-q._.js:776
[ 1159864ms] [LOG] [Fast Refresh] done in 394ms @ http://localhost:3000/_next/static/chunks/0stj_next_dist_19zsb-q._.js:776
[ 1159974ms] [LOG] [Fast Refresh] done in 394ms @ http://localhost:3000/_next/static/chunks/0stj_next_dist_19zsb-q._.js:776
[ 1160036ms] [LOG] [Fast Refresh] done in 394ms @ http://localhost:3000/_next/static/chunks/0stj_next_dist_19zsb-q._.js:776
[ 1160100ms] [LOG] [Fast Refresh] done in 394ms @ http://localhost:3000/_next/static/chunks/0stj_next_dist_19zsb-q._.js:776
[ 1160166ms] [LOG] [Fast Refresh] done in 394ms @ http://localhost:3000/_next/static/chunks/0stj_next_dist_19zsb-q._.js:776
[ 1160242ms] [LOG] [Fast Refresh] done in 394ms @ http://localhost:3000/_next/static/chunks/0stj_next_dist_19zsb-q._.js:776
[ 1160305ms] [LOG] [Fast Refresh] done in 394ms @ http://localhost:3000/_next/static/chunks/0stj_next_dist_19zsb-q._.js:776
[ 1160369ms] [LOG] [Fast Refresh] done in 394ms @ http://localhost:3000/_next/static/chunks/0stj_next_dist_19zsb-q._.js:776
[ 1160433ms] [LOG] [Fast Refresh] done in 394ms @ http://localhost:3000/_next/static/chunks/0stj_next_dist_19zsb-q._.js:776
[ 1160495ms] [LOG] [Fast Refresh] done in 394ms @ http://localhost:3000/_next/static/chunks/0stj_next_dist_19zsb-q._.js:776
[ 1160558ms] [LOG] [Fast Refresh] done in 394ms @ http://localhost:3000/_next/static/chunks/0stj_next_dist_19zsb-q._.js:776
[ 1160636ms] [LOG] [Fast Refresh] done in 394ms @ http://localhost:3000/_next/static/chunks/0stj_next_dist_19zsb-q._.js:776
[ 1160714ms] [LOG] [Fast Refresh] done in 394ms @ http://localhost:3000/_next/static/chunks/0stj_next_dist_19zsb-q._.js:776
[ 1160776ms] [LOG] [Fast Refresh] done in 394ms @ http://localhost:3000/_next/static/chunks/0stj_next_dist_19zsb-q._.js:776
[ 1160840ms] [LOG] [Fast Refresh] done in 394ms @ http://localhost:3000/_next/static/chunks/0stj_next_dist_19zsb-q._.js:776
[ 1160916ms] [LOG] [Fast Refresh] done in 394ms @ http://localhost:3000/_next/static/chunks/0stj_next_dist_19zsb-q._.js:776
[ 1160994ms] [LOG] [Fast Refresh] done in 394ms @ http://localhost:3000/_next/static/chunks/0stj_next_dist_19zsb-q._.js:776
[ 1161058ms] [LOG] [Fast Refresh] done in 394ms @ http://localhost:3000/_next/static/chunks/0stj_next_dist_19zsb-q._.js:776
[ 1161120ms] [LOG] [Fast Refresh] done in 394ms @ http://localhost:3000/_next/static/chunks/0stj_next_dist_19zsb-q._.js:776
[ 1161184ms] [LOG] [Fast Refresh] done in 394ms @ http://localhost:3000/_next/static/chunks/0stj_next_dist_19zsb-q._.js:776
[ 1161260ms] [LOG] [Fast Refresh] done in 394ms @ http://localhost:3000/_next/static/chunks/0stj_next_dist_19zsb-q._.js:776
[ 1161323ms] [LOG] [Fast Refresh] done in 394ms @ http://localhost:3000/_next/static/chunks/0stj_next_dist_19zsb-q._.js:776
[ 1161402ms] [LOG] [Fast Refresh] done in 394ms @ http://localhost:3000/_next/static/chunks/0stj_next_dist_19zsb-q._.js:776
[ 1161463ms] [LOG] [Fast Refresh] done in 394ms @ http://localhost:3000/_next/static/chunks/0stj_next_dist_19zsb-q._.js:776
[ 1161525ms] [LOG] [Fast Refresh] done in 394ms @ http://localhost:3000/_next/static/chunks/0stj_next_dist_19zsb-q._.js:776
[ 1161595ms] [LOG] [Fast Refresh] done in 394ms @ http://localhost:3000/_next/static/chunks/0stj_next_dist_19zsb-q._.js:776
[ 1161653ms] [LOG] [Fast Refresh] done in 394ms @ http://localhost:3000/_next/static/chunks/0stj_next_dist_19zsb-q._.js:776
[ 1161731ms] [LOG] [Fast Refresh] done in 394ms @ http://localhost:3000/_next/static/chunks/0stj_next_dist_19zsb-q._.js:776
[ 1161825ms] [LOG] [Fast Refresh] done in 394ms @ http://localhost:3000/_next/static/chunks/0stj_next_dist_19zsb-q._.js:776
[ 1161886ms] [LOG] [Fast Refresh] done in 394ms @ http://localhost:3000/_next/static/chunks/0stj_next_dist_19zsb-q._.js:776
[ 1161966ms] [LOG] [Fast Refresh] done in 394ms @ http://localhost:3000/_next/static/chunks/0stj_next_dist_19zsb-q._.js:776
[ 1162043ms] [LOG] [Fast Refresh] done in 394ms @ http://localhost:3000/_next/static/chunks/0stj_next_dist_19zsb-q._.js:776
[ 1162121ms] [LOG] [Fast Refresh] done in 394ms @ http://localhost:3000/_next/static/chunks/0stj_next_dist_19zsb-q._.js:776
[ 1162200ms] [LOG] [Fast Refresh] done in 394ms @ http://localhost:3000/_next/static/chunks/0stj_next_dist_19zsb-q._.js:776
[ 1162276ms] [LOG] [Fast Refresh] done in 394ms @ http://localhost:3000/_next/static/chunks/0stj_next_dist_19zsb-q._.js:776
[ 1162354ms] [LOG] [Fast Refresh] done in 394ms @ http://localhost:3000/_next/static/chunks/0stj_next_dist_19zsb-q._.js:776
[ 1162433ms] [LOG] [Fast Refresh] done in 394ms @ http://localhost:3000/_next/static/chunks/0stj_next_dist_19zsb-q._.js:776
[ 1162510ms] [LOG] [Fast Refresh] done in 394ms @ http://localhost:3000/_next/static/chunks/0stj_next_dist_19zsb-q._.js:776
[ 1162587ms] [LOG] [Fast Refresh] done in 394ms @ http://localhost:3000/_next/static/chunks/0stj_next_dist_19zsb-q._.js:776
[ 1162666ms] [LOG] [Fast Refresh] done in 394ms @ http://localhost:3000/_next/static/chunks/0stj_next_dist_19zsb-q._.js:776
[ 1162745ms] [LOG] [Fast Refresh] done in 394ms @ http://localhost:3000/_next/static/chunks/0stj_next_dist_19zsb-q._.js:776
[ 1162823ms] [LOG] [Fast Refresh] done in 394ms @ http://localhost:3000/_next/static/chunks/0stj_next_dist_19zsb-q._.js:776
[ 1162899ms] [LOG] [Fast Refresh] done in 394ms @ http://localhost:3000/_next/static/chunks/0stj_next_dist_19zsb-q._.js:776
[ 1162976ms] [LOG] [Fast Refresh] done in 394ms @ http://localhost:3000/_next/static/chunks/0stj_next_dist_19zsb-q._.js:776
[ 1163054ms] [LOG] [Fast Refresh] done in 394ms @ http://localhost:3000/_next/static/chunks/0stj_next_dist_19zsb-q._.js:776
[ 1163131ms] [LOG] [Fast Refresh] done in 394ms @ http://localhost:3000/_next/static/chunks/0stj_next_dist_19zsb-q._.js:776
[ 1163209ms] [LOG] [Fast Refresh] done in 394ms @ http://localhost:3000/_next/static/chunks/0stj_next_dist_19zsb-q._.js:776
[ 1163287ms] [LOG] [Fast Refresh] done in 394ms @ http://localhost:3000/_next/static/chunks/0stj_next_dist_19zsb-q._.js:776
[ 1163364ms] [LOG] [Fast Refresh] done in 394ms @ http://localhost:3000/_next/static/chunks/0stj_next_dist_19zsb-q._.js:776
[ 1163441ms] [LOG] [Fast Refresh] done in 394ms @ http://localhost:3000/_next/static/chunks/0stj_next_dist_19zsb-q._.js:776
[ 1163520ms] [LOG] [Fast Refresh] done in 394ms @ http://localhost:3000/_next/static/chunks/0stj_next_dist_19zsb-q._.js:776
[ 1163598ms] [LOG] [Fast Refresh] done in 394ms @ http://localhost:3000/_next/static/chunks/0stj_next_dist_19zsb-q._.js:776
[ 1163674ms] [LOG] [Fast Refresh] done in 394ms @ http://localhost:3000/_next/static/chunks/0stj_next_dist_19zsb-q._.js:776
[ 1163752ms] [LOG] [Fast Refresh] done in 394ms @ http://localhost:3000/_next/static/chunks/0stj_next_dist_19zsb-q._.js:776
[ 1163826ms] [LOG] [Fast Refresh] done in 394ms @ http://localhost:3000/_next/static/chunks/0stj_next_dist_19zsb-q._.js:776
[ 1163903ms] [LOG] [Fast Refresh] done in 394ms @ http://localhost:3000/_next/static/chunks/0stj_next_dist_19zsb-q._.js:776
[ 1163979ms] [LOG] [Fast Refresh] done in 394ms @ http://localhost:3000/_next/static/chunks/0stj_next_dist_19zsb-q._.js:776
[ 1164059ms] [LOG] [Fast Refresh] done in 394ms @ http://localhost:3000/_next/static/chunks/0stj_next_dist_19zsb-q._.js:776
[ 1164135ms] [LOG] [Fast Refresh] done in 394ms @ http://localhost:3000/_next/static/chunks/0stj_next_dist_19zsb-q._.js:776
[ 1164212ms] [LOG] [Fast Refresh] done in 394ms @ http://localhost:3000/_next/static/chunks/0stj_next_dist_19zsb-q._.js:776
[ 1164289ms] [LOG] [Fast Refresh] done in 394ms @ http://localhost:3000/_next/static/chunks/0stj_next_dist_19zsb-q._.js:776
[ 1164368ms] [LOG] [Fast Refresh] done in 394ms @ http://localhost:3000/_next/static/chunks/0stj_next_dist_19zsb-q._.js:776
[ 1164446ms] [LOG] [Fast Refresh] done in 394ms @ http://localhost:3000/_next/static/chunks/0stj_next_dist_19zsb-q._.js:776
[ 1164524ms] [LOG] [Fast Refresh] done in 394ms @ http://localhost:3000/_next/static/chunks/0stj_next_dist_19zsb-q._.js:776
[ 1164602ms] [LOG] [Fast Refresh] done in 394ms @ http://localhost:3000/_next/static/chunks/0stj_next_dist_19zsb-q._.js:776
[ 1164680ms] [LOG] [Fast Refresh] done in 394ms @ http://localhost:3000/_next/static/chunks/0stj_next_dist_19zsb-q._.js:776
[ 1164758ms] [LOG] [Fast Refresh] done in 394ms @ http://localhost:3000/_next/static/chunks/0stj_next_dist_19zsb-q._.js:776
[ 1164837ms] [LOG] [Fast Refresh] done in 394ms @ http://localhost:3000/_next/static/chunks/0stj_next_dist_19zsb-q._.js:776
[ 1164912ms] [LOG] [Fast Refresh] done in 394ms @ http://localhost:3000/_next/static/chunks/0stj_next_dist_19zsb-q._.js:776
[ 1164988ms] [LOG] [Fast Refresh] done in 394ms @ http://localhost:3000/_next/static/chunks/0stj_next_dist_19zsb-q._.js:776
[ 1165065ms] [LOG] [Fast Refresh] done in 394ms @ http://localhost:3000/_next/static/chunks/0stj_next_dist_19zsb-q._.js:776
[ 1165144ms] [LOG] [Fast Refresh] done in 394ms @ http://localhost:3000/_next/static/chunks/0stj_next_dist_19zsb-q._.js:776
[ 1165222ms] [LOG] [Fast Refresh] done in 394ms @ http://localhost:3000/_next/static/chunks/0stj_next_dist_19zsb-q._.js:776
[ 1165302ms] [LOG] [Fast Refresh] done in 394ms @ http://localhost:3000/_next/static/chunks/0stj_next_dist_19zsb-q._.js:776
[ 1165379ms] [LOG] [Fast Refresh] done in 394ms @ http://localhost:3000/_next/static/chunks/0stj_next_dist_19zsb-q._.js:776
[ 1165456ms] [LOG] [Fast Refresh] done in 394ms @ http://localhost:3000/_next/static/chunks/0stj_next_dist_19zsb-q._.js:776
[ 1165533ms] [LOG] [Fast Refresh] done in 394ms @ http://localhost:3000/_next/static/chunks/0stj_next_dist_19zsb-q._.js:776
[ 1165610ms] [LOG] [Fast Refresh] done in 394ms @ http://localhost:3000/_next/static/chunks/0stj_next_dist_19zsb-q._.js:776
[ 1165689ms] [LOG] [Fast Refresh] done in 394ms @ http://localhost:3000/_next/static/chunks/0stj_next_dist_19zsb-q._.js:776
[ 1165767ms] [LOG] [Fast Refresh] done in 394ms @ http://localhost:3000/_next/static/chunks/0stj_next_dist_19zsb-q._.js:776
[ 1165846ms] [LOG] [Fast Refresh] done in 394ms @ http://localhost:3000/_next/static/chunks/0stj_next_dist_19zsb-q._.js:776
[ 1165924ms] [LOG] [Fast Refresh] done in 394ms @ http://localhost:3000/_next/static/chunks/0stj_next_dist_19zsb-q._.js:776
[ 1166003ms] [LOG] [Fast Refresh] done in 394ms @ http://localhost:3000/_next/static/chunks/0stj_next_dist_19zsb-q._.js:776
[ 1166098ms] [LOG] [Fast Refresh] done in 394ms @ http://localhost:3000/_next/static/chunks/0stj_next_dist_19zsb-q._.js:776
[ 1166174ms] [LOG] [Fast Refresh] done in 394ms @ http://localhost:3000/_next/static/chunks/0stj_next_dist_19zsb-q._.js:776
[ 1166251ms] [LOG] [Fast Refresh] done in 394ms @ http://localhost:3000/_next/static/chunks/0stj_next_dist_19zsb-q._.js:776
[ 1166315ms] [LOG] [Fast Refresh] done in 394ms @ http://localhost:3000/_next/static/chunks/0stj_next_dist_19zsb-q._.js:776
[ 1166391ms] [LOG] [Fast Refresh] done in 394ms @ http://localhost:3000/_next/static/chunks/0stj_next_dist_19zsb-q._.js:776
[ 1166470ms] [LOG] [Fast Refresh] done in 394ms @ http://localhost:3000/_next/static/chunks/0stj_next_dist_19zsb-q._.js:776
[ 1166546ms] [LOG] [Fast Refresh] done in 394ms @ http://localhost:3000/_next/static/chunks/0stj_next_dist_19zsb-q._.js:776
[ 1166627ms] [LOG] [Fast Refresh] done in 394ms @ http://localhost:3000/_next/static/chunks/0stj_next_dist_19zsb-q._.js:776
[ 1166705ms] [LOG] [Fast Refresh] done in 394ms @ http://localhost:3000/_next/static/chunks/0stj_next_dist_19zsb-q._.js:776
[ 1166784ms] [LOG] [Fast Refresh] done in 394ms @ http://localhost:3000/_next/static/chunks/0stj_next_dist_19zsb-q._.js:776
[ 1166861ms] [LOG] [Fast Refresh] done in 394ms @ http://localhost:3000/_next/static/chunks/0stj_next_dist_19zsb-q._.js:776
[ 1166940ms] [LOG] [Fast Refresh] done in 394ms @ http://localhost:3000/_next/static/chunks/0stj_next_dist_19zsb-q._.js:776
[ 1167017ms] [LOG] [Fast Refresh] done in 394ms @ http://localhost:3000/_next/static/chunks/0stj_next_dist_19zsb-q._.js:776
[ 1167095ms] [LOG] [Fast Refresh] done in 394ms @ http://localhost:3000/_next/static/chunks/0stj_next_dist_19zsb-q._.js:776
[ 1167173ms] [LOG] [Fast Refresh] done in 394ms @ http://localhost:3000/_next/static/chunks/0stj_next_dist_19zsb-q._.js:776
[ 1167252ms] [LOG] [Fast Refresh] done in 394ms @ http://localhost:3000/_next/static/chunks/0stj_next_dist_19zsb-q._.js:776
[ 1167331ms] [LOG] [Fast Refresh] done in 394ms @ http://localhost:3000/_next/static/chunks/0stj_next_dist_19zsb-q._.js:776
[ 1167393ms] [LOG] [Fast Refresh] done in 394ms @ http://localhost:3000/_next/static/chunks/0stj_next_dist_19zsb-q._.js:776
[ 1167471ms] [LOG] [Fast Refresh] done in 394ms @ http://localhost:3000/_next/static/chunks/0stj_next_dist_19zsb-q._.js:776
[ 1167550ms] [LOG] [Fast Refresh] done in 394ms @ http://localhost:3000/_next/static/chunks/0stj_next_dist_19zsb-q._.js:776
[ 1167629ms] [LOG] [Fast Refresh] done in 394ms @ http://localhost:3000/_next/static/chunks/0stj_next_dist_19zsb-q._.js:776
[ 1167706ms] [LOG] [Fast Refresh] done in 394ms @ http://localhost:3000/_next/static/chunks/0stj_next_dist_19zsb-q._.js:776
[ 1167783ms] [LOG] [Fast Refresh] done in 394ms @ http://localhost:3000/_next/static/chunks/0stj_next_dist_19zsb-q._.js:776
[ 1167861ms] [LOG] [Fast Refresh] done in 394ms @ http://localhost:3000/_next/static/chunks/0stj_next_dist_19zsb-q._.js:776
[ 1167925ms] [LOG] [Fast Refresh] done in 394ms @ http://localhost:3000/_next/static/chunks/0stj_next_dist_19zsb-q._.js:776
[ 1168004ms] [LOG] [Fast Refresh] done in 394ms @ http://localhost:3000/_next/static/chunks/0stj_next_dist_19zsb-q._.js:776
[ 1168082ms] [LOG] [Fast Refresh] done in 394ms @ http://localhost:3000/_next/static/chunks/0stj_next_dist_19zsb-q._.js:776
[ 1168159ms] [LOG] [Fast Refresh] done in 394ms @ http://localhost:3000/_next/static/chunks/0stj_next_dist_19zsb-q._.js:776
[ 1168239ms] [LOG] [Fast Refresh] done in 394ms @ http://localhost:3000/_next/static/chunks/0stj_next_dist_19zsb-q._.js:776
[ 1168301ms] [LOG] [Fast Refresh] done in 394ms @ http://localhost:3000/_next/static/chunks/0stj_next_dist_19zsb-q._.js:776
[ 1168379ms] [LOG] [Fast Refresh] done in 394ms @ http://localhost:3000/_next/static/chunks/0stj_next_dist_19zsb-q._.js:776
[ 1168457ms] [LOG] [Fast Refresh] done in 394ms @ http://localhost:3000/_next/static/chunks/0stj_next_dist_19zsb-q._.js:776
[ 1168535ms] [LOG] [Fast Refresh] done in 394ms @ http://localhost:3000/_next/static/chunks/0stj_next_dist_19zsb-q._.js:776
[ 1168597ms] [LOG] [Fast Refresh] done in 394ms @ http://localhost:3000/_next/static/chunks/0stj_next_dist_19zsb-q._.js:776
[ 1168674ms] [LOG] [Fast Refresh] done in 394ms @ http://localhost:3000/_next/static/chunks/0stj_next_dist_19zsb-q._.js:776
[ 1168737ms] [LOG] [Fast Refresh] done in 394ms @ http://localhost:3000/_next/static/chunks/0stj_next_dist_19zsb-q._.js:776
[ 1168815ms] [LOG] [Fast Refresh] done in 394ms @ http://localhost:3000/_next/static/chunks/0stj_next_dist_19zsb-q._.js:776
[ 1168878ms] [LOG] [Fast Refresh] done in 394ms @ http://localhost:3000/_next/static/chunks/0stj_next_dist_19zsb-q._.js:776
[ 1168954ms] [LOG] [Fast Refresh] done in 394ms @ http://localhost:3000/_next/static/chunks/0stj_next_dist_19zsb-q._.js:776
[ 1169034ms] [LOG] [Fast Refresh] done in 394ms @ http://localhost:3000/_next/static/chunks/0stj_next_dist_19zsb-q._.js:776
[ 1169111ms] [LOG] [Fast Refresh] done in 394ms @ http://localhost:3000/_next/static/chunks/0stj_next_dist_19zsb-q._.js:776
[ 1169188ms] [LOG] [Fast Refresh] done in 394ms @ http://localhost:3000/_next/static/chunks/0stj_next_dist_19zsb-q._.js:776
[ 1169251ms] [LOG] [Fast Refresh] done in 394ms @ http://localhost:3000/_next/static/chunks/0stj_next_dist_19zsb-q._.js:776
[ 1169314ms] [LOG] [Fast Refresh] done in 394ms @ http://localhost:3000/_next/static/chunks/0stj_next_dist_19zsb-q._.js:776
[ 1169377ms] [LOG] [Fast Refresh] done in 394ms @ http://localhost:3000/_next/static/chunks/0stj_next_dist_19zsb-q._.js:776
[ 1169439ms] [LOG] [Fast Refresh] done in 394ms @ http://localhost:3000/_next/static/chunks/0stj_next_dist_19zsb-q._.js:776
[ 1169516ms] [LOG] [Fast Refresh] done in 394ms @ http://localhost:3000/_next/static/chunks/0stj_next_dist_19zsb-q._.js:776
[ 1169593ms] [LOG] [Fast Refresh] done in 394ms @ http://localhost:3000/_next/static/chunks/0stj_next_dist_19zsb-q._.js:776
[ 1169672ms] [LOG] [Fast Refresh] done in 394ms @ http://localhost:3000/_next/static/chunks/0stj_next_dist_19zsb-q._.js:776
[ 1169733ms] [LOG] [Fast Refresh] done in 394ms @ http://localhost:3000/_next/static/chunks/0stj_next_dist_19zsb-q._.js:776
[ 1169795ms] [LOG] [Fast Refresh] done in 394ms @ http://localhost:3000/_next/static/chunks/0stj_next_dist_19zsb-q._.js:776
[ 1169857ms] [LOG] [Fast Refresh] done in 394ms @ http://localhost:3000/_next/static/chunks/0stj_next_dist_19zsb-q._.js:776
[ 1169921ms] [LOG] [Fast Refresh] done in 394ms @ http://localhost:3000/_next/static/chunks/0stj_next_dist_19zsb-q._.js:776
[ 1169999ms] [LOG] [Fast Refresh] done in 394ms @ http://localhost:3000/_next/static/chunks/0stj_next_dist_19zsb-q._.js:776
[ 1170079ms] [LOG] [Fast Refresh] done in 394ms @ http://localhost:3000/_next/static/chunks/0stj_next_dist_19zsb-q._.js:776
[ 1170140ms] [LOG] [Fast Refresh] done in 394ms @ http://localhost:3000/_next/static/chunks/0stj_next_dist_19zsb-q._.js:776
[ 1170203ms] [LOG] [Fast Refresh] done in 394ms @ http://localhost:3000/_next/static/chunks/0stj_next_dist_19zsb-q._.js:776
[ 1170280ms] [LOG] [Fast Refresh] done in 394ms @ http://localhost:3000/_next/static/chunks/0stj_next_dist_19zsb-q._.js:776
[ 1170340ms] [LOG] [Fast Refresh] done in 394ms @ http://localhost:3000/_next/static/chunks/0stj_next_dist_19zsb-q._.js:776
[ 1170402ms] [LOG] [Fast Refresh] done in 394ms @ http://localhost:3000/_next/static/chunks/0stj_next_dist_19zsb-q._.js:776
[ 1170464ms] [LOG] [Fast Refresh] done in 394ms @ http://localhost:3000/_next/static/chunks/0stj_next_dist_19zsb-q._.js:776
[ 1170541ms] [LOG] [Fast Refresh] done in 394ms @ http://localhost:3000/_next/static/chunks/0stj_next_dist_19zsb-q._.js:776
[ 1170620ms] [LOG] [Fast Refresh] done in 394ms @ http://localhost:3000/_next/static/chunks/0stj_next_dist_19zsb-q._.js:776
[ 1170697ms] [LOG] [Fast Refresh] done in 394ms @ http://localhost:3000/_next/static/chunks/0stj_next_dist_19zsb-q._.js:776
[ 1170773ms] [LOG] [Fast Refresh] done in 394ms @ http://localhost:3000/_next/static/chunks/0stj_next_dist_19zsb-q._.js:776
[ 1170851ms] [LOG] [Fast Refresh] done in 394ms @ http://localhost:3000/_next/static/chunks/0stj_next_dist_19zsb-q._.js:776
[ 1170914ms] [LOG] [Fast Refresh] done in 394ms @ http://localhost:3000/_next/static/chunks/0stj_next_dist_19zsb-q._.js:776
[ 1170975ms] [LOG] [Fast Refresh] done in 394ms @ http://localhost:3000/_next/static/chunks/0stj_next_dist_19zsb-q._.js:776
[ 1171038ms] [LOG] [Fast Refresh] done in 394ms @ http://localhost:3000/_next/static/chunks/0stj_next_dist_19zsb-q._.js:776
[ 1171100ms] [LOG] [Fast Refresh] done in 394ms @ http://localhost:3000/_next/static/chunks/0stj_next_dist_19zsb-q._.js:776
[ 1171162ms] [LOG] [Fast Refresh] done in 394ms @ http://localhost:3000/_next/static/chunks/0stj_next_dist_19zsb-q._.js:776
[ 1171272ms] [LOG] [Fast Refresh] done in 394ms @ http://localhost:3000/_next/static/chunks/0stj_next_dist_19zsb-q._.js:776
