[     415ms] [INFO] %cDownload the React DevTools for a better development experience: https://react.dev/link/react-devtools font-weight:bold @ http://localhost:3000/_next/static/chunks/0stj_next_dist_19zsb-q._.js:776
[     481ms] [LOG] [HMR] connected @ http://localhost:3000/_next/static/chunks/0stj_next_dist_19zsb-q._.js:776
[ 1419425ms] [LOG] [Fast Refresh] rebuilding @ http://localhost:3000/_next/static/chunks/0stj_next_dist_19zsb-q._.js:776
[ 1419498ms] [LOG] [Fast Refresh] done in 62ms @ http://localhost:3000/_next/static/chunks/0stj_next_dist_19zsb-q._.js:776
[ 1419565ms] [LOG] [Fast Refresh] done in 62ms @ http://localhost:3000/_next/static/chunks/0stj_next_dist_19zsb-q._.js:776
[ 1419625ms] [LOG] [Fast Refresh] done in 62ms @ http://localhost:3000/_next/static/chunks/0stj_next_dist_19zsb-q._.js:776
[ 1419686ms] [LOG] [Fast Refresh] done in 62ms @ http://localhost:3000/_next/static/chunks/0stj_next_dist_19zsb-q._.js:776
[ 1419750ms] [LOG] [Fast Refresh] done in 62ms @ http://localhost:3000/_next/static/chunks/0stj_next_dist_19zsb-q._.js:776
[ 1419812ms] [LOG] [Fast Refresh] done in 62ms @ http://localhost:3000/_next/static/chunks/0stj_next_dist_19zsb-q._.js:776
[ 1419874ms] [LOG] [Fast Refresh] done in 62ms @ http://localhost:3000/_next/static/chunks/0stj_next_dist_19zsb-q._.js:776
[ 1419936ms] [LOG] [Fast Refresh] done in 62ms @ http://localhost:3000/_next/static/chunks/0stj_next_dist_19zsb-q._.js:776
[ 1419999ms] [LOG] [Fast Refresh] done in 62ms @ http://localhost:3000/_next/static/chunks/0stj_next_dist_19zsb-q._.js:776
[ 1420062ms] [LOG] [Fast Refresh] done in 62ms @ http://localhost:3000/_next/static/chunks/0stj_next_dist_19zsb-q._.js:776
[ 1420124ms] [LOG] [Fast Refresh] done in 62ms @ http://localhost:3000/_next/static/chunks/0stj_next_dist_19zsb-q._.js:776
[ 1420186ms] [LOG] [Fast Refresh] done in 62ms @ http://localhost:3000/_next/static/chunks/0stj_next_dist_19zsb-q._.js:776
[ 1420248ms] [LOG] [Fast Refresh] done in 62ms @ http://localhost:3000/_next/static/chunks/0stj_next_dist_19zsb-q._.js:776
[ 1420310ms] [LOG] [Fast Refresh] done in 62ms @ http://localhost:3000/_next/static/chunks/0stj_next_dist_19zsb-q._.js:776
[ 1420372ms] [LOG] [Fast Refresh] done in 62ms @ http://localhost:3000/_next/static/chunks/0stj_next_dist_19zsb-q._.js:776
[ 1420433ms] [LOG] [Fast Refresh] done in 62ms @ http://localhost:3000/_next/static/chunks/0stj_next_dist_19zsb-q._.js:776
[ 1420495ms] [LOG] [Fast Refresh] done in 62ms @ http://localhost:3000/_next/static/chunks/0stj_next_dist_19zsb-q._.js:776
[ 1420556ms] [LOG] [Fast Refresh] done in 62ms @ http://localhost:3000/_next/static/chunks/0stj_next_dist_19zsb-q._.js:776
[ 1420618ms] [LOG] [Fast Refresh] done in 62ms @ http://localhost:3000/_next/static/chunks/0stj_next_dist_19zsb-q._.js:776
[ 1420679ms] [LOG] [Fast Refresh] done in 62ms @ http://localhost:3000/_next/static/chunks/0stj_next_dist_19zsb-q._.js:776
[ 1420741ms] [LOG] [Fast Refresh] done in 62ms @ http://localhost:3000/_next/static/chunks/0stj_next_dist_19zsb-q._.js:776
[ 1420802ms] [LOG] [Fast Refresh] done in 62ms @ http://localhost:3000/_next/static/chunks/0stj_next_dist_19zsb-q._.js:776
[ 1420865ms] [LOG] [Fast Refresh] done in 62ms @ http://localhost:3000/_next/static/chunks/0stj_next_dist_19zsb-q._.js:776
[ 1420927ms] [LOG] [Fast Refresh] done in 62ms @ http://localhost:3000/_next/static/chunks/0stj_next_dist_19zsb-q._.js:776
[ 1420989ms] [LOG] [Fast Refresh] done in 62ms @ http://localhost:3000/_next/static/chunks/0stj_next_dist_19zsb-q._.js:776
[ 1421051ms] [LOG] [Fast Refresh] done in 62ms @ http://localhost:3000/_next/static/chunks/0stj_next_dist_19zsb-q._.js:776
[ 1421114ms] [LOG] [Fast Refresh] done in 62ms @ http://localhost:3000/_next/static/chunks/0stj_next_dist_19zsb-q._.js:776
[ 1421175ms] [LOG] [Fast Refresh] done in 62ms @ http://localhost:3000/_next/static/chunks/0stj_next_dist_19zsb-q._.js:776
[ 1421238ms] [LOG] [Fast Refresh] done in 62ms @ http://localhost:3000/_next/static/chunks/0stj_next_dist_19zsb-q._.js:776
[ 1421299ms] [LOG] [Fast Refresh] done in 62ms @ http://localhost:3000/_next/static/chunks/0stj_next_dist_19zsb-q._.js:776
[ 1421361ms] [LOG] [Fast Refresh] done in 62ms @ http://localhost:3000/_next/static/chunks/0stj_next_dist_19zsb-q._.js:776
[ 1421425ms] [LOG] [Fast Refresh] done in 62ms @ http://localhost:3000/_next/static/chunks/0stj_next_dist_19zsb-q._.js:776
[ 1421487ms] [LOG] [Fast Refresh] done in 62ms @ http://localhost:3000/_next/static/chunks/0stj_next_dist_19zsb-q._.js:776
[ 1421551ms] [LOG] [Fast Refresh] done in 62ms @ http://localhost:3000/_next/static/chunks/0stj_next_dist_19zsb-q._.js:776
[ 1421614ms] [LOG] [Fast Refresh] done in 62ms @ http://localhost:3000/_next/static/chunks/0stj_next_dist_19zsb-q._.js:776
[ 1421675ms] [LOG] [Fast Refresh] done in 62ms @ http://localhost:3000/_next/static/chunks/0stj_next_dist_19zsb-q._.js:776
[ 1421738ms] [LOG] [Fast Refresh] done in 62ms @ http://localhost:3000/_next/static/chunks/0stj_next_dist_19zsb-q._.js:776
[ 1421801ms] [LOG] [Fast Refresh] done in 62ms @ http://localhost:3000/_next/static/chunks/0stj_next_dist_19zsb-q._.js:776
[ 1421863ms] [LOG] [Fast Refresh] done in 62ms @ http://localhost:3000/_next/static/chunks/0stj_next_dist_19zsb-q._.js:776
[ 1421926ms] [LOG] [Fast Refresh] done in 62ms @ http://localhost:3000/_next/static/chunks/0stj_next_dist_19zsb-q._.js:776
[ 1421988ms] [LOG] [Fast Refresh] done in 62ms @ http://localhost:3000/_next/static/chunks/0stj_next_dist_19zsb-q._.js:776
[ 1422050ms] [LOG] [Fast Refresh] done in 62ms @ http://localhost:3000/_next/static/chunks/0stj_next_dist_19zsb-q._.js:776
[ 1422113ms] [LOG] [Fast Refresh] done in 62ms @ http://localhost:3000/_next/static/chunks/0stj_next_dist_19zsb-q._.js:776
[ 1422175ms] [LOG] [Fast Refresh] done in 62ms @ http://localhost:3000/_next/static/chunks/0stj_next_dist_19zsb-q._.js:776
[ 1422237ms] [LOG] [Fast Refresh] done in 62ms @ http://localhost:3000/_next/static/chunks/0stj_next_dist_19zsb-q._.js:776
[ 1422300ms] [LOG] [Fast Refresh] done in 62ms @ http://localhost:3000/_next/static/chunks/0stj_next_dist_19zsb-q._.js:776
[ 1422362ms] [LOG] [Fast Refresh] done in 62ms @ http://localhost:3000/_next/static/chunks/0stj_next_dist_19zsb-q._.js:776
[ 1422424ms] [LOG] [Fast Refresh] done in 62ms @ http://localhost:3000/_next/static/chunks/0stj_next_dist_19zsb-q._.js:776
[ 1422487ms] [LOG] [Fast Refresh] done in 62ms @ http://localhost:3000/_next/static/chunks/0stj_next_dist_19zsb-q._.js:776
[ 1422549ms] [LOG] [Fast Refresh] done in 62ms @ http://localhost:3000/_next/static/chunks/0stj_next_dist_19zsb-q._.js:776
[ 1422609ms] [LOG] [Fast Refresh] done in 62ms @ http://localhost:3000/_next/static/chunks/0stj_next_dist_19zsb-q._.js:776
[ 1422671ms] [LOG] [Fast Refresh] done in 62ms @ http://localhost:3000/_next/static/chunks/0stj_next_dist_19zsb-q._.js:776
[ 1422733ms] [LOG] [Fast Refresh] done in 62ms @ http://localhost:3000/_next/static/chunks/0stj_next_dist_19zsb-q._.js:776
[ 1422794ms] [LOG] [Fast Refresh] done in 62ms @ http://localhost:3000/_next/static/chunks/0stj_next_dist_19zsb-q._.js:776
[ 1422856ms] [LOG] [Fast Refresh] done in 62ms @ http://localhost:3000/_next/static/chunks/0stj_next_dist_19zsb-q._.js:776
[ 1422918ms] [LOG] [Fast Refresh] done in 62ms @ http://localhost:3000/_next/static/chunks/0stj_next_dist_19zsb-q._.js:776
[ 1422981ms] [LOG] [Fast Refresh] done in 62ms @ http://localhost:3000/_next/static/chunks/0stj_next_dist_19zsb-q._.js:776
[ 1423043ms] [LOG] [Fast Refresh] done in 62ms @ http://localhost:3000/_next/static/chunks/0stj_next_dist_19zsb-q._.js:776
[ 1423106ms] [LOG] [Fast Refresh] done in 62ms @ http://localhost:3000/_next/static/chunks/0stj_next_dist_19zsb-q._.js:776
[ 1423168ms] [LOG] [Fast Refresh] done in 62ms @ http://localhost:3000/_next/static/chunks/0stj_next_dist_19zsb-q._.js:776
[ 1423229ms] [LOG] [Fast Refresh] done in 62ms @ http://localhost:3000/_next/static/chunks/0stj_next_dist_19zsb-q._.js:776
[ 1423292ms] [LOG] [Fast Refresh] done in 62ms @ http://localhost:3000/_next/static/chunks/0stj_next_dist_19zsb-q._.js:776
[ 1423354ms] [LOG] [Fast Refresh] done in 62ms @ http://localhost:3000/_next/static/chunks/0stj_next_dist_19zsb-q._.js:776
[ 1423417ms] [LOG] [Fast Refresh] done in 62ms @ http://localhost:3000/_next/static/chunks/0stj_next_dist_19zsb-q._.js:776
[ 1423480ms] [LOG] [Fast Refresh] done in 62ms @ http://localhost:3000/_next/static/chunks/0stj_next_dist_19zsb-q._.js:776
[ 1423541ms] [LOG] [Fast Refresh] done in 62ms @ http://localhost:3000/_next/static/chunks/0stj_next_dist_19zsb-q._.js:776
[ 1423604ms] [LOG] [Fast Refresh] done in 62ms @ http://localhost:3000/_next/static/chunks/0stj_next_dist_19zsb-q._.js:776
[ 1423665ms] [LOG] [Fast Refresh] done in 62ms @ http://localhost:3000/_next/static/chunks/0stj_next_dist_19zsb-q._.js:776
[ 1423726ms] [LOG] [Fast Refresh] done in 62ms @ http://localhost:3000/_next/static/chunks/0stj_next_dist_19zsb-q._.js:776
[ 1423788ms] [LOG] [Fast Refresh] done in 62ms @ http://localhost:3000/_next/static/chunks/0stj_next_dist_19zsb-q._.js:776
[ 1423850ms] [LOG] [Fast Refresh] done in 62ms @ http://localhost:3000/_next/static/chunks/0stj_next_dist_19zsb-q._.js:776
[ 1423912ms] [LOG] [Fast Refresh] done in 62ms @ http://localhost:3000/_next/static/chunks/0stj_next_dist_19zsb-q._.js:776
[ 1423975ms] [LOG] [Fast Refresh] done in 62ms @ http://localhost:3000/_next/static/chunks/0stj_next_dist_19zsb-q._.js:776
[ 1424038ms] [LOG] [Fast Refresh] done in 62ms @ http://localhost:3000/_next/static/chunks/0stj_next_dist_19zsb-q._.js:776
[ 1424099ms] [LOG] [Fast Refresh] done in 62ms @ http://localhost:3000/_next/static/chunks/0stj_next_dist_19zsb-q._.js:776
[ 1424160ms] [LOG] [Fast Refresh] done in 62ms @ http://localhost:3000/_next/static/chunks/0stj_next_dist_19zsb-q._.js:776
[ 1424224ms] [LOG] [Fast Refresh] done in 62ms @ http://localhost:3000/_next/static/chunks/0stj_next_dist_19zsb-q._.js:776
[ 1424285ms] [LOG] [Fast Refresh] done in 62ms @ http://localhost:3000/_next/static/chunks/0stj_next_dist_19zsb-q._.js:776
[ 1424348ms] [LOG] [Fast Refresh] done in 62ms @ http://localhost:3000/_next/static/chunks/0stj_next_dist_19zsb-q._.js:776
[ 1424410ms] [LOG] [Fast Refresh] done in 62ms @ http://localhost:3000/_next/static/chunks/0stj_next_dist_19zsb-q._.js:776
[ 1424473ms] [LOG] [Fast Refresh] done in 62ms @ http://localhost:3000/_next/static/chunks/0stj_next_dist_19zsb-q._.js:776
[ 1424535ms] [LOG] [Fast Refresh] done in 62ms @ http://localhost:3000/_next/static/chunks/0stj_next_dist_19zsb-q._.js:776
[ 1424595ms] [LOG] [Fast Refresh] done in 62ms @ http://localhost:3000/_next/static/chunks/0stj_next_dist_19zsb-q._.js:776
[ 1424659ms] [LOG] [Fast Refresh] done in 62ms @ http://localhost:3000/_next/static/chunks/0stj_next_dist_19zsb-q._.js:776
[ 1424720ms] [LOG] [Fast Refresh] done in 62ms @ http://localhost:3000/_next/static/chunks/0stj_next_dist_19zsb-q._.js:776
[ 1424783ms] [LOG] [Fast Refresh] done in 62ms @ http://localhost:3000/_next/static/chunks/0stj_next_dist_19zsb-q._.js:776
[ 1424844ms] [LOG] [Fast Refresh] done in 62ms @ http://localhost:3000/_next/static/chunks/0stj_next_dist_19zsb-q._.js:776
[ 1424907ms] [LOG] [Fast Refresh] done in 62ms @ http://localhost:3000/_next/static/chunks/0stj_next_dist_19zsb-q._.js:776
[ 1424969ms] [LOG] [Fast Refresh] done in 62ms @ http://localhost:3000/_next/static/chunks/0stj_next_dist_19zsb-q._.js:776
[ 1425031ms] [LOG] [Fast Refresh] done in 62ms @ http://localhost:3000/_next/static/chunks/0stj_next_dist_19zsb-q._.js:776
[ 1425093ms] [LOG] [Fast Refresh] done in 62ms @ http://localhost:3000/_next/static/chunks/0stj_next_dist_19zsb-q._.js:776
[ 1425155ms] [LOG] [Fast Refresh] done in 62ms @ http://localhost:3000/_next/static/chunks/0stj_next_dist_19zsb-q._.js:776
[ 1425217ms] [LOG] [Fast Refresh] done in 62ms @ http://localhost:3000/_next/static/chunks/0stj_next_dist_19zsb-q._.js:776
[ 1425279ms] [LOG] [Fast Refresh] done in 62ms @ http://localhost:3000/_next/static/chunks/0stj_next_dist_19zsb-q._.js:776
[ 1425342ms] [LOG] [Fast Refresh] done in 62ms @ http://localhost:3000/_next/static/chunks/0stj_next_dist_19zsb-q._.js:776
[ 1425404ms] [LOG] [Fast Refresh] done in 62ms @ http://localhost:3000/_next/static/chunks/0stj_next_dist_19zsb-q._.js:776
[ 1425466ms] [LOG] [Fast Refresh] done in 62ms @ http://localhost:3000/_next/static/chunks/0stj_next_dist_19zsb-q._.js:776
[ 1425528ms] [LOG] [Fast Refresh] done in 62ms @ http://localhost:3000/_next/static/chunks/0stj_next_dist_19zsb-q._.js:776
[ 1425589ms] [LOG] [Fast Refresh] done in 62ms @ http://localhost:3000/_next/static/chunks/0stj_next_dist_19zsb-q._.js:776
[ 1425652ms] [LOG] [Fast Refresh] done in 62ms @ http://localhost:3000/_next/static/chunks/0stj_next_dist_19zsb-q._.js:776
[ 1425715ms] [LOG] [Fast Refresh] done in 62ms @ http://localhost:3000/_next/static/chunks/0stj_next_dist_19zsb-q._.js:776
[ 1425777ms] [LOG] [Fast Refresh] done in 62ms @ http://localhost:3000/_next/static/chunks/0stj_next_dist_19zsb-q._.js:776
[ 1425840ms] [LOG] [Fast Refresh] done in 62ms @ http://localhost:3000/_next/static/chunks/0stj_next_dist_19zsb-q._.js:776
[ 1425901ms] [LOG] [Fast Refresh] done in 62ms @ http://localhost:3000/_next/static/chunks/0stj_next_dist_19zsb-q._.js:776
[ 1425963ms] [LOG] [Fast Refresh] done in 62ms @ http://localhost:3000/_next/static/chunks/0stj_next_dist_19zsb-q._.js:776
[ 1426025ms] [LOG] [Fast Refresh] done in 62ms @ http://localhost:3000/_next/static/chunks/0stj_next_dist_19zsb-q._.js:776
[ 1426087ms] [LOG] [Fast Refresh] done in 62ms @ http://localhost:3000/_next/static/chunks/0stj_next_dist_19zsb-q._.js:776
[ 1426149ms] [LOG] [Fast Refresh] done in 62ms @ http://localhost:3000/_next/static/chunks/0stj_next_dist_19zsb-q._.js:776
[ 1426210ms] [LOG] [Fast Refresh] done in 62ms @ http://localhost:3000/_next/static/chunks/0stj_next_dist_19zsb-q._.js:776
[ 1426272ms] [LOG] [Fast Refresh] done in 62ms @ http://localhost:3000/_next/static/chunks/0stj_next_dist_19zsb-q._.js:776
[ 1426335ms] [LOG] [Fast Refresh] done in 62ms @ http://localhost:3000/_next/static/chunks/0stj_next_dist_19zsb-q._.js:776
[ 1426396ms] [LOG] [Fast Refresh] done in 62ms @ http://localhost:3000/_next/static/chunks/0stj_next_dist_19zsb-q._.js:776
[ 1426457ms] [LOG] [Fast Refresh] done in 62ms @ http://localhost:3000/_next/static/chunks/0stj_next_dist_19zsb-q._.js:776
[ 1426518ms] [LOG] [Fast Refresh] done in 62ms @ http://localhost:3000/_next/static/chunks/0stj_next_dist_19zsb-q._.js:776
[ 1426580ms] [LOG] [Fast Refresh] done in 62ms @ http://localhost:3000/_next/static/chunks/0stj_next_dist_19zsb-q._.js:776
[ 1426642ms] [LOG] [Fast Refresh] done in 62ms @ http://localhost:3000/_next/static/chunks/0stj_next_dist_19zsb-q._.js:776
[ 1426706ms] [LOG] [Fast Refresh] done in 62ms @ http://localhost:3000/_next/static/chunks/0stj_next_dist_19zsb-q._.js:776
[ 1426768ms] [LOG] [Fast Refresh] done in 62ms @ http://localhost:3000/_next/static/chunks/0stj_next_dist_19zsb-q._.js:776
[ 1426831ms] [LOG] [Fast Refresh] done in 62ms @ http://localhost:3000/_next/static/chunks/0stj_next_dist_19zsb-q._.js:776
[ 1426892ms] [LOG] [Fast Refresh] done in 62ms @ http://localhost:3000/_next/static/chunks/0stj_next_dist_19zsb-q._.js:776
[ 1426954ms] [LOG] [Fast Refresh] done in 62ms @ http://localhost:3000/_next/static/chunks/0stj_next_dist_19zsb-q._.js:776
[ 1427016ms] [LOG] [Fast Refresh] done in 62ms @ http://localhost:3000/_next/static/chunks/0stj_next_dist_19zsb-q._.js:776
[ 1427079ms] [LOG] [Fast Refresh] done in 62ms @ http://localhost:3000/_next/static/chunks/0stj_next_dist_19zsb-q._.js:776
[ 1427141ms] [LOG] [Fast Refresh] done in 62ms @ http://localhost:3000/_next/static/chunks/0stj_next_dist_19zsb-q._.js:776
[ 1427203ms] [LOG] [Fast Refresh] done in 62ms @ http://localhost:3000/_next/static/chunks/0stj_next_dist_19zsb-q._.js:776
[ 1427265ms] [LOG] [Fast Refresh] done in 62ms @ http://localhost:3000/_next/static/chunks/0stj_next_dist_19zsb-q._.js:776
[ 1427327ms] [LOG] [Fast Refresh] done in 62ms @ http://localhost:3000/_next/static/chunks/0stj_next_dist_19zsb-q._.js:776
[ 1427388ms] [LOG] [Fast Refresh] done in 62ms @ http://localhost:3000/_next/static/chunks/0stj_next_dist_19zsb-q._.js:776
[ 1427450ms] [LOG] [Fast Refresh] done in 62ms @ http://localhost:3000/_next/static/chunks/0stj_next_dist_19zsb-q._.js:776
[ 1427512ms] [LOG] [Fast Refresh] done in 62ms @ http://localhost:3000/_next/static/chunks/0stj_next_dist_19zsb-q._.js:776
[ 1427574ms] [LOG] [Fast Refresh] done in 62ms @ http://localhost:3000/_next/static/chunks/0stj_next_dist_19zsb-q._.js:776
[ 1427636ms] [LOG] [Fast Refresh] done in 62ms @ http://localhost:3000/_next/static/chunks/0stj_next_dist_19zsb-q._.js:776
[ 1427698ms] [LOG] [Fast Refresh] done in 62ms @ http://localhost:3000/_next/static/chunks/0stj_next_dist_19zsb-q._.js:776
[ 1427759ms] [LOG] [Fast Refresh] done in 62ms @ http://localhost:3000/_next/static/chunks/0stj_next_dist_19zsb-q._.js:776
[ 1427823ms] [LOG] [Fast Refresh] done in 62ms @ http://localhost:3000/_next/static/chunks/0stj_next_dist_19zsb-q._.js:776
[ 1427886ms] [LOG] [Fast Refresh] done in 62ms @ http://localhost:3000/_next/static/chunks/0stj_next_dist_19zsb-q._.js:776
[ 1427948ms] [LOG] [Fast Refresh] done in 62ms @ http://localhost:3000/_next/static/chunks/0stj_next_dist_19zsb-q._.js:776
[ 1428008ms] [LOG] [Fast Refresh] done in 62ms @ http://localhost:3000/_next/static/chunks/0stj_next_dist_19zsb-q._.js:776
[ 1428071ms] [LOG] [Fast Refresh] done in 62ms @ http://localhost:3000/_next/static/chunks/0stj_next_dist_19zsb-q._.js:776
[ 1428133ms] [LOG] [Fast Refresh] done in 62ms @ http://localhost:3000/_next/static/chunks/0stj_next_dist_19zsb-q._.js:776
[ 1428196ms] [LOG] [Fast Refresh] done in 62ms @ http://localhost:3000/_next/static/chunks/0stj_next_dist_19zsb-q._.js:776
[ 1428259ms] [LOG] [Fast Refresh] done in 62ms @ http://localhost:3000/_next/static/chunks/0stj_next_dist_19zsb-q._.js:776
[ 1428320ms] [LOG] [Fast Refresh] done in 62ms @ http://localhost:3000/_next/static/chunks/0stj_next_dist_19zsb-q._.js:776
[ 1428383ms] [LOG] [Fast Refresh] done in 62ms @ http://localhost:3000/_next/static/chunks/0stj_next_dist_19zsb-q._.js:776
[ 1428445ms] [LOG] [Fast Refresh] done in 62ms @ http://localhost:3000/_next/static/chunks/0stj_next_dist_19zsb-q._.js:776
[ 1428507ms] [LOG] [Fast Refresh] done in 62ms @ http://localhost:3000/_next/static/chunks/0stj_next_dist_19zsb-q._.js:776
[ 1428569ms] [LOG] [Fast Refresh] done in 62ms @ http://localhost:3000/_next/static/chunks/0stj_next_dist_19zsb-q._.js:776
[ 1428630ms] [LOG] [Fast Refresh] done in 62ms @ http://localhost:3000/_next/static/chunks/0stj_next_dist_19zsb-q._.js:776
[ 1428692ms] [LOG] [Fast Refresh] done in 62ms @ http://localhost:3000/_next/static/chunks/0stj_next_dist_19zsb-q._.js:776
[ 1428755ms] [LOG] [Fast Refresh] done in 62ms @ http://localhost:3000/_next/static/chunks/0stj_next_dist_19zsb-q._.js:776
[ 1428817ms] [LOG] [Fast Refresh] done in 62ms @ http://localhost:3000/_next/static/chunks/0stj_next_dist_19zsb-q._.js:776
[ 1428881ms] [LOG] [Fast Refresh] done in 62ms @ http://localhost:3000/_next/static/chunks/0stj_next_dist_19zsb-q._.js:776
[ 1428944ms] [LOG] [Fast Refresh] done in 62ms @ http://localhost:3000/_next/static/chunks/0stj_next_dist_19zsb-q._.js:776
[ 1429007ms] [LOG] [Fast Refresh] done in 62ms @ http://localhost:3000/_next/static/chunks/0stj_next_dist_19zsb-q._.js:776
[ 1429069ms] [LOG] [Fast Refresh] done in 62ms @ http://localhost:3000/_next/static/chunks/0stj_next_dist_19zsb-q._.js:776
[ 1429131ms] [LOG] [Fast Refresh] done in 62ms @ http://localhost:3000/_next/static/chunks/0stj_next_dist_19zsb-q._.js:776
[ 1429194ms] [LOG] [Fast Refresh] done in 62ms @ http://localhost:3000/_next/static/chunks/0stj_next_dist_19zsb-q._.js:776
[ 1429255ms] [LOG] [Fast Refresh] done in 62ms @ http://localhost:3000/_next/static/chunks/0stj_next_dist_19zsb-q._.js:776
[ 1429319ms] [LOG] [Fast Refresh] done in 62ms @ http://localhost:3000/_next/static/chunks/0stj_next_dist_19zsb-q._.js:776
[ 1429382ms] [LOG] [Fast Refresh] done in 62ms @ http://localhost:3000/_next/static/chunks/0stj_next_dist_19zsb-q._.js:776
[ 1429444ms] [LOG] [Fast Refresh] done in 62ms @ http://localhost:3000/_next/static/chunks/0stj_next_dist_19zsb-q._.js:776
[ 1429506ms] [LOG] [Fast Refresh] done in 62ms @ http://localhost:3000/_next/static/chunks/0stj_next_dist_19zsb-q._.js:776
[ 1429567ms] [LOG] [Fast Refresh] done in 62ms @ http://localhost:3000/_next/static/chunks/0stj_next_dist_19zsb-q._.js:776
[ 1429630ms] [LOG] [Fast Refresh] done in 62ms @ http://localhost:3000/_next/static/chunks/0stj_next_dist_19zsb-q._.js:776
[ 1429692ms] [LOG] [Fast Refresh] done in 62ms @ http://localhost:3000/_next/static/chunks/0stj_next_dist_19zsb-q._.js:776
[ 1429753ms] [LOG] [Fast Refresh] done in 62ms @ http://localhost:3000/_next/static/chunks/0stj_next_dist_19zsb-q._.js:776
[ 1429814ms] [LOG] [Fast Refresh] done in 62ms @ http://localhost:3000/_next/static/chunks/0stj_next_dist_19zsb-q._.js:776
[ 1429877ms] [LOG] [Fast Refresh] done in 62ms @ http://localhost:3000/_next/static/chunks/0stj_next_dist_19zsb-q._.js:776
[ 1429940ms] [LOG] [Fast Refresh] done in 62ms @ http://localhost:3000/_next/static/chunks/0stj_next_dist_19zsb-q._.js:776
[ 1430002ms] [LOG] [Fast Refresh] done in 62ms @ http://localhost:3000/_next/static/chunks/0stj_next_dist_19zsb-q._.js:776
[ 1430065ms] [LOG] [Fast Refresh] done in 62ms @ http://localhost:3000/_next/static/chunks/0stj_next_dist_19zsb-q._.js:776
[ 1430127ms] [LOG] [Fast Refresh] done in 62ms @ http://localhost:3000/_next/static/chunks/0stj_next_dist_19zsb-q._.js:776
[ 1430189ms] [LOG] [Fast Refresh] done in 62ms @ http://localhost:3000/_next/static/chunks/0stj_next_dist_19zsb-q._.js:776
[ 1430252ms] [LOG] [Fast Refresh] done in 62ms @ http://localhost:3000/_next/static/chunks/0stj_next_dist_19zsb-q._.js:776
[ 1430315ms] [LOG] [Fast Refresh] done in 62ms @ http://localhost:3000/_next/static/chunks/0stj_next_dist_19zsb-q._.js:776
[ 1430378ms] [LOG] [Fast Refresh] done in 62ms @ http://localhost:3000/_next/static/chunks/0stj_next_dist_19zsb-q._.js:776
[ 1430440ms] [LOG] [Fast Refresh] done in 62ms @ http://localhost:3000/_next/static/chunks/0stj_next_dist_19zsb-q._.js:776
[ 1430502ms] [LOG] [Fast Refresh] done in 62ms @ http://localhost:3000/_next/static/chunks/0stj_next_dist_19zsb-q._.js:776
[ 1430563ms] [LOG] [Fast Refresh] done in 62ms @ http://localhost:3000/_next/static/chunks/0stj_next_dist_19zsb-q._.js:776
[ 1430626ms] [LOG] [Fast Refresh] done in 62ms @ http://localhost:3000/_next/static/chunks/0stj_next_dist_19zsb-q._.js:776
[ 1430688ms] [LOG] [Fast Refresh] done in 62ms @ http://localhost:3000/_next/static/chunks/0stj_next_dist_19zsb-q._.js:776
[ 1430752ms] [LOG] [Fast Refresh] done in 62ms @ http://localhost:3000/_next/static/chunks/0stj_next_dist_19zsb-q._.js:776
[ 1430813ms] [LOG] [Fast Refresh] done in 62ms @ http://localhost:3000/_next/static/chunks/0stj_next_dist_19zsb-q._.js:776
[ 1430876ms] [LOG] [Fast Refresh] done in 62ms @ http://localhost:3000/_next/static/chunks/0stj_next_dist_19zsb-q._.js:776
[ 1430939ms] [LOG] [Fast Refresh] done in 62ms @ http://localhost:3000/_next/static/chunks/0stj_next_dist_19zsb-q._.js:776
[ 1431002ms] [LOG] [Fast Refresh] done in 62ms @ http://localhost:3000/_next/static/chunks/0stj_next_dist_19zsb-q._.js:776
[ 1431064ms] [LOG] [Fast Refresh] done in 62ms @ http://localhost:3000/_next/static/chunks/0stj_next_dist_19zsb-q._.js:776
[ 1431127ms] [LOG] [Fast Refresh] done in 62ms @ http://localhost:3000/_next/static/chunks/0stj_next_dist_19zsb-q._.js:776
[ 1431190ms] [LOG] [Fast Refresh] done in 62ms @ http://localhost:3000/_next/static/chunks/0stj_next_dist_19zsb-q._.js:776
[ 1431252ms] [LOG] [Fast Refresh] done in 62ms @ http://localhost:3000/_next/static/chunks/0stj_next_dist_19zsb-q._.js:776
[ 1431313ms] [LOG] [Fast Refresh] done in 62ms @ http://localhost:3000/_next/static/chunks/0stj_next_dist_19zsb-q._.js:776
[ 1431375ms] [LOG] [Fast Refresh] done in 62ms @ http://localhost:3000/_next/static/chunks/0stj_next_dist_19zsb-q._.js:776
[ 1431437ms] [LOG] [Fast Refresh] done in 62ms @ http://localhost:3000/_next/static/chunks/0stj_next_dist_19zsb-q._.js:776
[ 1431499ms] [LOG] [Fast Refresh] done in 62ms @ http://localhost:3000/_next/static/chunks/0stj_next_dist_19zsb-q._.js:776
[ 1431562ms] [LOG] [Fast Refresh] done in 62ms @ http://localhost:3000/_next/static/chunks/0stj_next_dist_19zsb-q._.js:776
[ 1431625ms] [LOG] [Fast Refresh] done in 62ms @ http://localhost:3000/_next/static/chunks/0stj_next_dist_19zsb-q._.js:776
[ 1431687ms] [LOG] [Fast Refresh] done in 62ms @ http://localhost:3000/_next/static/chunks/0stj_next_dist_19zsb-q._.js:776
[ 1431748ms] [LOG] [Fast Refresh] done in 62ms @ http://localhost:3000/_next/static/chunks/0stj_next_dist_19zsb-q._.js:776
[ 1431811ms] [LOG] [Fast Refresh] done in 62ms @ http://localhost:3000/_next/static/chunks/0stj_next_dist_19zsb-q._.js:776
[ 1431874ms] [LOG] [Fast Refresh] done in 62ms @ http://localhost:3000/_next/static/chunks/0stj_next_dist_19zsb-q._.js:776
[ 1431937ms] [LOG] [Fast Refresh] done in 62ms @ http://localhost:3000/_next/static/chunks/0stj_next_dist_19zsb-q._.js:776
[ 1431999ms] [LOG] [Fast Refresh] done in 62ms @ http://localhost:3000/_next/static/chunks/0stj_next_dist_19zsb-q._.js:776
[ 1432060ms] [LOG] [Fast Refresh] done in 62ms @ http://localhost:3000/_next/static/chunks/0stj_next_dist_19zsb-q._.js:776
[ 1432122ms] [LOG] [Fast Refresh] done in 62ms @ http://localhost:3000/_next/static/chunks/0stj_next_dist_19zsb-q._.js:776
[ 1432185ms] [LOG] [Fast Refresh] done in 62ms @ http://localhost:3000/_next/static/chunks/0stj_next_dist_19zsb-q._.js:776
[ 1432247ms] [LOG] [Fast Refresh] done in 62ms @ http://localhost:3000/_next/static/chunks/0stj_next_dist_19zsb-q._.js:776
[ 1432309ms] [LOG] [Fast Refresh] done in 62ms @ http://localhost:3000/_next/static/chunks/0stj_next_dist_19zsb-q._.js:776
[ 1432372ms] [LOG] [Fast Refresh] done in 62ms @ http://localhost:3000/_next/static/chunks/0stj_next_dist_19zsb-q._.js:776
[ 1432434ms] [LOG] [Fast Refresh] done in 62ms @ http://localhost:3000/_next/static/chunks/0stj_next_dist_19zsb-q._.js:776
[ 1432496ms] [LOG] [Fast Refresh] done in 62ms @ http://localhost:3000/_next/static/chunks/0stj_next_dist_19zsb-q._.js:776
[ 1432558ms] [LOG] [Fast Refresh] done in 62ms @ http://localhost:3000/_next/static/chunks/0stj_next_dist_19zsb-q._.js:776
[ 1432619ms] [LOG] [Fast Refresh] done in 62ms @ http://localhost:3000/_next/static/chunks/0stj_next_dist_19zsb-q._.js:776
[ 1432682ms] [LOG] [Fast Refresh] done in 62ms @ http://localhost:3000/_next/static/chunks/0stj_next_dist_19zsb-q._.js:776
[ 1432744ms] [LOG] [Fast Refresh] done in 62ms @ http://localhost:3000/_next/static/chunks/0stj_next_dist_19zsb-q._.js:776
[ 1432805ms] [LOG] [Fast Refresh] done in 62ms @ http://localhost:3000/_next/static/chunks/0stj_next_dist_19zsb-q._.js:776
[ 1432867ms] [LOG] [Fast Refresh] done in 62ms @ http://localhost:3000/_next/static/chunks/0stj_next_dist_19zsb-q._.js:776
[ 1432929ms] [LOG] [Fast Refresh] done in 62ms @ http://localhost:3000/_next/static/chunks/0stj_next_dist_19zsb-q._.js:776
[ 1432991ms] [LOG] [Fast Refresh] done in 62ms @ http://localhost:3000/_next/static/chunks/0stj_next_dist_19zsb-q._.js:776
[ 1433055ms] [LOG] [Fast Refresh] done in 62ms @ http://localhost:3000/_next/static/chunks/0stj_next_dist_19zsb-q._.js:776
[ 1433116ms] [LOG] [Fast Refresh] done in 62ms @ http://localhost:3000/_next/static/chunks/0stj_next_dist_19zsb-q._.js:776
[ 1433178ms] [LOG] [Fast Refresh] done in 62ms @ http://localhost:3000/_next/static/chunks/0stj_next_dist_19zsb-q._.js:776
[ 1433242ms] [LOG] [Fast Refresh] done in 62ms @ http://localhost:3000/_next/static/chunks/0stj_next_dist_19zsb-q._.js:776
[ 1433305ms] [LOG] [Fast Refresh] done in 62ms @ http://localhost:3000/_next/static/chunks/0stj_next_dist_19zsb-q._.js:776
[ 1433366ms] [LOG] [Fast Refresh] done in 62ms @ http://localhost:3000/_next/static/chunks/0stj_next_dist_19zsb-q._.js:776
[ 1433429ms] [LOG] [Fast Refresh] done in 62ms @ http://localhost:3000/_next/static/chunks/0stj_next_dist_19zsb-q._.js:776
[ 1433491ms] [LOG] [Fast Refresh] done in 62ms @ http://localhost:3000/_next/static/chunks/0stj_next_dist_19zsb-q._.js:776
[ 1433553ms] [LOG] [Fast Refresh] done in 62ms @ http://localhost:3000/_next/static/chunks/0stj_next_dist_19zsb-q._.js:776
[ 1433617ms] [LOG] [Fast Refresh] done in 62ms @ http://localhost:3000/_next/static/chunks/0stj_next_dist_19zsb-q._.js:776
[ 1433680ms] [LOG] [Fast Refresh] done in 62ms @ http://localhost:3000/_next/static/chunks/0stj_next_dist_19zsb-q._.js:776
[ 1433742ms] [LOG] [Fast Refresh] done in 62ms @ http://localhost:3000/_next/static/chunks/0stj_next_dist_19zsb-q._.js:776
[ 1433806ms] [LOG] [Fast Refresh] done in 62ms @ http://localhost:3000/_next/static/chunks/0stj_next_dist_19zsb-q._.js:776
[ 1433869ms] [LOG] [Fast Refresh] done in 62ms @ http://localhost:3000/_next/static/chunks/0stj_next_dist_19zsb-q._.js:776
[ 1433932ms] [LOG] [Fast Refresh] done in 62ms @ http://localhost:3000/_next/static/chunks/0stj_next_dist_19zsb-q._.js:776
[ 1433994ms] [LOG] [Fast Refresh] done in 62ms @ http://localhost:3000/_next/static/chunks/0stj_next_dist_19zsb-q._.js:776
[ 1434057ms] [LOG] [Fast Refresh] done in 62ms @ http://localhost:3000/_next/static/chunks/0stj_next_dist_19zsb-q._.js:776
[ 1434119ms] [LOG] [Fast Refresh] done in 62ms @ http://localhost:3000/_next/static/chunks/0stj_next_dist_19zsb-q._.js:776
[ 1434183ms] [LOG] [Fast Refresh] done in 62ms @ http://localhost:3000/_next/static/chunks/0stj_next_dist_19zsb-q._.js:776
[ 1434245ms] [LOG] [Fast Refresh] done in 62ms @ http://localhost:3000/_next/static/chunks/0stj_next_dist_19zsb-q._.js:776
[ 1434308ms] [LOG] [Fast Refresh] done in 62ms @ http://localhost:3000/_next/static/chunks/0stj_next_dist_19zsb-q._.js:776
[ 1434370ms] [LOG] [Fast Refresh] done in 62ms @ http://localhost:3000/_next/static/chunks/0stj_next_dist_19zsb-q._.js:776
[ 1434433ms] [LOG] [Fast Refresh] done in 62ms @ http://localhost:3000/_next/static/chunks/0stj_next_dist_19zsb-q._.js:776
[ 1434494ms] [LOG] [Fast Refresh] done in 62ms @ http://localhost:3000/_next/static/chunks/0stj_next_dist_19zsb-q._.js:776
[ 1434556ms] [LOG] [Fast Refresh] done in 62ms @ http://localhost:3000/_next/static/chunks/0stj_next_dist_19zsb-q._.js:776
[ 1434618ms] [LOG] [Fast Refresh] done in 62ms @ http://localhost:3000/_next/static/chunks/0stj_next_dist_19zsb-q._.js:776
[ 1434680ms] [LOG] [Fast Refresh] done in 62ms @ http://localhost:3000/_next/static/chunks/0stj_next_dist_19zsb-q._.js:776
[ 1434742ms] [LOG] [Fast Refresh] done in 62ms @ http://localhost:3000/_next/static/chunks/0stj_next_dist_19zsb-q._.js:776
[ 1434803ms] [LOG] [Fast Refresh] done in 62ms @ http://localhost:3000/_next/static/chunks/0stj_next_dist_19zsb-q._.js:776
[ 1434867ms] [LOG] [Fast Refresh] done in 62ms @ http://localhost:3000/_next/static/chunks/0stj_next_dist_19zsb-q._.js:776
[ 1434929ms] [LOG] [Fast Refresh] done in 62ms @ http://localhost:3000/_next/static/chunks/0stj_next_dist_19zsb-q._.js:776
[ 1434991ms] [LOG] [Fast Refresh] done in 62ms @ http://localhost:3000/_next/static/chunks/0stj_next_dist_19zsb-q._.js:776
[ 1435053ms] [LOG] [Fast Refresh] done in 62ms @ http://localhost:3000/_next/static/chunks/0stj_next_dist_19zsb-q._.js:776
[ 1435115ms] [LOG] [Fast Refresh] done in 62ms @ http://localhost:3000/_next/static/chunks/0stj_next_dist_19zsb-q._.js:776
[ 1435178ms] [LOG] [Fast Refresh] done in 62ms @ http://localhost:3000/_next/static/chunks/0stj_next_dist_19zsb-q._.js:776
[ 1435240ms] [LOG] [Fast Refresh] done in 62ms @ http://localhost:3000/_next/static/chunks/0stj_next_dist_19zsb-q._.js:776
[ 1435302ms] [LOG] [Fast Refresh] done in 62ms @ http://localhost:3000/_next/static/chunks/0stj_next_dist_19zsb-q._.js:776
[ 1435365ms] [LOG] [Fast Refresh] done in 62ms @ http://localhost:3000/_next/static/chunks/0stj_next_dist_19zsb-q._.js:776
[ 1435427ms] [LOG] [Fast Refresh] done in 62ms @ http://localhost:3000/_next/static/chunks/0stj_next_dist_19zsb-q._.js:776
[ 1435488ms] [LOG] [Fast Refresh] done in 62ms @ http://localhost:3000/_next/static/chunks/0stj_next_dist_19zsb-q._.js:776
[ 1435550ms] [LOG] [Fast Refresh] done in 62ms @ http://localhost:3000/_next/static/chunks/0stj_next_dist_19zsb-q._.js:776
[ 1435611ms] [LOG] [Fast Refresh] done in 62ms @ http://localhost:3000/_next/static/chunks/0stj_next_dist_19zsb-q._.js:776
[ 1435673ms] [LOG] [Fast Refresh] done in 62ms @ http://localhost:3000/_next/static/chunks/0stj_next_dist_19zsb-q._.js:776
[ 1435735ms] [LOG] [Fast Refresh] done in 62ms @ http://localhost:3000/_next/static/chunks/0stj_next_dist_19zsb-q._.js:776
[ 1435797ms] [LOG] [Fast Refresh] done in 62ms @ http://localhost:3000/_next/static/chunks/0stj_next_dist_19zsb-q._.js:776
[ 1435861ms] [LOG] [Fast Refresh] done in 62ms @ http://localhost:3000/_next/static/chunks/0stj_next_dist_19zsb-q._.js:776
[ 1435924ms] [LOG] [Fast Refresh] done in 62ms @ http://localhost:3000/_next/static/chunks/0stj_next_dist_19zsb-q._.js:776
[ 1435986ms] [LOG] [Fast Refresh] done in 62ms @ http://localhost:3000/_next/static/chunks/0stj_next_dist_19zsb-q._.js:776
[ 1436047ms] [LOG] [Fast Refresh] done in 62ms @ http://localhost:3000/_next/static/chunks/0stj_next_dist_19zsb-q._.js:776
[ 1436109ms] [LOG] [Fast Refresh] done in 62ms @ http://localhost:3000/_next/static/chunks/0stj_next_dist_19zsb-q._.js:776
[ 1436172ms] [LOG] [Fast Refresh] done in 62ms @ http://localhost:3000/_next/static/chunks/0stj_next_dist_19zsb-q._.js:776
[ 1436236ms] [LOG] [Fast Refresh] done in 62ms @ http://localhost:3000/_next/static/chunks/0stj_next_dist_19zsb-q._.js:776
[ 1436298ms] [LOG] [Fast Refresh] done in 62ms @ http://localhost:3000/_next/static/chunks/0stj_next_dist_19zsb-q._.js:776
[ 1436360ms] [LOG] [Fast Refresh] done in 62ms @ http://localhost:3000/_next/static/chunks/0stj_next_dist_19zsb-q._.js:776
[ 1436423ms] [LOG] [Fast Refresh] done in 62ms @ http://localhost:3000/_next/static/chunks/0stj_next_dist_19zsb-q._.js:776
[ 1436484ms] [LOG] [Fast Refresh] done in 62ms @ http://localhost:3000/_next/static/chunks/0stj_next_dist_19zsb-q._.js:776
[ 1436547ms] [LOG] [Fast Refresh] done in 62ms @ http://localhost:3000/_next/static/chunks/0stj_next_dist_19zsb-q._.js:776
[ 1436610ms] [LOG] [Fast Refresh] done in 62ms @ http://localhost:3000/_next/static/chunks/0stj_next_dist_19zsb-q._.js:776
[ 1436671ms] [LOG] [Fast Refresh] done in 62ms @ http://localhost:3000/_next/static/chunks/0stj_next_dist_19zsb-q._.js:776
[ 1436733ms] [LOG] [Fast Refresh] done in 62ms @ http://localhost:3000/_next/static/chunks/0stj_next_dist_19zsb-q._.js:776
[ 1436795ms] [LOG] [Fast Refresh] done in 62ms @ http://localhost:3000/_next/static/chunks/0stj_next_dist_19zsb-q._.js:776
[ 1436856ms] [LOG] [Fast Refresh] done in 62ms @ http://localhost:3000/_next/static/chunks/0stj_next_dist_19zsb-q._.js:776
[ 1436918ms] [LOG] [Fast Refresh] done in 62ms @ http://localhost:3000/_next/static/chunks/0stj_next_dist_19zsb-q._.js:776
[ 1436979ms] [LOG] [Fast Refresh] done in 62ms @ http://localhost:3000/_next/static/chunks/0stj_next_dist_19zsb-q._.js:776
[ 1437040ms] [LOG] [Fast Refresh] done in 62ms @ http://localhost:3000/_next/static/chunks/0stj_next_dist_19zsb-q._.js:776
[ 1437103ms] [LOG] [Fast Refresh] done in 62ms @ http://localhost:3000/_next/static/chunks/0stj_next_dist_19zsb-q._.js:776
[ 1437167ms] [LOG] [Fast Refresh] done in 62ms @ http://localhost:3000/_next/static/chunks/0stj_next_dist_19zsb-q._.js:776
[ 1437229ms] [LOG] [Fast Refresh] done in 62ms @ http://localhost:3000/_next/static/chunks/0stj_next_dist_19zsb-q._.js:776
[ 1437291ms] [LOG] [Fast Refresh] done in 62ms @ http://localhost:3000/_next/static/chunks/0stj_next_dist_19zsb-q._.js:776
[ 1437353ms] [LOG] [Fast Refresh] done in 62ms @ http://localhost:3000/_next/static/chunks/0stj_next_dist_19zsb-q._.js:776
[ 1437416ms] [LOG] [Fast Refresh] done in 62ms @ http://localhost:3000/_next/static/chunks/0stj_next_dist_19zsb-q._.js:776
[ 1437478ms] [LOG] [Fast Refresh] done in 62ms @ http://localhost:3000/_next/static/chunks/0stj_next_dist_19zsb-q._.js:776
[ 1437541ms] [LOG] [Fast Refresh] done in 62ms @ http://localhost:3000/_next/static/chunks/0stj_next_dist_19zsb-q._.js:776
[ 1437602ms] [LOG] [Fast Refresh] done in 62ms @ http://localhost:3000/_next/static/chunks/0stj_next_dist_19zsb-q._.js:776
[ 1437665ms] [LOG] [Fast Refresh] done in 62ms @ http://localhost:3000/_next/static/chunks/0stj_next_dist_19zsb-q._.js:776
[ 1437726ms] [LOG] [Fast Refresh] done in 62ms @ http://localhost:3000/_next/static/chunks/0stj_next_dist_19zsb-q._.js:776
[ 1437788ms] [LOG] [Fast Refresh] done in 62ms @ http://localhost:3000/_next/static/chunks/0stj_next_dist_19zsb-q._.js:776
[ 1437852ms] [LOG] [Fast Refresh] done in 62ms @ http://localhost:3000/_next/static/chunks/0stj_next_dist_19zsb-q._.js:776
[ 1437914ms] [LOG] [Fast Refresh] done in 62ms @ http://localhost:3000/_next/static/chunks/0stj_next_dist_19zsb-q._.js:776
[ 1437975ms] [LOG] [Fast Refresh] done in 62ms @ http://localhost:3000/_next/static/chunks/0stj_next_dist_19zsb-q._.js:776
[ 1438038ms] [LOG] [Fast Refresh] done in 62ms @ http://localhost:3000/_next/static/chunks/0stj_next_dist_19zsb-q._.js:776
[ 1438100ms] [LOG] [Fast Refresh] done in 62ms @ http://localhost:3000/_next/static/chunks/0stj_next_dist_19zsb-q._.js:776
[ 1438162ms] [LOG] [Fast Refresh] done in 62ms @ http://localhost:3000/_next/static/chunks/0stj_next_dist_19zsb-q._.js:776
[ 1438223ms] [LOG] [Fast Refresh] done in 62ms @ http://localhost:3000/_next/static/chunks/0stj_next_dist_19zsb-q._.js:776
[ 1438286ms] [LOG] [Fast Refresh] done in 62ms @ http://localhost:3000/_next/static/chunks/0stj_next_dist_19zsb-q._.js:776
[ 1438347ms] [LOG] [Fast Refresh] done in 62ms @ http://localhost:3000/_next/static/chunks/0stj_next_dist_19zsb-q._.js:776
[ 1438409ms] [LOG] [Fast Refresh] done in 62ms @ http://localhost:3000/_next/static/chunks/0stj_next_dist_19zsb-q._.js:776
[ 1438471ms] [LOG] [Fast Refresh] done in 62ms @ http://localhost:3000/_next/static/chunks/0stj_next_dist_19zsb-q._.js:776
[ 1438533ms] [LOG] [Fast Refresh] done in 62ms @ http://localhost:3000/_next/static/chunks/0stj_next_dist_19zsb-q._.js:776
[ 1438596ms] [LOG] [Fast Refresh] done in 62ms @ http://localhost:3000/_next/static/chunks/0stj_next_dist_19zsb-q._.js:776
[ 1438658ms] [LOG] [Fast Refresh] done in 62ms @ http://localhost:3000/_next/static/chunks/0stj_next_dist_19zsb-q._.js:776
[ 1438719ms] [LOG] [Fast Refresh] done in 62ms @ http://localhost:3000/_next/static/chunks/0stj_next_dist_19zsb-q._.js:776
[ 1438781ms] [LOG] [Fast Refresh] done in 62ms @ http://localhost:3000/_next/static/chunks/0stj_next_dist_19zsb-q._.js:776
[ 1438844ms] [LOG] [Fast Refresh] done in 62ms @ http://localhost:3000/_next/static/chunks/0stj_next_dist_19zsb-q._.js:776
[ 1438906ms] [LOG] [Fast Refresh] done in 62ms @ http://localhost:3000/_next/static/chunks/0stj_next_dist_19zsb-q._.js:776
[ 1438969ms] [LOG] [Fast Refresh] done in 62ms @ http://localhost:3000/_next/static/chunks/0stj_next_dist_19zsb-q._.js:776
[ 1439030ms] [LOG] [Fast Refresh] done in 62ms @ http://localhost:3000/_next/static/chunks/0stj_next_dist_19zsb-q._.js:776
[ 1439093ms] [LOG] [Fast Refresh] done in 62ms @ http://localhost:3000/_next/static/chunks/0stj_next_dist_19zsb-q._.js:776
[ 1439156ms] [LOG] [Fast Refresh] done in 62ms @ http://localhost:3000/_next/static/chunks/0stj_next_dist_19zsb-q._.js:776
[ 1439217ms] [LOG] [Fast Refresh] done in 62ms @ http://localhost:3000/_next/static/chunks/0stj_next_dist_19zsb-q._.js:776
[ 1439278ms] [LOG] [Fast Refresh] done in 62ms @ http://localhost:3000/_next/static/chunks/0stj_next_dist_19zsb-q._.js:776
[ 1439341ms] [LOG] [Fast Refresh] done in 62ms @ http://localhost:3000/_next/static/chunks/0stj_next_dist_19zsb-q._.js:776
[ 1439403ms] [LOG] [Fast Refresh] done in 62ms @ http://localhost:3000/_next/static/chunks/0stj_next_dist_19zsb-q._.js:776
[ 1439466ms] [LOG] [Fast Refresh] done in 62ms @ http://localhost:3000/_next/static/chunks/0stj_next_dist_19zsb-q._.js:776
[ 1439529ms] [LOG] [Fast Refresh] done in 62ms @ http://localhost:3000/_next/static/chunks/0stj_next_dist_19zsb-q._.js:776
[ 1439591ms] [LOG] [Fast Refresh] done in 62ms @ http://localhost:3000/_next/static/chunks/0stj_next_dist_19zsb-q._.js:776
[ 1439653ms] [LOG] [Fast Refresh] done in 62ms @ http://localhost:3000/_next/static/chunks/0stj_next_dist_19zsb-q._.js:776
[ 1439713ms] [LOG] [Fast Refresh] done in 62ms @ http://localhost:3000/_next/static/chunks/0stj_next_dist_19zsb-q._.js:776
[ 1439776ms] [LOG] [Fast Refresh] done in 62ms @ http://localhost:3000/_next/static/chunks/0stj_next_dist_19zsb-q._.js:776
[ 1439840ms] [LOG] [Fast Refresh] done in 62ms @ http://localhost:3000/_next/static/chunks/0stj_next_dist_19zsb-q._.js:776
[ 1439901ms] [LOG] [Fast Refresh] done in 62ms @ http://localhost:3000/_next/static/chunks/0stj_next_dist_19zsb-q._.js:776
[ 1439964ms] [LOG] [Fast Refresh] done in 62ms @ http://localhost:3000/_next/static/chunks/0stj_next_dist_19zsb-q._.js:776
[ 1440025ms] [LOG] [Fast Refresh] done in 62ms @ http://localhost:3000/_next/static/chunks/0stj_next_dist_19zsb-q._.js:776
[ 1440087ms] [LOG] [Fast Refresh] done in 62ms @ http://localhost:3000/_next/static/chunks/0stj_next_dist_19zsb-q._.js:776
[ 1440150ms] [LOG] [Fast Refresh] done in 62ms @ http://localhost:3000/_next/static/chunks/0stj_next_dist_19zsb-q._.js:776
[ 1440212ms] [LOG] [Fast Refresh] done in 62ms @ http://localhost:3000/_next/static/chunks/0stj_next_dist_19zsb-q._.js:776
[ 1440275ms] [LOG] [Fast Refresh] done in 62ms @ http://localhost:3000/_next/static/chunks/0stj_next_dist_19zsb-q._.js:776
[ 1440337ms] [LOG] [Fast Refresh] done in 62ms @ http://localhost:3000/_next/static/chunks/0stj_next_dist_19zsb-q._.js:776
[ 1440399ms] [LOG] [Fast Refresh] done in 62ms @ http://localhost:3000/_next/static/chunks/0stj_next_dist_19zsb-q._.js:776
[ 1440461ms] [LOG] [Fast Refresh] done in 62ms @ http://localhost:3000/_next/static/chunks/0stj_next_dist_19zsb-q._.js:776
[ 1440524ms] [LOG] [Fast Refresh] done in 62ms @ http://localhost:3000/_next/static/chunks/0stj_next_dist_19zsb-q._.js:776
[ 1440587ms] [LOG] [Fast Refresh] done in 62ms @ http://localhost:3000/_next/static/chunks/0stj_next_dist_19zsb-q._.js:776
[ 1440651ms] [LOG] [Fast Refresh] done in 62ms @ http://localhost:3000/_next/static/chunks/0stj_next_dist_19zsb-q._.js:776
[ 1440713ms] [LOG] [Fast Refresh] done in 62ms @ http://localhost:3000/_next/static/chunks/0stj_next_dist_19zsb-q._.js:776
[ 1440776ms] [LOG] [Fast Refresh] done in 62ms @ http://localhost:3000/_next/static/chunks/0stj_next_dist_19zsb-q._.js:776
[ 1440839ms] [LOG] [Fast Refresh] done in 62ms @ http://localhost:3000/_next/static/chunks/0stj_next_dist_19zsb-q._.js:776
[ 1440901ms] [LOG] [Fast Refresh] done in 62ms @ http://localhost:3000/_next/static/chunks/0stj_next_dist_19zsb-q._.js:776
[ 1440962ms] [LOG] [Fast Refresh] done in 62ms @ http://localhost:3000/_next/static/chunks/0stj_next_dist_19zsb-q._.js:776
[ 1441024ms] [LOG] [Fast Refresh] done in 62ms @ http://localhost:3000/_next/static/chunks/0stj_next_dist_19zsb-q._.js:776
[ 1441088ms] [LOG] [Fast Refresh] done in 62ms @ http://localhost:3000/_next/static/chunks/0stj_next_dist_19zsb-q._.js:776
[ 1441150ms] [LOG] [Fast Refresh] done in 62ms @ http://localhost:3000/_next/static/chunks/0stj_next_dist_19zsb-q._.js:776
[ 1441212ms] [LOG] [Fast Refresh] done in 62ms @ http://localhost:3000/_next/static/chunks/0stj_next_dist_19zsb-q._.js:776
[ 1441275ms] [LOG] [Fast Refresh] done in 62ms @ http://localhost:3000/_next/static/chunks/0stj_next_dist_19zsb-q._.js:776
[ 1441337ms] [LOG] [Fast Refresh] done in 62ms @ http://localhost:3000/_next/static/chunks/0stj_next_dist_19zsb-q._.js:776
[ 1441398ms] [LOG] [Fast Refresh] done in 62ms @ http://localhost:3000/_next/static/chunks/0stj_next_dist_19zsb-q._.js:776
[ 1441460ms] [LOG] [Fast Refresh] done in 62ms @ http://localhost:3000/_next/static/chunks/0stj_next_dist_19zsb-q._.js:776
[ 1441522ms] [LOG] [Fast Refresh] done in 62ms @ http://localhost:3000/_next/static/chunks/0stj_next_dist_19zsb-q._.js:776
[ 1441584ms] [LOG] [Fast Refresh] done in 62ms @ http://localhost:3000/_next/static/chunks/0stj_next_dist_19zsb-q._.js:776
[ 1441645ms] [LOG] [Fast Refresh] done in 62ms @ http://localhost:3000/_next/static/chunks/0stj_next_dist_19zsb-q._.js:776
[ 1441707ms] [LOG] [Fast Refresh] done in 62ms @ http://localhost:3000/_next/static/chunks/0stj_next_dist_19zsb-q._.js:776
[ 1441771ms] [LOG] [Fast Refresh] done in 62ms @ http://localhost:3000/_next/static/chunks/0stj_next_dist_19zsb-q._.js:776
[ 1441834ms] [LOG] [Fast Refresh] done in 62ms @ http://localhost:3000/_next/static/chunks/0stj_next_dist_19zsb-q._.js:776
[ 1441896ms] [LOG] [Fast Refresh] done in 62ms @ http://localhost:3000/_next/static/chunks/0stj_next_dist_19zsb-q._.js:776
[ 1441957ms] [LOG] [Fast Refresh] done in 62ms @ http://localhost:3000/_next/static/chunks/0stj_next_dist_19zsb-q._.js:776
[ 1442020ms] [LOG] [Fast Refresh] done in 62ms @ http://localhost:3000/_next/static/chunks/0stj_next_dist_19zsb-q._.js:776
[ 1442082ms] [LOG] [Fast Refresh] done in 62ms @ http://localhost:3000/_next/static/chunks/0stj_next_dist_19zsb-q._.js:776
[ 1442145ms] [LOG] [Fast Refresh] done in 62ms @ http://localhost:3000/_next/static/chunks/0stj_next_dist_19zsb-q._.js:776
[ 1442206ms] [LOG] [Fast Refresh] done in 62ms @ http://localhost:3000/_next/static/chunks/0stj_next_dist_19zsb-q._.js:776
[ 1442267ms] [LOG] [Fast Refresh] done in 62ms @ http://localhost:3000/_next/static/chunks/0stj_next_dist_19zsb-q._.js:776
[ 1442330ms] [LOG] [Fast Refresh] done in 62ms @ http://localhost:3000/_next/static/chunks/0stj_next_dist_19zsb-q._.js:776
[ 1442393ms] [LOG] [Fast Refresh] done in 62ms @ http://localhost:3000/_next/static/chunks/0stj_next_dist_19zsb-q._.js:776
[ 1442456ms] [LOG] [Fast Refresh] done in 62ms @ http://localhost:3000/_next/static/chunks/0stj_next_dist_19zsb-q._.js:776
[ 1442518ms] [LOG] [Fast Refresh] done in 62ms @ http://localhost:3000/_next/static/chunks/0stj_next_dist_19zsb-q._.js:776
[ 1442581ms] [LOG] [Fast Refresh] done in 62ms @ http://localhost:3000/_next/static/chunks/0stj_next_dist_19zsb-q._.js:776
[ 1442644ms] [LOG] [Fast Refresh] done in 62ms @ http://localhost:3000/_next/static/chunks/0stj_next_dist_19zsb-q._.js:776
[ 1442705ms] [LOG] [Fast Refresh] done in 62ms @ http://localhost:3000/_next/static/chunks/0stj_next_dist_19zsb-q._.js:776
[ 1442767ms] [LOG] [Fast Refresh] done in 62ms @ http://localhost:3000/_next/static/chunks/0stj_next_dist_19zsb-q._.js:776
[ 1442829ms] [LOG] [Fast Refresh] done in 62ms @ http://localhost:3000/_next/static/chunks/0stj_next_dist_19zsb-q._.js:776
[ 1442891ms] [LOG] [Fast Refresh] done in 62ms @ http://localhost:3000/_next/static/chunks/0stj_next_dist_19zsb-q._.js:776
[ 1442954ms] [LOG] [Fast Refresh] done in 62ms @ http://localhost:3000/_next/static/chunks/0stj_next_dist_19zsb-q._.js:776
[ 1443016ms] [LOG] [Fast Refresh] done in 62ms @ http://localhost:3000/_next/static/chunks/0stj_next_dist_19zsb-q._.js:776
[ 1443078ms] [LOG] [Fast Refresh] done in 62ms @ http://localhost:3000/_next/static/chunks/0stj_next_dist_19zsb-q._.js:776
[ 1443140ms] [LOG] [Fast Refresh] done in 62ms @ http://localhost:3000/_next/static/chunks/0stj_next_dist_19zsb-q._.js:776
[ 1443204ms] [LOG] [Fast Refresh] done in 62ms @ http://localhost:3000/_next/static/chunks/0stj_next_dist_19zsb-q._.js:776
[ 1443266ms] [LOG] [Fast Refresh] done in 62ms @ http://localhost:3000/_next/static/chunks/0stj_next_dist_19zsb-q._.js:776
[ 1443329ms] [LOG] [Fast Refresh] done in 62ms @ http://localhost:3000/_next/static/chunks/0stj_next_dist_19zsb-q._.js:776
[ 1443391ms] [LOG] [Fast Refresh] done in 62ms @ http://localhost:3000/_next/static/chunks/0stj_next_dist_19zsb-q._.js:776
[ 1443455ms] [LOG] [Fast Refresh] done in 62ms @ http://localhost:3000/_next/static/chunks/0stj_next_dist_19zsb-q._.js:776
[ 1443518ms] [LOG] [Fast Refresh] done in 62ms @ http://localhost:3000/_next/static/chunks/0stj_next_dist_19zsb-q._.js:776
[ 1443579ms] [LOG] [Fast Refresh] done in 62ms @ http://localhost:3000/_next/static/chunks/0stj_next_dist_19zsb-q._.js:776
[ 1443642ms] [LOG] [Fast Refresh] done in 62ms @ http://localhost:3000/_next/static/chunks/0stj_next_dist_19zsb-q._.js:776
[ 1443704ms] [LOG] [Fast Refresh] done in 62ms @ http://localhost:3000/_next/static/chunks/0stj_next_dist_19zsb-q._.js:776
[ 1443767ms] [LOG] [Fast Refresh] done in 62ms @ http://localhost:3000/_next/static/chunks/0stj_next_dist_19zsb-q._.js:776
[ 1443829ms] [LOG] [Fast Refresh] done in 62ms @ http://localhost:3000/_next/static/chunks/0stj_next_dist_19zsb-q._.js:776
[ 1443891ms] [LOG] [Fast Refresh] done in 62ms @ http://localhost:3000/_next/static/chunks/0stj_next_dist_19zsb-q._.js:776
[ 1443953ms] [LOG] [Fast Refresh] done in 62ms @ http://localhost:3000/_next/static/chunks/0stj_next_dist_19zsb-q._.js:776
[ 1444015ms] [LOG] [Fast Refresh] done in 62ms @ http://localhost:3000/_next/static/chunks/0stj_next_dist_19zsb-q._.js:776
[ 1444078ms] [LOG] [Fast Refresh] done in 62ms @ http://localhost:3000/_next/static/chunks/0stj_next_dist_19zsb-q._.js:776
[ 1444139ms] [LOG] [Fast Refresh] done in 62ms @ http://localhost:3000/_next/static/chunks/0stj_next_dist_19zsb-q._.js:776
[ 1444202ms] [LOG] [Fast Refresh] done in 62ms @ http://localhost:3000/_next/static/chunks/0stj_next_dist_19zsb-q._.js:776
[ 1444266ms] [LOG] [Fast Refresh] done in 62ms @ http://localhost:3000/_next/static/chunks/0stj_next_dist_19zsb-q._.js:776
[ 1444329ms] [LOG] [Fast Refresh] done in 62ms @ http://localhost:3000/_next/static/chunks/0stj_next_dist_19zsb-q._.js:776
[ 1444390ms] [LOG] [Fast Refresh] done in 62ms @ http://localhost:3000/_next/static/chunks/0stj_next_dist_19zsb-q._.js:776
[ 1444450ms] [LOG] [Fast Refresh] done in 62ms @ http://localhost:3000/_next/static/chunks/0stj_next_dist_19zsb-q._.js:776
[ 1444512ms] [LOG] [Fast Refresh] done in 62ms @ http://localhost:3000/_next/static/chunks/0stj_next_dist_19zsb-q._.js:776
[ 1444574ms] [LOG] [Fast Refresh] done in 62ms @ http://localhost:3000/_next/static/chunks/0stj_next_dist_19zsb-q._.js:776
[ 1444635ms] [LOG] [Fast Refresh] done in 62ms @ http://localhost:3000/_next/static/chunks/0stj_next_dist_19zsb-q._.js:776
[ 1444698ms] [LOG] [Fast Refresh] done in 62ms @ http://localhost:3000/_next/static/chunks/0stj_next_dist_19zsb-q._.js:776
[ 1444760ms] [LOG] [Fast Refresh] done in 62ms @ http://localhost:3000/_next/static/chunks/0stj_next_dist_19zsb-q._.js:776
[ 1444822ms] [LOG] [Fast Refresh] done in 62ms @ http://localhost:3000/_next/static/chunks/0stj_next_dist_19zsb-q._.js:776
[ 1444885ms] [LOG] [Fast Refresh] done in 62ms @ http://localhost:3000/_next/static/chunks/0stj_next_dist_19zsb-q._.js:776
[ 1444948ms] [LOG] [Fast Refresh] done in 62ms @ http://localhost:3000/_next/static/chunks/0stj_next_dist_19zsb-q._.js:776
[ 1445012ms] [LOG] [Fast Refresh] done in 62ms @ http://localhost:3000/_next/static/chunks/0stj_next_dist_19zsb-q._.js:776
[ 1445074ms] [LOG] [Fast Refresh] done in 62ms @ http://localhost:3000/_next/static/chunks/0stj_next_dist_19zsb-q._.js:776
[ 1445135ms] [LOG] [Fast Refresh] done in 62ms @ http://localhost:3000/_next/static/chunks/0stj_next_dist_19zsb-q._.js:776
[ 1445199ms] [LOG] [Fast Refresh] done in 62ms @ http://localhost:3000/_next/static/chunks/0stj_next_dist_19zsb-q._.js:776
[ 1445262ms] [LOG] [Fast Refresh] done in 62ms @ http://localhost:3000/_next/static/chunks/0stj_next_dist_19zsb-q._.js:776
[ 1445324ms] [LOG] [Fast Refresh] done in 62ms @ http://localhost:3000/_next/static/chunks/0stj_next_dist_19zsb-q._.js:776
[ 1445386ms] [LOG] [Fast Refresh] done in 62ms @ http://localhost:3000/_next/static/chunks/0stj_next_dist_19zsb-q._.js:776
[ 1445449ms] [LOG] [Fast Refresh] done in 62ms @ http://localhost:3000/_next/static/chunks/0stj_next_dist_19zsb-q._.js:776
[ 1445511ms] [LOG] [Fast Refresh] done in 62ms @ http://localhost:3000/_next/static/chunks/0stj_next_dist_19zsb-q._.js:776
[ 1445574ms] [LOG] [Fast Refresh] done in 62ms @ http://localhost:3000/_next/static/chunks/0stj_next_dist_19zsb-q._.js:776
[ 1445635ms] [LOG] [Fast Refresh] done in 62ms @ http://localhost:3000/_next/static/chunks/0stj_next_dist_19zsb-q._.js:776
[ 1445697ms] [LOG] [Fast Refresh] done in 62ms @ http://localhost:3000/_next/static/chunks/0stj_next_dist_19zsb-q._.js:776
[ 1445758ms] [LOG] [Fast Refresh] done in 62ms @ http://localhost:3000/_next/static/chunks/0stj_next_dist_19zsb-q._.js:776
[ 1445821ms] [LOG] [Fast Refresh] done in 62ms @ http://localhost:3000/_next/static/chunks/0stj_next_dist_19zsb-q._.js:776
[ 1445881ms] [LOG] [Fast Refresh] done in 62ms @ http://localhost:3000/_next/static/chunks/0stj_next_dist_19zsb-q._.js:776
[ 1445944ms] [LOG] [Fast Refresh] done in 62ms @ http://localhost:3000/_next/static/chunks/0stj_next_dist_19zsb-q._.js:776
[ 1446007ms] [LOG] [Fast Refresh] done in 62ms @ http://localhost:3000/_next/static/chunks/0stj_next_dist_19zsb-q._.js:776
[ 1446069ms] [LOG] [Fast Refresh] done in 62ms @ http://localhost:3000/_next/static/chunks/0stj_next_dist_19zsb-q._.js:776
[ 1446132ms] [LOG] [Fast Refresh] done in 62ms @ http://localhost:3000/_next/static/chunks/0stj_next_dist_19zsb-q._.js:776
[ 1446194ms] [LOG] [Fast Refresh] done in 62ms @ http://localhost:3000/_next/static/chunks/0stj_next_dist_19zsb-q._.js:776
[ 1446258ms] [LOG] [Fast Refresh] done in 62ms @ http://localhost:3000/_next/static/chunks/0stj_next_dist_19zsb-q._.js:776
[ 1446320ms] [LOG] [Fast Refresh] done in 62ms @ http://localhost:3000/_next/static/chunks/0stj_next_dist_19zsb-q._.js:776
[ 1446384ms] [LOG] [Fast Refresh] done in 62ms @ http://localhost:3000/_next/static/chunks/0stj_next_dist_19zsb-q._.js:776
[ 1446446ms] [LOG] [Fast Refresh] done in 62ms @ http://localhost:3000/_next/static/chunks/0stj_next_dist_19zsb-q._.js:776
[ 1446509ms] [LOG] [Fast Refresh] done in 62ms @ http://localhost:3000/_next/static/chunks/0stj_next_dist_19zsb-q._.js:776
[ 1446571ms] [LOG] [Fast Refresh] done in 62ms @ http://localhost:3000/_next/static/chunks/0stj_next_dist_19zsb-q._.js:776
[ 1446634ms] [LOG] [Fast Refresh] done in 62ms @ http://localhost:3000/_next/static/chunks/0stj_next_dist_19zsb-q._.js:776
[ 1446697ms] [LOG] [Fast Refresh] done in 62ms @ http://localhost:3000/_next/static/chunks/0stj_next_dist_19zsb-q._.js:776
[ 1446760ms] [LOG] [Fast Refresh] done in 62ms @ http://localhost:3000/_next/static/chunks/0stj_next_dist_19zsb-q._.js:776
[ 1446824ms] [LOG] [Fast Refresh] done in 62ms @ http://localhost:3000/_next/static/chunks/0stj_next_dist_19zsb-q._.js:776
[ 1446886ms] [LOG] [Fast Refresh] done in 62ms @ http://localhost:3000/_next/static/chunks/0stj_next_dist_19zsb-q._.js:776
[ 1446949ms] [LOG] [Fast Refresh] done in 62ms @ http://localhost:3000/_next/static/chunks/0stj_next_dist_19zsb-q._.js:776
[ 1447011ms] [LOG] [Fast Refresh] done in 62ms @ http://localhost:3000/_next/static/chunks/0stj_next_dist_19zsb-q._.js:776
[ 1447074ms] [LOG] [Fast Refresh] done in 62ms @ http://localhost:3000/_next/static/chunks/0stj_next_dist_19zsb-q._.js:776
[ 1447137ms] [LOG] [Fast Refresh] done in 62ms @ http://localhost:3000/_next/static/chunks/0stj_next_dist_19zsb-q._.js:776
[ 1447198ms] [LOG] [Fast Refresh] done in 62ms @ http://localhost:3000/_next/static/chunks/0stj_next_dist_19zsb-q._.js:776
[ 1447260ms] [LOG] [Fast Refresh] done in 62ms @ http://localhost:3000/_next/static/chunks/0stj_next_dist_19zsb-q._.js:776
[ 1447324ms] [LOG] [Fast Refresh] done in 62ms @ http://localhost:3000/_next/static/chunks/0stj_next_dist_19zsb-q._.js:776
[ 1447385ms] [LOG] [Fast Refresh] done in 62ms @ http://localhost:3000/_next/static/chunks/0stj_next_dist_19zsb-q._.js:776
[ 1447447ms] [LOG] [Fast Refresh] done in 62ms @ http://localhost:3000/_next/static/chunks/0stj_next_dist_19zsb-q._.js:776
[ 1447510ms] [LOG] [Fast Refresh] done in 62ms @ http://localhost:3000/_next/static/chunks/0stj_next_dist_19zsb-q._.js:776
[ 1447573ms] [LOG] [Fast Refresh] done in 62ms @ http://localhost:3000/_next/static/chunks/0stj_next_dist_19zsb-q._.js:776
[ 1447634ms] [LOG] [Fast Refresh] done in 62ms @ http://localhost:3000/_next/static/chunks/0stj_next_dist_19zsb-q._.js:776
[ 1447695ms] [LOG] [Fast Refresh] done in 62ms @ http://localhost:3000/_next/static/chunks/0stj_next_dist_19zsb-q._.js:776
[ 1447757ms] [LOG] [Fast Refresh] done in 62ms @ http://localhost:3000/_next/static/chunks/0stj_next_dist_19zsb-q._.js:776
[ 1447820ms] [LOG] [Fast Refresh] done in 62ms @ http://localhost:3000/_next/static/chunks/0stj_next_dist_19zsb-q._.js:776
[ 1447882ms] [LOG] [Fast Refresh] done in 62ms @ http://localhost:3000/_next/static/chunks/0stj_next_dist_19zsb-q._.js:776
[ 1447943ms] [LOG] [Fast Refresh] done in 62ms @ http://localhost:3000/_next/static/chunks/0stj_next_dist_19zsb-q._.js:776
[ 1448005ms] [LOG] [Fast Refresh] done in 62ms @ http://localhost:3000/_next/static/chunks/0stj_next_dist_19zsb-q._.js:776
[ 1448068ms] [LOG] [Fast Refresh] done in 62ms @ http://localhost:3000/_next/static/chunks/0stj_next_dist_19zsb-q._.js:776
[ 1448130ms] [LOG] [Fast Refresh] done in 62ms @ http://localhost:3000/_next/static/chunks/0stj_next_dist_19zsb-q._.js:776
[ 1448190ms] [LOG] [Fast Refresh] done in 62ms @ http://localhost:3000/_next/static/chunks/0stj_next_dist_19zsb-q._.js:776
[ 1448253ms] [LOG] [Fast Refresh] done in 62ms @ http://localhost:3000/_next/static/chunks/0stj_next_dist_19zsb-q._.js:776
[ 1448314ms] [LOG] [Fast Refresh] done in 62ms @ http://localhost:3000/_next/static/chunks/0stj_next_dist_19zsb-q._.js:776
[ 1448376ms] [LOG] [Fast Refresh] done in 62ms @ http://localhost:3000/_next/static/chunks/0stj_next_dist_19zsb-q._.js:776
[ 1448439ms] [LOG] [Fast Refresh] done in 62ms @ http://localhost:3000/_next/static/chunks/0stj_next_dist_19zsb-q._.js:776
[ 1448503ms] [LOG] [Fast Refresh] done in 62ms @ http://localhost:3000/_next/static/chunks/0stj_next_dist_19zsb-q._.js:776
[ 1448564ms] [LOG] [Fast Refresh] done in 62ms @ http://localhost:3000/_next/static/chunks/0stj_next_dist_19zsb-q._.js:776
[ 1448627ms] [LOG] [Fast Refresh] done in 62ms @ http://localhost:3000/_next/static/chunks/0stj_next_dist_19zsb-q._.js:776
[ 1448689ms] [LOG] [Fast Refresh] done in 62ms @ http://localhost:3000/_next/static/chunks/0stj_next_dist_19zsb-q._.js:776
[ 1448751ms] [LOG] [Fast Refresh] done in 62ms @ http://localhost:3000/_next/static/chunks/0stj_next_dist_19zsb-q._.js:776
[ 1448814ms] [LOG] [Fast Refresh] done in 62ms @ http://localhost:3000/_next/static/chunks/0stj_next_dist_19zsb-q._.js:776
[ 1448876ms] [LOG] [Fast Refresh] done in 62ms @ http://localhost:3000/_next/static/chunks/0stj_next_dist_19zsb-q._.js:776
[ 1448939ms] [LOG] [Fast Refresh] done in 62ms @ http://localhost:3000/_next/static/chunks/0stj_next_dist_19zsb-q._.js:776
[ 1449001ms] [LOG] [Fast Refresh] done in 62ms @ http://localhost:3000/_next/static/chunks/0stj_next_dist_19zsb-q._.js:776
[ 1449064ms] [LOG] [Fast Refresh] done in 62ms @ http://localhost:3000/_next/static/chunks/0stj_next_dist_19zsb-q._.js:776
[ 1449126ms] [LOG] [Fast Refresh] done in 62ms @ http://localhost:3000/_next/static/chunks/0stj_next_dist_19zsb-q._.js:776
[ 1449188ms] [LOG] [Fast Refresh] done in 62ms @ http://localhost:3000/_next/static/chunks/0stj_next_dist_19zsb-q._.js:776
[ 1449251ms] [LOG] [Fast Refresh] done in 62ms @ http://localhost:3000/_next/static/chunks/0stj_next_dist_19zsb-q._.js:776
[ 1449312ms] [LOG] [Fast Refresh] done in 62ms @ http://localhost:3000/_next/static/chunks/0stj_next_dist_19zsb-q._.js:776
[ 1449374ms] [LOG] [Fast Refresh] done in 62ms @ http://localhost:3000/_next/static/chunks/0stj_next_dist_19zsb-q._.js:776
[ 1449437ms] [LOG] [Fast Refresh] done in 62ms @ http://localhost:3000/_next/static/chunks/0stj_next_dist_19zsb-q._.js:776
[ 1449499ms] [LOG] [Fast Refresh] done in 62ms @ http://localhost:3000/_next/static/chunks/0stj_next_dist_19zsb-q._.js:776
[ 1449560ms] [LOG] [Fast Refresh] done in 62ms @ http://localhost:3000/_next/static/chunks/0stj_next_dist_19zsb-q._.js:776
[ 1449623ms] [LOG] [Fast Refresh] done in 62ms @ http://localhost:3000/_next/static/chunks/0stj_next_dist_19zsb-q._.js:776
[ 1449686ms] [LOG] [Fast Refresh] done in 62ms @ http://localhost:3000/_next/static/chunks/0stj_next_dist_19zsb-q._.js:776
[ 1449749ms] [LOG] [Fast Refresh] done in 62ms @ http://localhost:3000/_next/static/chunks/0stj_next_dist_19zsb-q._.js:776
[ 1449811ms] [LOG] [Fast Refresh] done in 62ms @ http://localhost:3000/_next/static/chunks/0stj_next_dist_19zsb-q._.js:776
[ 1449873ms] [LOG] [Fast Refresh] done in 62ms @ http://localhost:3000/_next/static/chunks/0stj_next_dist_19zsb-q._.js:776
[ 1449936ms] [LOG] [Fast Refresh] done in 62ms @ http://localhost:3000/_next/static/chunks/0stj_next_dist_19zsb-q._.js:776
[ 1449996ms] [LOG] [Fast Refresh] done in 62ms @ http://localhost:3000/_next/static/chunks/0stj_next_dist_19zsb-q._.js:776
[ 1450058ms] [LOG] [Fast Refresh] done in 62ms @ http://localhost:3000/_next/static/chunks/0stj_next_dist_19zsb-q._.js:776
[ 1450120ms] [LOG] [Fast Refresh] done in 62ms @ http://localhost:3000/_next/static/chunks/0stj_next_dist_19zsb-q._.js:776
[ 1450182ms] [LOG] [Fast Refresh] done in 62ms @ http://localhost:3000/_next/static/chunks/0stj_next_dist_19zsb-q._.js:776
[ 1450245ms] [LOG] [Fast Refresh] done in 62ms @ http://localhost:3000/_next/static/chunks/0stj_next_dist_19zsb-q._.js:776
[ 1450305ms] [LOG] [Fast Refresh] done in 62ms @ http://localhost:3000/_next/static/chunks/0stj_next_dist_19zsb-q._.js:776
[ 1450368ms] [LOG] [Fast Refresh] done in 62ms @ http://localhost:3000/_next/static/chunks/0stj_next_dist_19zsb-q._.js:776
[ 1450429ms] [LOG] [Fast Refresh] done in 62ms @ http://localhost:3000/_next/static/chunks/0stj_next_dist_19zsb-q._.js:776
[ 1450490ms] [LOG] [Fast Refresh] done in 62ms @ http://localhost:3000/_next/static/chunks/0stj_next_dist_19zsb-q._.js:776
[ 1450554ms] [LOG] [Fast Refresh] done in 62ms @ http://localhost:3000/_next/static/chunks/0stj_next_dist_19zsb-q._.js:776
[ 1450617ms] [LOG] [Fast Refresh] done in 62ms @ http://localhost:3000/_next/static/chunks/0stj_next_dist_19zsb-q._.js:776
[ 1450678ms] [LOG] [Fast Refresh] done in 62ms @ http://localhost:3000/_next/static/chunks/0stj_next_dist_19zsb-q._.js:776
[ 1450741ms] [LOG] [Fast Refresh] done in 62ms @ http://localhost:3000/_next/static/chunks/0stj_next_dist_19zsb-q._.js:776
[ 1450803ms] [LOG] [Fast Refresh] done in 62ms @ http://localhost:3000/_next/static/chunks/0stj_next_dist_19zsb-q._.js:776
[ 1450865ms] [LOG] [Fast Refresh] done in 62ms @ http://localhost:3000/_next/static/chunks/0stj_next_dist_19zsb-q._.js:776
[ 1450927ms] [LOG] [Fast Refresh] done in 62ms @ http://localhost:3000/_next/static/chunks/0stj_next_dist_19zsb-q._.js:776
[ 1450988ms] [LOG] [Fast Refresh] done in 62ms @ http://localhost:3000/_next/static/chunks/0stj_next_dist_19zsb-q._.js:776
[ 1451051ms] [LOG] [Fast Refresh] done in 62ms @ http://localhost:3000/_next/static/chunks/0stj_next_dist_19zsb-q._.js:776
[ 1451112ms] [LOG] [Fast Refresh] done in 62ms @ http://localhost:3000/_next/static/chunks/0stj_next_dist_19zsb-q._.js:776
[ 1451174ms] [LOG] [Fast Refresh] done in 62ms @ http://localhost:3000/_next/static/chunks/0stj_next_dist_19zsb-q._.js:776
[ 1451236ms] [LOG] [Fast Refresh] done in 62ms @ http://localhost:3000/_next/static/chunks/0stj_next_dist_19zsb-q._.js:776
[ 1451299ms] [LOG] [Fast Refresh] done in 62ms @ http://localhost:3000/_next/static/chunks/0stj_next_dist_19zsb-q._.js:776
[ 1451362ms] [LOG] [Fast Refresh] done in 62ms @ http://localhost:3000/_next/static/chunks/0stj_next_dist_19zsb-q._.js:776
[ 1451425ms] [LOG] [Fast Refresh] done in 62ms @ http://localhost:3000/_next/static/chunks/0stj_next_dist_19zsb-q._.js:776
[ 1451488ms] [LOG] [Fast Refresh] done in 62ms @ http://localhost:3000/_next/static/chunks/0stj_next_dist_19zsb-q._.js:776
[ 1451551ms] [LOG] [Fast Refresh] done in 62ms @ http://localhost:3000/_next/static/chunks/0stj_next_dist_19zsb-q._.js:776
[ 1451612ms] [LOG] [Fast Refresh] done in 62ms @ http://localhost:3000/_next/static/chunks/0stj_next_dist_19zsb-q._.js:776
[ 1451675ms] [LOG] [Fast Refresh] done in 62ms @ http://localhost:3000/_next/static/chunks/0stj_next_dist_19zsb-q._.js:776
[ 1451737ms] [LOG] [Fast Refresh] done in 62ms @ http://localhost:3000/_next/static/chunks/0stj_next_dist_19zsb-q._.js:776
[ 1451799ms] [LOG] [Fast Refresh] done in 62ms @ http://localhost:3000/_next/static/chunks/0stj_next_dist_19zsb-q._.js:776
[ 1451862ms] [LOG] [Fast Refresh] done in 62ms @ http://localhost:3000/_next/static/chunks/0stj_next_dist_19zsb-q._.js:776
[ 1451923ms] [LOG] [Fast Refresh] done in 62ms @ http://localhost:3000/_next/static/chunks/0stj_next_dist_19zsb-q._.js:776
[ 1451985ms] [LOG] [Fast Refresh] done in 62ms @ http://localhost:3000/_next/static/chunks/0stj_next_dist_19zsb-q._.js:776
[ 1452047ms] [LOG] [Fast Refresh] done in 62ms @ http://localhost:3000/_next/static/chunks/0stj_next_dist_19zsb-q._.js:776
[ 1452109ms] [LOG] [Fast Refresh] done in 62ms @ http://localhost:3000/_next/static/chunks/0stj_next_dist_19zsb-q._.js:776
[ 1452171ms] [LOG] [Fast Refresh] done in 62ms @ http://localhost:3000/_next/static/chunks/0stj_next_dist_19zsb-q._.js:776
[ 1452232ms] [LOG] [Fast Refresh] done in 62ms @ http://localhost:3000/_next/static/chunks/0stj_next_dist_19zsb-q._.js:776
[ 1452295ms] [LOG] [Fast Refresh] done in 62ms @ http://localhost:3000/_next/static/chunks/0stj_next_dist_19zsb-q._.js:776
[ 1452357ms] [LOG] [Fast Refresh] done in 62ms @ http://localhost:3000/_next/static/chunks/0stj_next_dist_19zsb-q._.js:776
[ 1452419ms] [LOG] [Fast Refresh] done in 62ms @ http://localhost:3000/_next/static/chunks/0stj_next_dist_19zsb-q._.js:776
[ 1452483ms] [LOG] [Fast Refresh] done in 62ms @ http://localhost:3000/_next/static/chunks/0stj_next_dist_19zsb-q._.js:776
[ 1452546ms] [LOG] [Fast Refresh] done in 62ms @ http://localhost:3000/_next/static/chunks/0stj_next_dist_19zsb-q._.js:776
[ 1452607ms] [LOG] [Fast Refresh] done in 62ms @ http://localhost:3000/_next/static/chunks/0stj_next_dist_19zsb-q._.js:776
[ 1452669ms] [LOG] [Fast Refresh] done in 62ms @ http://localhost:3000/_next/static/chunks/0stj_next_dist_19zsb-q._.js:776
[ 1452731ms] [LOG] [Fast Refresh] done in 62ms @ http://localhost:3000/_next/static/chunks/0stj_next_dist_19zsb-q._.js:776
[ 1452792ms] [LOG] [Fast Refresh] done in 62ms @ http://localhost:3000/_next/static/chunks/0stj_next_dist_19zsb-q._.js:776
[ 1452854ms] [LOG] [Fast Refresh] done in 62ms @ http://localhost:3000/_next/static/chunks/0stj_next_dist_19zsb-q._.js:776
[ 1452915ms] [LOG] [Fast Refresh] done in 62ms @ http://localhost:3000/_next/static/chunks/0stj_next_dist_19zsb-q._.js:776
[ 1452978ms] [LOG] [Fast Refresh] done in 62ms @ http://localhost:3000/_next/static/chunks/0stj_next_dist_19zsb-q._.js:776
[ 1453040ms] [LOG] [Fast Refresh] done in 62ms @ http://localhost:3000/_next/static/chunks/0stj_next_dist_19zsb-q._.js:776
[ 1453102ms] [LOG] [Fast Refresh] done in 62ms @ http://localhost:3000/_next/static/chunks/0stj_next_dist_19zsb-q._.js:776
[ 1453165ms] [LOG] [Fast Refresh] done in 62ms @ http://localhost:3000/_next/static/chunks/0stj_next_dist_19zsb-q._.js:776
[ 1453227ms] [LOG] [Fast Refresh] done in 62ms @ http://localhost:3000/_next/static/chunks/0stj_next_dist_19zsb-q._.js:776
[ 1453288ms] [LOG] [Fast Refresh] done in 62ms @ http://localhost:3000/_next/static/chunks/0stj_next_dist_19zsb-q._.js:776
[ 1453352ms] [LOG] [Fast Refresh] done in 62ms @ http://localhost:3000/_next/static/chunks/0stj_next_dist_19zsb-q._.js:776
[ 1453414ms] [LOG] [Fast Refresh] done in 62ms @ http://localhost:3000/_next/static/chunks/0stj_next_dist_19zsb-q._.js:776
[ 1453476ms] [LOG] [Fast Refresh] done in 62ms @ http://localhost:3000/_next/static/chunks/0stj_next_dist_19zsb-q._.js:776
[ 1453538ms] [LOG] [Fast Refresh] done in 62ms @ http://localhost:3000/_next/static/chunks/0stj_next_dist_19zsb-q._.js:776
[ 1453601ms] [LOG] [Fast Refresh] done in 62ms @ http://localhost:3000/_next/static/chunks/0stj_next_dist_19zsb-q._.js:776
[ 1453664ms] [LOG] [Fast Refresh] done in 62ms @ http://localhost:3000/_next/static/chunks/0stj_next_dist_19zsb-q._.js:776
[ 1453726ms] [LOG] [Fast Refresh] done in 62ms @ http://localhost:3000/_next/static/chunks/0stj_next_dist_19zsb-q._.js:776
[ 1453789ms] [LOG] [Fast Refresh] done in 62ms @ http://localhost:3000/_next/static/chunks/0stj_next_dist_19zsb-q._.js:776
[ 1453853ms] [LOG] [Fast Refresh] done in 62ms @ http://localhost:3000/_next/static/chunks/0stj_next_dist_19zsb-q._.js:776
[ 1453915ms] [LOG] [Fast Refresh] done in 62ms @ http://localhost:3000/_next/static/chunks/0stj_next_dist_19zsb-q._.js:776
[ 1453976ms] [LOG] [Fast Refresh] done in 62ms @ http://localhost:3000/_next/static/chunks/0stj_next_dist_19zsb-q._.js:776
[ 1454038ms] [LOG] [Fast Refresh] done in 62ms @ http://localhost:3000/_next/static/chunks/0stj_next_dist_19zsb-q._.js:776
[ 1454101ms] [LOG] [Fast Refresh] done in 62ms @ http://localhost:3000/_next/static/chunks/0stj_next_dist_19zsb-q._.js:776
[ 1454164ms] [LOG] [Fast Refresh] done in 62ms @ http://localhost:3000/_next/static/chunks/0stj_next_dist_19zsb-q._.js:776
[ 1454226ms] [LOG] [Fast Refresh] done in 62ms @ http://localhost:3000/_next/static/chunks/0stj_next_dist_19zsb-q._.js:776
[ 1454288ms] [LOG] [Fast Refresh] done in 62ms @ http://localhost:3000/_next/static/chunks/0stj_next_dist_19zsb-q._.js:776
[ 1454351ms] [LOG] [Fast Refresh] done in 62ms @ http://localhost:3000/_next/static/chunks/0stj_next_dist_19zsb-q._.js:776
[ 1454414ms] [LOG] [Fast Refresh] done in 62ms @ http://localhost:3000/_next/static/chunks/0stj_next_dist_19zsb-q._.js:776
[ 1454475ms] [LOG] [Fast Refresh] done in 62ms @ http://localhost:3000/_next/static/chunks/0stj_next_dist_19zsb-q._.js:776
[ 1454536ms] [LOG] [Fast Refresh] done in 62ms @ http://localhost:3000/_next/static/chunks/0stj_next_dist_19zsb-q._.js:776
[ 1454600ms] [LOG] [Fast Refresh] done in 62ms @ http://localhost:3000/_next/static/chunks/0stj_next_dist_19zsb-q._.js:776
[ 1454662ms] [LOG] [Fast Refresh] done in 62ms @ http://localhost:3000/_next/static/chunks/0stj_next_dist_19zsb-q._.js:776
[ 1454724ms] [LOG] [Fast Refresh] done in 62ms @ http://localhost:3000/_next/static/chunks/0stj_next_dist_19zsb-q._.js:776
[ 1454785ms] [LOG] [Fast Refresh] done in 62ms @ http://localhost:3000/_next/static/chunks/0stj_next_dist_19zsb-q._.js:776
[ 1454848ms] [LOG] [Fast Refresh] done in 62ms @ http://localhost:3000/_next/static/chunks/0stj_next_dist_19zsb-q._.js:776
[ 1454911ms] [LOG] [Fast Refresh] done in 62ms @ http://localhost:3000/_next/static/chunks/0stj_next_dist_19zsb-q._.js:776
[ 1454972ms] [LOG] [Fast Refresh] done in 62ms @ http://localhost:3000/_next/static/chunks/0stj_next_dist_19zsb-q._.js:776
[ 1455034ms] [LOG] [Fast Refresh] done in 62ms @ http://localhost:3000/_next/static/chunks/0stj_next_dist_19zsb-q._.js:776
[ 1455096ms] [LOG] [Fast Refresh] done in 62ms @ http://localhost:3000/_next/static/chunks/0stj_next_dist_19zsb-q._.js:776
[ 1455159ms] [LOG] [Fast Refresh] done in 62ms @ http://localhost:3000/_next/static/chunks/0stj_next_dist_19zsb-q._.js:776
[ 1455221ms] [LOG] [Fast Refresh] done in 62ms @ http://localhost:3000/_next/static/chunks/0stj_next_dist_19zsb-q._.js:776
[ 1455284ms] [LOG] [Fast Refresh] done in 62ms @ http://localhost:3000/_next/static/chunks/0stj_next_dist_19zsb-q._.js:776
[ 1455346ms] [LOG] [Fast Refresh] done in 62ms @ http://localhost:3000/_next/static/chunks/0stj_next_dist_19zsb-q._.js:776
[ 1455407ms] [LOG] [Fast Refresh] done in 62ms @ http://localhost:3000/_next/static/chunks/0stj_next_dist_19zsb-q._.js:776
[ 1455471ms] [LOG] [Fast Refresh] done in 62ms @ http://localhost:3000/_next/static/chunks/0stj_next_dist_19zsb-q._.js:776
[ 1455534ms] [LOG] [Fast Refresh] done in 62ms @ http://localhost:3000/_next/static/chunks/0stj_next_dist_19zsb-q._.js:776
[ 1455595ms] [LOG] [Fast Refresh] done in 62ms @ http://localhost:3000/_next/static/chunks/0stj_next_dist_19zsb-q._.js:776
[ 1455657ms] [LOG] [Fast Refresh] done in 62ms @ http://localhost:3000/_next/static/chunks/0stj_next_dist_19zsb-q._.js:776
[ 1455719ms] [LOG] [Fast Refresh] done in 62ms @ http://localhost:3000/_next/static/chunks/0stj_next_dist_19zsb-q._.js:776
[ 1455781ms] [LOG] [Fast Refresh] done in 62ms @ http://localhost:3000/_next/static/chunks/0stj_next_dist_19zsb-q._.js:776
[ 1455842ms] [LOG] [Fast Refresh] done in 62ms @ http://localhost:3000/_next/static/chunks/0stj_next_dist_19zsb-q._.js:776
[ 1455904ms] [LOG] [Fast Refresh] done in 62ms @ http://localhost:3000/_next/static/chunks/0stj_next_dist_19zsb-q._.js:776
[ 1455966ms] [LOG] [Fast Refresh] done in 62ms @ http://localhost:3000/_next/static/chunks/0stj_next_dist_19zsb-q._.js:776
[ 1456030ms] [LOG] [Fast Refresh] done in 62ms @ http://localhost:3000/_next/static/chunks/0stj_next_dist_19zsb-q._.js:776
[ 1456090ms] [LOG] [Fast Refresh] done in 62ms @ http://localhost:3000/_next/static/chunks/0stj_next_dist_19zsb-q._.js:776
[ 1456152ms] [LOG] [Fast Refresh] done in 62ms @ http://localhost:3000/_next/static/chunks/0stj_next_dist_19zsb-q._.js:776
[ 1456215ms] [LOG] [Fast Refresh] done in 62ms @ http://localhost:3000/_next/static/chunks/0stj_next_dist_19zsb-q._.js:776
[ 1456277ms] [LOG] [Fast Refresh] done in 62ms @ http://localhost:3000/_next/static/chunks/0stj_next_dist_19zsb-q._.js:776
[ 1456339ms] [LOG] [Fast Refresh] done in 62ms @ http://localhost:3000/_next/static/chunks/0stj_next_dist_19zsb-q._.js:776
[ 1456401ms] [LOG] [Fast Refresh] done in 62ms @ http://localhost:3000/_next/static/chunks/0stj_next_dist_19zsb-q._.js:776
[ 1456464ms] [LOG] [Fast Refresh] done in 62ms @ http://localhost:3000/_next/static/chunks/0stj_next_dist_19zsb-q._.js:776
[ 1456526ms] [LOG] [Fast Refresh] done in 62ms @ http://localhost:3000/_next/static/chunks/0stj_next_dist_19zsb-q._.js:776
[ 1456588ms] [LOG] [Fast Refresh] done in 62ms @ http://localhost:3000/_next/static/chunks/0stj_next_dist_19zsb-q._.js:776
[ 1456651ms] [LOG] [Fast Refresh] done in 62ms @ http://localhost:3000/_next/static/chunks/0stj_next_dist_19zsb-q._.js:776
[ 1456712ms] [LOG] [Fast Refresh] done in 62ms @ http://localhost:3000/_next/static/chunks/0stj_next_dist_19zsb-q._.js:776
[ 1456774ms] [LOG] [Fast Refresh] done in 62ms @ http://localhost:3000/_next/static/chunks/0stj_next_dist_19zsb-q._.js:776
[ 1456836ms] [LOG] [Fast Refresh] done in 62ms @ http://localhost:3000/_next/static/chunks/0stj_next_dist_19zsb-q._.js:776
[ 1456898ms] [LOG] [Fast Refresh] done in 62ms @ http://localhost:3000/_next/static/chunks/0stj_next_dist_19zsb-q._.js:776
[ 1456961ms] [LOG] [Fast Refresh] done in 62ms @ http://localhost:3000/_next/static/chunks/0stj_next_dist_19zsb-q._.js:776
[ 1457024ms] [LOG] [Fast Refresh] done in 62ms @ http://localhost:3000/_next/static/chunks/0stj_next_dist_19zsb-q._.js:776
[ 1457086ms] [LOG] [Fast Refresh] done in 62ms @ http://localhost:3000/_next/static/chunks/0stj_next_dist_19zsb-q._.js:776
[ 1457148ms] [LOG] [Fast Refresh] done in 62ms @ http://localhost:3000/_next/static/chunks/0stj_next_dist_19zsb-q._.js:776
[ 1457210ms] [LOG] [Fast Refresh] done in 62ms @ http://localhost:3000/_next/static/chunks/0stj_next_dist_19zsb-q._.js:776
[ 1457272ms] [LOG] [Fast Refresh] done in 62ms @ http://localhost:3000/_next/static/chunks/0stj_next_dist_19zsb-q._.js:776
[ 1457334ms] [LOG] [Fast Refresh] done in 62ms @ http://localhost:3000/_next/static/chunks/0stj_next_dist_19zsb-q._.js:776
[ 1457395ms] [LOG] [Fast Refresh] done in 62ms @ http://localhost:3000/_next/static/chunks/0stj_next_dist_19zsb-q._.js:776
[ 1457456ms] [LOG] [Fast Refresh] done in 62ms @ http://localhost:3000/_next/static/chunks/0stj_next_dist_19zsb-q._.js:776
[ 1457518ms] [LOG] [Fast Refresh] done in 62ms @ http://localhost:3000/_next/static/chunks/0stj_next_dist_19zsb-q._.js:776
[ 1457578ms] [LOG] [Fast Refresh] done in 62ms @ http://localhost:3000/_next/static/chunks/0stj_next_dist_19zsb-q._.js:776
[ 1457641ms] [LOG] [Fast Refresh] done in 62ms @ http://localhost:3000/_next/static/chunks/0stj_next_dist_19zsb-q._.js:776
[ 1457702ms] [LOG] [Fast Refresh] done in 62ms @ http://localhost:3000/_next/static/chunks/0stj_next_dist_19zsb-q._.js:776
[ 1457765ms] [LOG] [Fast Refresh] done in 62ms @ http://localhost:3000/_next/static/chunks/0stj_next_dist_19zsb-q._.js:776
[ 1457828ms] [LOG] [Fast Refresh] done in 62ms @ http://localhost:3000/_next/static/chunks/0stj_next_dist_19zsb-q._.js:776
[ 1457891ms] [LOG] [Fast Refresh] done in 62ms @ http://localhost:3000/_next/static/chunks/0stj_next_dist_19zsb-q._.js:776
[ 1457951ms] [LOG] [Fast Refresh] done in 62ms @ http://localhost:3000/_next/static/chunks/0stj_next_dist_19zsb-q._.js:776
[ 1458015ms] [LOG] [Fast Refresh] done in 62ms @ http://localhost:3000/_next/static/chunks/0stj_next_dist_19zsb-q._.js:776
[ 1458075ms] [LOG] [Fast Refresh] done in 62ms @ http://localhost:3000/_next/static/chunks/0stj_next_dist_19zsb-q._.js:776
[ 1458138ms] [LOG] [Fast Refresh] done in 62ms @ http://localhost:3000/_next/static/chunks/0stj_next_dist_19zsb-q._.js:776
[ 1458201ms] [LOG] [Fast Refresh] done in 62ms @ http://localhost:3000/_next/static/chunks/0stj_next_dist_19zsb-q._.js:776
[ 1458263ms] [LOG] [Fast Refresh] done in 62ms @ http://localhost:3000/_next/static/chunks/0stj_next_dist_19zsb-q._.js:776
[ 1458327ms] [LOG] [Fast Refresh] done in 62ms @ http://localhost:3000/_next/static/chunks/0stj_next_dist_19zsb-q._.js:776
[ 1458390ms] [LOG] [Fast Refresh] done in 62ms @ http://localhost:3000/_next/static/chunks/0stj_next_dist_19zsb-q._.js:776
[ 1458454ms] [LOG] [Fast Refresh] done in 62ms @ http://localhost:3000/_next/static/chunks/0stj_next_dist_19zsb-q._.js:776
[ 1458516ms] [LOG] [Fast Refresh] done in 62ms @ http://localhost:3000/_next/static/chunks/0stj_next_dist_19zsb-q._.js:776
[ 1458577ms] [LOG] [Fast Refresh] done in 62ms @ http://localhost:3000/_next/static/chunks/0stj_next_dist_19zsb-q._.js:776
[ 1458640ms] [LOG] [Fast Refresh] done in 62ms @ http://localhost:3000/_next/static/chunks/0stj_next_dist_19zsb-q._.js:776
[ 1458702ms] [LOG] [Fast Refresh] done in 62ms @ http://localhost:3000/_next/static/chunks/0stj_next_dist_19zsb-q._.js:776
[ 1458764ms] [LOG] [Fast Refresh] done in 62ms @ http://localhost:3000/_next/static/chunks/0stj_next_dist_19zsb-q._.js:776
[ 1458826ms] [LOG] [Fast Refresh] done in 62ms @ http://localhost:3000/_next/static/chunks/0stj_next_dist_19zsb-q._.js:776
[ 1458888ms] [LOG] [Fast Refresh] done in 62ms @ http://localhost:3000/_next/static/chunks/0stj_next_dist_19zsb-q._.js:776
[ 1458951ms] [LOG] [Fast Refresh] done in 62ms @ http://localhost:3000/_next/static/chunks/0stj_next_dist_19zsb-q._.js:776
[ 1459014ms] [LOG] [Fast Refresh] done in 62ms @ http://localhost:3000/_next/static/chunks/0stj_next_dist_19zsb-q._.js:776
[ 1459076ms] [LOG] [Fast Refresh] done in 62ms @ http://localhost:3000/_next/static/chunks/0stj_next_dist_19zsb-q._.js:776
[ 1459139ms] [LOG] [Fast Refresh] done in 62ms @ http://localhost:3000/_next/static/chunks/0stj_next_dist_19zsb-q._.js:776
[ 1459201ms] [LOG] [Fast Refresh] done in 62ms @ http://localhost:3000/_next/static/chunks/0stj_next_dist_19zsb-q._.js:776
[ 1459262ms] [LOG] [Fast Refresh] done in 62ms @ http://localhost:3000/_next/static/chunks/0stj_next_dist_19zsb-q._.js:776
[ 1459325ms] [LOG] [Fast Refresh] done in 62ms @ http://localhost:3000/_next/static/chunks/0stj_next_dist_19zsb-q._.js:776
[ 1459388ms] [LOG] [Fast Refresh] done in 62ms @ http://localhost:3000/_next/static/chunks/0stj_next_dist_19zsb-q._.js:776
[ 1459449ms] [LOG] [Fast Refresh] done in 62ms @ http://localhost:3000/_next/static/chunks/0stj_next_dist_19zsb-q._.js:776
[ 1459510ms] [LOG] [Fast Refresh] done in 62ms @ http://localhost:3000/_next/static/chunks/0stj_next_dist_19zsb-q._.js:776
[ 1459572ms] [LOG] [Fast Refresh] done in 62ms @ http://localhost:3000/_next/static/chunks/0stj_next_dist_19zsb-q._.js:776
[ 1459635ms] [LOG] [Fast Refresh] done in 62ms @ http://localhost:3000/_next/static/chunks/0stj_next_dist_19zsb-q._.js:776
[ 1459698ms] [LOG] [Fast Refresh] done in 62ms @ http://localhost:3000/_next/static/chunks/0stj_next_dist_19zsb-q._.js:776
[ 1459761ms] [LOG] [Fast Refresh] done in 62ms @ http://localhost:3000/_next/static/chunks/0stj_next_dist_19zsb-q._.js:776
[ 1459823ms] [LOG] [Fast Refresh] done in 62ms @ http://localhost:3000/_next/static/chunks/0stj_next_dist_19zsb-q._.js:776
[ 1459885ms] [LOG] [Fast Refresh] done in 62ms @ http://localhost:3000/_next/static/chunks/0stj_next_dist_19zsb-q._.js:776
[ 1459947ms] [LOG] [Fast Refresh] done in 62ms @ http://localhost:3000/_next/static/chunks/0stj_next_dist_19zsb-q._.js:776
[ 1460010ms] [LOG] [Fast Refresh] done in 62ms @ http://localhost:3000/_next/static/chunks/0stj_next_dist_19zsb-q._.js:776
[ 1460072ms] [LOG] [Fast Refresh] done in 62ms @ http://localhost:3000/_next/static/chunks/0stj_next_dist_19zsb-q._.js:776
[ 1460133ms] [LOG] [Fast Refresh] done in 62ms @ http://localhost:3000/_next/static/chunks/0stj_next_dist_19zsb-q._.js:776
[ 1460196ms] [LOG] [Fast Refresh] done in 62ms @ http://localhost:3000/_next/static/chunks/0stj_next_dist_19zsb-q._.js:776
[ 1460257ms] [LOG] [Fast Refresh] done in 62ms @ http://localhost:3000/_next/static/chunks/0stj_next_dist_19zsb-q._.js:776
[ 1460319ms] [LOG] [Fast Refresh] done in 62ms @ http://localhost:3000/_next/static/chunks/0stj_next_dist_19zsb-q._.js:776
[ 1460382ms] [LOG] [Fast Refresh] done in 62ms @ http://localhost:3000/_next/static/chunks/0stj_next_dist_19zsb-q._.js:776
[ 1460444ms] [LOG] [Fast Refresh] done in 62ms @ http://localhost:3000/_next/static/chunks/0stj_next_dist_19zsb-q._.js:776
[ 1460506ms] [LOG] [Fast Refresh] done in 62ms @ http://localhost:3000/_next/static/chunks/0stj_next_dist_19zsb-q._.js:776
[ 1460568ms] [LOG] [Fast Refresh] done in 62ms @ http://localhost:3000/_next/static/chunks/0stj_next_dist_19zsb-q._.js:776
[ 1460630ms] [LOG] [Fast Refresh] done in 62ms @ http://localhost:3000/_next/static/chunks/0stj_next_dist_19zsb-q._.js:776
[ 1460693ms] [LOG] [Fast Refresh] done in 62ms @ http://localhost:3000/_next/static/chunks/0stj_next_dist_19zsb-q._.js:776
[ 1460755ms] [LOG] [Fast Refresh] done in 62ms @ http://localhost:3000/_next/static/chunks/0stj_next_dist_19zsb-q._.js:776
[ 1460818ms] [LOG] [Fast Refresh] done in 62ms @ http://localhost:3000/_next/static/chunks/0stj_next_dist_19zsb-q._.js:776
[ 1460880ms] [LOG] [Fast Refresh] done in 62ms @ http://localhost:3000/_next/static/chunks/0stj_next_dist_19zsb-q._.js:776
[ 1460942ms] [LOG] [Fast Refresh] done in 62ms @ http://localhost:3000/_next/static/chunks/0stj_next_dist_19zsb-q._.js:776
[ 1461003ms] [LOG] [Fast Refresh] done in 62ms @ http://localhost:3000/_next/static/chunks/0stj_next_dist_19zsb-q._.js:776
[ 1461066ms] [LOG] [Fast Refresh] done in 62ms @ http://localhost:3000/_next/static/chunks/0stj_next_dist_19zsb-q._.js:776
[ 1461127ms] [LOG] [Fast Refresh] done in 62ms @ http://localhost:3000/_next/static/chunks/0stj_next_dist_19zsb-q._.js:776
[ 1461191ms] [LOG] [Fast Refresh] done in 62ms @ http://localhost:3000/_next/static/chunks/0stj_next_dist_19zsb-q._.js:776
[ 1461252ms] [LOG] [Fast Refresh] done in 62ms @ http://localhost:3000/_next/static/chunks/0stj_next_dist_19zsb-q._.js:776
[ 1461315ms] [LOG] [Fast Refresh] done in 62ms @ http://localhost:3000/_next/static/chunks/0stj_next_dist_19zsb-q._.js:776
[ 1461377ms] [LOG] [Fast Refresh] done in 62ms @ http://localhost:3000/_next/static/chunks/0stj_next_dist_19zsb-q._.js:776
[ 1461440ms] [LOG] [Fast Refresh] done in 62ms @ http://localhost:3000/_next/static/chunks/0stj_next_dist_19zsb-q._.js:776
[ 1461503ms] [LOG] [Fast Refresh] done in 62ms @ http://localhost:3000/_next/static/chunks/0stj_next_dist_19zsb-q._.js:776
[ 1461566ms] [LOG] [Fast Refresh] done in 62ms @ http://localhost:3000/_next/static/chunks/0stj_next_dist_19zsb-q._.js:776
[ 1461627ms] [LOG] [Fast Refresh] done in 62ms @ http://localhost:3000/_next/static/chunks/0stj_next_dist_19zsb-q._.js:776
[ 1461689ms] [LOG] [Fast Refresh] done in 62ms @ http://localhost:3000/_next/static/chunks/0stj_next_dist_19zsb-q._.js:776
[ 1461750ms] [LOG] [Fast Refresh] done in 62ms @ http://localhost:3000/_next/static/chunks/0stj_next_dist_19zsb-q._.js:776
[ 1461812ms] [LOG] [Fast Refresh] done in 62ms @ http://localhost:3000/_next/static/chunks/0stj_next_dist_19zsb-q._.js:776
[ 1461875ms] [LOG] [Fast Refresh] done in 62ms @ http://localhost:3000/_next/static/chunks/0stj_next_dist_19zsb-q._.js:776
[ 1461938ms] [LOG] [Fast Refresh] done in 62ms @ http://localhost:3000/_next/static/chunks/0stj_next_dist_19zsb-q._.js:776
[ 1461999ms] [LOG] [Fast Refresh] done in 62ms @ http://localhost:3000/_next/static/chunks/0stj_next_dist_19zsb-q._.js:776
[ 1462061ms] [LOG] [Fast Refresh] done in 62ms @ http://localhost:3000/_next/static/chunks/0stj_next_dist_19zsb-q._.js:776
[ 1462124ms] [LOG] [Fast Refresh] done in 62ms @ http://localhost:3000/_next/static/chunks/0stj_next_dist_19zsb-q._.js:776
[ 1462185ms] [LOG] [Fast Refresh] done in 62ms @ http://localhost:3000/_next/static/chunks/0stj_next_dist_19zsb-q._.js:776
[ 1462247ms] [LOG] [Fast Refresh] done in 62ms @ http://localhost:3000/_next/static/chunks/0stj_next_dist_19zsb-q._.js:776
[ 1462310ms] [LOG] [Fast Refresh] done in 62ms @ http://localhost:3000/_next/static/chunks/0stj_next_dist_19zsb-q._.js:776
[ 1462372ms] [LOG] [Fast Refresh] done in 62ms @ http://localhost:3000/_next/static/chunks/0stj_next_dist_19zsb-q._.js:776
[ 1462435ms] [LOG] [Fast Refresh] done in 62ms @ http://localhost:3000/_next/static/chunks/0stj_next_dist_19zsb-q._.js:776
[ 1462497ms] [LOG] [Fast Refresh] done in 62ms @ http://localhost:3000/_next/static/chunks/0stj_next_dist_19zsb-q._.js:776
[ 1462560ms] [LOG] [Fast Refresh] done in 62ms @ http://localhost:3000/_next/static/chunks/0stj_next_dist_19zsb-q._.js:776
[ 1462623ms] [LOG] [Fast Refresh] done in 62ms @ http://localhost:3000/_next/static/chunks/0stj_next_dist_19zsb-q._.js:776
[ 1462686ms] [LOG] [Fast Refresh] done in 62ms @ http://localhost:3000/_next/static/chunks/0stj_next_dist_19zsb-q._.js:776
[ 1462748ms] [LOG] [Fast Refresh] done in 62ms @ http://localhost:3000/_next/static/chunks/0stj_next_dist_19zsb-q._.js:776
[ 1462811ms] [LOG] [Fast Refresh] done in 62ms @ http://localhost:3000/_next/static/chunks/0stj_next_dist_19zsb-q._.js:776
[ 1462874ms] [LOG] [Fast Refresh] done in 62ms @ http://localhost:3000/_next/static/chunks/0stj_next_dist_19zsb-q._.js:776
[ 1462936ms] [LOG] [Fast Refresh] done in 62ms @ http://localhost:3000/_next/static/chunks/0stj_next_dist_19zsb-q._.js:776
[ 1462999ms] [LOG] [Fast Refresh] done in 62ms @ http://localhost:3000/_next/static/chunks/0stj_next_dist_19zsb-q._.js:776
[ 1463062ms] [LOG] [Fast Refresh] done in 62ms @ http://localhost:3000/_next/static/chunks/0stj_next_dist_19zsb-q._.js:776
[ 1463124ms] [LOG] [Fast Refresh] done in 62ms @ http://localhost:3000/_next/static/chunks/0stj_next_dist_19zsb-q._.js:776
[ 1463186ms] [LOG] [Fast Refresh] done in 62ms @ http://localhost:3000/_next/static/chunks/0stj_next_dist_19zsb-q._.js:776
[ 1463250ms] [LOG] [Fast Refresh] done in 62ms @ http://localhost:3000/_next/static/chunks/0stj_next_dist_19zsb-q._.js:776
[ 1463312ms] [LOG] [Fast Refresh] done in 62ms @ http://localhost:3000/_next/static/chunks/0stj_next_dist_19zsb-q._.js:776
[ 1463376ms] [LOG] [Fast Refresh] done in 62ms @ http://localhost:3000/_next/static/chunks/0stj_next_dist_19zsb-q._.js:776
[ 1463439ms] [LOG] [Fast Refresh] done in 62ms @ http://localhost:3000/_next/static/chunks/0stj_next_dist_19zsb-q._.js:776
[ 1463502ms] [LOG] [Fast Refresh] done in 62ms @ http://localhost:3000/_next/static/chunks/0stj_next_dist_19zsb-q._.js:776
[ 1463565ms] [LOG] [Fast Refresh] done in 62ms @ http://localhost:3000/_next/static/chunks/0stj_next_dist_19zsb-q._.js:776
[ 1463627ms] [LOG] [Fast Refresh] done in 62ms @ http://localhost:3000/_next/static/chunks/0stj_next_dist_19zsb-q._.js:776
[ 1463690ms] [LOG] [Fast Refresh] done in 62ms @ http://localhost:3000/_next/static/chunks/0stj_next_dist_19zsb-q._.js:776
[ 1463752ms] [LOG] [Fast Refresh] done in 62ms @ http://localhost:3000/_next/static/chunks/0stj_next_dist_19zsb-q._.js:776
[ 1463814ms] [LOG] [Fast Refresh] done in 62ms @ http://localhost:3000/_next/static/chunks/0stj_next_dist_19zsb-q._.js:776
[ 1463877ms] [LOG] [Fast Refresh] done in 62ms @ http://localhost:3000/_next/static/chunks/0stj_next_dist_19zsb-q._.js:776
[ 1463940ms] [LOG] [Fast Refresh] done in 62ms @ http://localhost:3000/_next/static/chunks/0stj_next_dist_19zsb-q._.js:776
[ 1464002ms] [LOG] [Fast Refresh] done in 62ms @ http://localhost:3000/_next/static/chunks/0stj_next_dist_19zsb-q._.js:776
[ 1464062ms] [LOG] [Fast Refresh] done in 62ms @ http://localhost:3000/_next/static/chunks/0stj_next_dist_19zsb-q._.js:776
[ 1464125ms] [LOG] [Fast Refresh] done in 62ms @ http://localhost:3000/_next/static/chunks/0stj_next_dist_19zsb-q._.js:776
[ 1464187ms] [LOG] [Fast Refresh] done in 62ms @ http://localhost:3000/_next/static/chunks/0stj_next_dist_19zsb-q._.js:776
[ 1464248ms] [LOG] [Fast Refresh] done in 62ms @ http://localhost:3000/_next/static/chunks/0stj_next_dist_19zsb-q._.js:776
[ 1464309ms] [LOG] [Fast Refresh] done in 62ms @ http://localhost:3000/_next/static/chunks/0stj_next_dist_19zsb-q._.js:776
[ 1464373ms] [LOG] [Fast Refresh] done in 62ms @ http://localhost:3000/_next/static/chunks/0stj_next_dist_19zsb-q._.js:776
[ 1464435ms] [LOG] [Fast Refresh] done in 62ms @ http://localhost:3000/_next/static/chunks/0stj_next_dist_19zsb-q._.js:776
[ 1464495ms] [LOG] [Fast Refresh] done in 62ms @ http://localhost:3000/_next/static/chunks/0stj_next_dist_19zsb-q._.js:776
[ 1464557ms] [LOG] [Fast Refresh] done in 62ms @ http://localhost:3000/_next/static/chunks/0stj_next_dist_19zsb-q._.js:776
[ 1464620ms] [LOG] [Fast Refresh] done in 62ms @ http://localhost:3000/_next/static/chunks/0stj_next_dist_19zsb-q._.js:776
[ 1464682ms] [LOG] [Fast Refresh] done in 62ms @ http://localhost:3000/_next/static/chunks/0stj_next_dist_19zsb-q._.js:776
[ 1464745ms] [LOG] [Fast Refresh] done in 62ms @ http://localhost:3000/_next/static/chunks/0stj_next_dist_19zsb-q._.js:776
[ 1464807ms] [LOG] [Fast Refresh] done in 62ms @ http://localhost:3000/_next/static/chunks/0stj_next_dist_19zsb-q._.js:776
[ 1464868ms] [LOG] [Fast Refresh] done in 62ms @ http://localhost:3000/_next/static/chunks/0stj_next_dist_19zsb-q._.js:776
[ 1464931ms] [LOG] [Fast Refresh] done in 62ms @ http://localhost:3000/_next/static/chunks/0stj_next_dist_19zsb-q._.js:776
[ 1464992ms] [LOG] [Fast Refresh] done in 62ms @ http://localhost:3000/_next/static/chunks/0stj_next_dist_19zsb-q._.js:776
[ 1465054ms] [LOG] [Fast Refresh] done in 62ms @ http://localhost:3000/_next/static/chunks/0stj_next_dist_19zsb-q._.js:776
[ 1465115ms] [LOG] [Fast Refresh] done in 62ms @ http://localhost:3000/_next/static/chunks/0stj_next_dist_19zsb-q._.js:776
[ 1465179ms] [LOG] [Fast Refresh] done in 62ms @ http://localhost:3000/_next/static/chunks/0stj_next_dist_19zsb-q._.js:776
[ 1465242ms] [LOG] [Fast Refresh] done in 62ms @ http://localhost:3000/_next/static/chunks/0stj_next_dist_19zsb-q._.js:776
[ 1465305ms] [LOG] [Fast Refresh] done in 62ms @ http://localhost:3000/_next/static/chunks/0stj_next_dist_19zsb-q._.js:776
[ 1465367ms] [LOG] [Fast Refresh] done in 62ms @ http://localhost:3000/_next/static/chunks/0stj_next_dist_19zsb-q._.js:776
[ 1465431ms] [LOG] [Fast Refresh] done in 62ms @ http://localhost:3000/_next/static/chunks/0stj_next_dist_19zsb-q._.js:776
[ 1465493ms] [LOG] [Fast Refresh] done in 62ms @ http://localhost:3000/_next/static/chunks/0stj_next_dist_19zsb-q._.js:776
[ 1465556ms] [LOG] [Fast Refresh] done in 62ms @ http://localhost:3000/_next/static/chunks/0stj_next_dist_19zsb-q._.js:776
[ 1465619ms] [LOG] [Fast Refresh] done in 62ms @ http://localhost:3000/_next/static/chunks/0stj_next_dist_19zsb-q._.js:776
[ 1465682ms] [LOG] [Fast Refresh] done in 62ms @ http://localhost:3000/_next/static/chunks/0stj_next_dist_19zsb-q._.js:776
[ 1465744ms] [LOG] [Fast Refresh] done in 62ms @ http://localhost:3000/_next/static/chunks/0stj_next_dist_19zsb-q._.js:776
[ 1465805ms] [LOG] [Fast Refresh] done in 62ms @ http://localhost:3000/_next/static/chunks/0stj_next_dist_19zsb-q._.js:776
[ 1465868ms] [LOG] [Fast Refresh] done in 62ms @ http://localhost:3000/_next/static/chunks/0stj_next_dist_19zsb-q._.js:776
[ 1465929ms] [LOG] [Fast Refresh] done in 62ms @ http://localhost:3000/_next/static/chunks/0stj_next_dist_19zsb-q._.js:776
[ 1465992ms] [LOG] [Fast Refresh] done in 62ms @ http://localhost:3000/_next/static/chunks/0stj_next_dist_19zsb-q._.js:776
[ 1466054ms] [LOG] [Fast Refresh] done in 62ms @ http://localhost:3000/_next/static/chunks/0stj_next_dist_19zsb-q._.js:776
[ 1466117ms] [LOG] [Fast Refresh] done in 62ms @ http://localhost:3000/_next/static/chunks/0stj_next_dist_19zsb-q._.js:776
[ 1466179ms] [LOG] [Fast Refresh] done in 62ms @ http://localhost:3000/_next/static/chunks/0stj_next_dist_19zsb-q._.js:776
[ 1466243ms] [LOG] [Fast Refresh] done in 62ms @ http://localhost:3000/_next/static/chunks/0stj_next_dist_19zsb-q._.js:776
[ 1466306ms] [LOG] [Fast Refresh] done in 62ms @ http://localhost:3000/_next/static/chunks/0stj_next_dist_19zsb-q._.js:776
[ 1466370ms] [LOG] [Fast Refresh] done in 62ms @ http://localhost:3000/_next/static/chunks/0stj_next_dist_19zsb-q._.js:776
[ 1466433ms] [LOG] [Fast Refresh] done in 62ms @ http://localhost:3000/_next/static/chunks/0stj_next_dist_19zsb-q._.js:776
[ 1466497ms] [LOG] [Fast Refresh] done in 62ms @ http://localhost:3000/_next/static/chunks/0stj_next_dist_19zsb-q._.js:776
[ 1466561ms] [LOG] [Fast Refresh] done in 62ms @ http://localhost:3000/_next/static/chunks/0stj_next_dist_19zsb-q._.js:776
[ 1466624ms] [LOG] [Fast Refresh] done in 62ms @ http://localhost:3000/_next/static/chunks/0stj_next_dist_19zsb-q._.js:776
[ 1466686ms] [LOG] [Fast Refresh] done in 62ms @ http://localhost:3000/_next/static/chunks/0stj_next_dist_19zsb-q._.js:776
[ 1466750ms] [LOG] [Fast Refresh] done in 62ms @ http://localhost:3000/_next/static/chunks/0stj_next_dist_19zsb-q._.js:776
[ 1466813ms] [LOG] [Fast Refresh] done in 62ms @ http://localhost:3000/_next/static/chunks/0stj_next_dist_19zsb-q._.js:776
[ 1466877ms] [LOG] [Fast Refresh] done in 62ms @ http://localhost:3000/_next/static/chunks/0stj_next_dist_19zsb-q._.js:776
[ 1466940ms] [LOG] [Fast Refresh] done in 62ms @ http://localhost:3000/_next/static/chunks/0stj_next_dist_19zsb-q._.js:776
[ 1467002ms] [LOG] [Fast Refresh] done in 62ms @ http://localhost:3000/_next/static/chunks/0stj_next_dist_19zsb-q._.js:776
[ 1467065ms] [LOG] [Fast Refresh] done in 62ms @ http://localhost:3000/_next/static/chunks/0stj_next_dist_19zsb-q._.js:776
[ 1467128ms] [LOG] [Fast Refresh] done in 62ms @ http://localhost:3000/_next/static/chunks/0stj_next_dist_19zsb-q._.js:776
[ 1467188ms] [LOG] [Fast Refresh] done in 62ms @ http://localhost:3000/_next/static/chunks/0stj_next_dist_19zsb-q._.js:776
[ 1467250ms] [LOG] [Fast Refresh] done in 62ms @ http://localhost:3000/_next/static/chunks/0stj_next_dist_19zsb-q._.js:776
[ 1467313ms] [LOG] [Fast Refresh] done in 62ms @ http://localhost:3000/_next/static/chunks/0stj_next_dist_19zsb-q._.js:776
[ 1467375ms] [LOG] [Fast Refresh] done in 62ms @ http://localhost:3000/_next/static/chunks/0stj_next_dist_19zsb-q._.js:776
[ 1467439ms] [LOG] [Fast Refresh] done in 62ms @ http://localhost:3000/_next/static/chunks/0stj_next_dist_19zsb-q._.js:776
[ 1467501ms] [LOG] [Fast Refresh] done in 62ms @ http://localhost:3000/_next/static/chunks/0stj_next_dist_19zsb-q._.js:776
[ 1467562ms] [LOG] [Fast Refresh] done in 62ms @ http://localhost:3000/_next/static/chunks/0stj_next_dist_19zsb-q._.js:776
[ 1467624ms] [LOG] [Fast Refresh] done in 62ms @ http://localhost:3000/_next/static/chunks/0stj_next_dist_19zsb-q._.js:776
[ 1467687ms] [LOG] [Fast Refresh] done in 62ms @ http://localhost:3000/_next/static/chunks/0stj_next_dist_19zsb-q._.js:776
[ 1467749ms] [LOG] [Fast Refresh] done in 62ms @ http://localhost:3000/_next/static/chunks/0stj_next_dist_19zsb-q._.js:776
[ 1467812ms] [LOG] [Fast Refresh] done in 62ms @ http://localhost:3000/_next/static/chunks/0stj_next_dist_19zsb-q._.js:776
[ 1467874ms] [LOG] [Fast Refresh] done in 62ms @ http://localhost:3000/_next/static/chunks/0stj_next_dist_19zsb-q._.js:776
[ 1467936ms] [LOG] [Fast Refresh] done in 62ms @ http://localhost:3000/_next/static/chunks/0stj_next_dist_19zsb-q._.js:776
[ 1467998ms] [LOG] [Fast Refresh] done in 62ms @ http://localhost:3000/_next/static/chunks/0stj_next_dist_19zsb-q._.js:776
[ 1468060ms] [LOG] [Fast Refresh] done in 62ms @ http://localhost:3000/_next/static/chunks/0stj_next_dist_19zsb-q._.js:776
[ 1468122ms] [LOG] [Fast Refresh] done in 62ms @ http://localhost:3000/_next/static/chunks/0stj_next_dist_19zsb-q._.js:776
[ 1468186ms] [LOG] [Fast Refresh] done in 62ms @ http://localhost:3000/_next/static/chunks/0stj_next_dist_19zsb-q._.js:776
[ 1468248ms] [LOG] [Fast Refresh] done in 62ms @ http://localhost:3000/_next/static/chunks/0stj_next_dist_19zsb-q._.js:776
[ 1468310ms] [LOG] [Fast Refresh] done in 62ms @ http://localhost:3000/_next/static/chunks/0stj_next_dist_19zsb-q._.js:776
[ 1468373ms] [LOG] [Fast Refresh] done in 62ms @ http://localhost:3000/_next/static/chunks/0stj_next_dist_19zsb-q._.js:776
[ 1468436ms] [LOG] [Fast Refresh] done in 62ms @ http://localhost:3000/_next/static/chunks/0stj_next_dist_19zsb-q._.js:776
[ 1468498ms] [LOG] [Fast Refresh] done in 62ms @ http://localhost:3000/_next/static/chunks/0stj_next_dist_19zsb-q._.js:776
[ 1468561ms] [LOG] [Fast Refresh] done in 62ms @ http://localhost:3000/_next/static/chunks/0stj_next_dist_19zsb-q._.js:776
[ 1468624ms] [LOG] [Fast Refresh] done in 62ms @ http://localhost:3000/_next/static/chunks/0stj_next_dist_19zsb-q._.js:776
[ 1468686ms] [LOG] [Fast Refresh] done in 62ms @ http://localhost:3000/_next/static/chunks/0stj_next_dist_19zsb-q._.js:776
[ 1468750ms] [LOG] [Fast Refresh] done in 62ms @ http://localhost:3000/_next/static/chunks/0stj_next_dist_19zsb-q._.js:776
[ 1468812ms] [LOG] [Fast Refresh] done in 62ms @ http://localhost:3000/_next/static/chunks/0stj_next_dist_19zsb-q._.js:776
[ 1468874ms] [LOG] [Fast Refresh] done in 62ms @ http://localhost:3000/_next/static/chunks/0stj_next_dist_19zsb-q._.js:776
[ 1468936ms] [LOG] [Fast Refresh] done in 62ms @ http://localhost:3000/_next/static/chunks/0stj_next_dist_19zsb-q._.js:776
[ 1468997ms] [LOG] [Fast Refresh] done in 62ms @ http://localhost:3000/_next/static/chunks/0stj_next_dist_19zsb-q._.js:776
[ 1469059ms] [LOG] [Fast Refresh] done in 62ms @ http://localhost:3000/_next/static/chunks/0stj_next_dist_19zsb-q._.js:776
[ 1469121ms] [LOG] [Fast Refresh] done in 62ms @ http://localhost:3000/_next/static/chunks/0stj_next_dist_19zsb-q._.js:776
[ 1469184ms] [LOG] [Fast Refresh] done in 62ms @ http://localhost:3000/_next/static/chunks/0stj_next_dist_19zsb-q._.js:776
[ 1469247ms] [LOG] [Fast Refresh] done in 62ms @ http://localhost:3000/_next/static/chunks/0stj_next_dist_19zsb-q._.js:776
[ 1469309ms] [LOG] [Fast Refresh] done in 62ms @ http://localhost:3000/_next/static/chunks/0stj_next_dist_19zsb-q._.js:776
[ 1469370ms] [LOG] [Fast Refresh] done in 62ms @ http://localhost:3000/_next/static/chunks/0stj_next_dist_19zsb-q._.js:776
[ 1469432ms] [LOG] [Fast Refresh] done in 62ms @ http://localhost:3000/_next/static/chunks/0stj_next_dist_19zsb-q._.js:776
[ 1469493ms] [LOG] [Fast Refresh] done in 62ms @ http://localhost:3000/_next/static/chunks/0stj_next_dist_19zsb-q._.js:776
[ 1469555ms] [LOG] [Fast Refresh] done in 62ms @ http://localhost:3000/_next/static/chunks/0stj_next_dist_19zsb-q._.js:776
[ 1469618ms] [LOG] [Fast Refresh] done in 62ms @ http://localhost:3000/_next/static/chunks/0stj_next_dist_19zsb-q._.js:776
[ 1469681ms] [LOG] [Fast Refresh] done in 62ms @ http://localhost:3000/_next/static/chunks/0stj_next_dist_19zsb-q._.js:776
[ 1469743ms] [LOG] [Fast Refresh] done in 62ms @ http://localhost:3000/_next/static/chunks/0stj_next_dist_19zsb-q._.js:776
[ 1469805ms] [LOG] [Fast Refresh] done in 62ms @ http://localhost:3000/_next/static/chunks/0stj_next_dist_19zsb-q._.js:776
[ 1469867ms] [LOG] [Fast Refresh] done in 62ms @ http://localhost:3000/_next/static/chunks/0stj_next_dist_19zsb-q._.js:776
[ 1469929ms] [LOG] [Fast Refresh] done in 62ms @ http://localhost:3000/_next/static/chunks/0stj_next_dist_19zsb-q._.js:776
[ 1469989ms] [LOG] [Fast Refresh] done in 62ms @ http://localhost:3000/_next/static/chunks/0stj_next_dist_19zsb-q._.js:776
[ 1470052ms] [LOG] [Fast Refresh] done in 62ms @ http://localhost:3000/_next/static/chunks/0stj_next_dist_19zsb-q._.js:776
[ 1470115ms] [LOG] [Fast Refresh] done in 62ms @ http://localhost:3000/_next/static/chunks/0stj_next_dist_19zsb-q._.js:776
[ 1470177ms] [LOG] [Fast Refresh] done in 62ms @ http://localhost:3000/_next/static/chunks/0stj_next_dist_19zsb-q._.js:776
[ 1470238ms] [LOG] [Fast Refresh] done in 62ms @ http://localhost:3000/_next/static/chunks/0stj_next_dist_19zsb-q._.js:776
[ 1470299ms] [LOG] [Fast Refresh] done in 62ms @ http://localhost:3000/_next/static/chunks/0stj_next_dist_19zsb-q._.js:776
[ 1470361ms] [LOG] [Fast Refresh] done in 62ms @ http://localhost:3000/_next/static/chunks/0stj_next_dist_19zsb-q._.js:776
[ 1470424ms] [LOG] [Fast Refresh] done in 62ms @ http://localhost:3000/_next/static/chunks/0stj_next_dist_19zsb-q._.js:776
[ 1470487ms] [LOG] [Fast Refresh] done in 62ms @ http://localhost:3000/_next/static/chunks/0stj_next_dist_19zsb-q._.js:776
[ 1470549ms] [LOG] [Fast Refresh] done in 62ms @ http://localhost:3000/_next/static/chunks/0stj_next_dist_19zsb-q._.js:776
[ 1470612ms] [LOG] [Fast Refresh] done in 62ms @ http://localhost:3000/_next/static/chunks/0stj_next_dist_19zsb-q._.js:776
[ 1470675ms] [LOG] [Fast Refresh] done in 62ms @ http://localhost:3000/_next/static/chunks/0stj_next_dist_19zsb-q._.js:776
[ 1470738ms] [LOG] [Fast Refresh] done in 62ms @ http://localhost:3000/_next/static/chunks/0stj_next_dist_19zsb-q._.js:776
[ 1470800ms] [LOG] [Fast Refresh] done in 62ms @ http://localhost:3000/_next/static/chunks/0stj_next_dist_19zsb-q._.js:776
[ 1470864ms] [LOG] [Fast Refresh] done in 62ms @ http://localhost:3000/_next/static/chunks/0stj_next_dist_19zsb-q._.js:776
[ 1470926ms] [LOG] [Fast Refresh] done in 62ms @ http://localhost:3000/_next/static/chunks/0stj_next_dist_19zsb-q._.js:776
[ 1470988ms] [LOG] [Fast Refresh] done in 62ms @ http://localhost:3000/_next/static/chunks/0stj_next_dist_19zsb-q._.js:776
[ 1471049ms] [LOG] [Fast Refresh] done in 62ms @ http://localhost:3000/_next/static/chunks/0stj_next_dist_19zsb-q._.js:776
[ 1471111ms] [LOG] [Fast Refresh] done in 62ms @ http://localhost:3000/_next/static/chunks/0stj_next_dist_19zsb-q._.js:776
[ 1471174ms] [LOG] [Fast Refresh] done in 62ms @ http://localhost:3000/_next/static/chunks/0stj_next_dist_19zsb-q._.js:776
[ 1471237ms] [LOG] [Fast Refresh] done in 62ms @ http://localhost:3000/_next/static/chunks/0stj_next_dist_19zsb-q._.js:776
[ 1471299ms] [LOG] [Fast Refresh] done in 62ms @ http://localhost:3000/_next/static/chunks/0stj_next_dist_19zsb-q._.js:776
[ 1471363ms] [LOG] [Fast Refresh] done in 62ms @ http://localhost:3000/_next/static/chunks/0stj_next_dist_19zsb-q._.js:776
[ 1471426ms] [LOG] [Fast Refresh] done in 62ms @ http://localhost:3000/_next/static/chunks/0stj_next_dist_19zsb-q._.js:776
[ 1471489ms] [LOG] [Fast Refresh] done in 62ms @ http://localhost:3000/_next/static/chunks/0stj_next_dist_19zsb-q._.js:776
[ 1471550ms] [LOG] [Fast Refresh] done in 62ms @ http://localhost:3000/_next/static/chunks/0stj_next_dist_19zsb-q._.js:776
[ 1471612ms] [LOG] [Fast Refresh] done in 62ms @ http://localhost:3000/_next/static/chunks/0stj_next_dist_19zsb-q._.js:776
[ 1471674ms] [LOG] [Fast Refresh] done in 62ms @ http://localhost:3000/_next/static/chunks/0stj_next_dist_19zsb-q._.js:776
[ 1471737ms] [LOG] [Fast Refresh] done in 62ms @ http://localhost:3000/_next/static/chunks/0stj_next_dist_19zsb-q._.js:776
[ 1471798ms] [LOG] [Fast Refresh] done in 62ms @ http://localhost:3000/_next/static/chunks/0stj_next_dist_19zsb-q._.js:776
[ 1471860ms] [LOG] [Fast Refresh] done in 62ms @ http://localhost:3000/_next/static/chunks/0stj_next_dist_19zsb-q._.js:776
[ 1471924ms] [LOG] [Fast Refresh] done in 62ms @ http://localhost:3000/_next/static/chunks/0stj_next_dist_19zsb-q._.js:776
[ 1471987ms] [LOG] [Fast Refresh] done in 62ms @ http://localhost:3000/_next/static/chunks/0stj_next_dist_19zsb-q._.js:776
[ 1472050ms] [LOG] [Fast Refresh] done in 62ms @ http://localhost:3000/_next/static/chunks/0stj_next_dist_19zsb-q._.js:776
[ 1472113ms] [LOG] [Fast Refresh] done in 62ms @ http://localhost:3000/_next/static/chunks/0stj_next_dist_19zsb-q._.js:776
[ 1472175ms] [LOG] [Fast Refresh] done in 62ms @ http://localhost:3000/_next/static/chunks/0stj_next_dist_19zsb-q._.js:776
[ 1472238ms] [LOG] [Fast Refresh] done in 62ms @ http://localhost:3000/_next/static/chunks/0stj_next_dist_19zsb-q._.js:776
[ 1472300ms] [LOG] [Fast Refresh] done in 62ms @ http://localhost:3000/_next/static/chunks/0stj_next_dist_19zsb-q._.js:776
[ 1472362ms] [LOG] [Fast Refresh] done in 62ms @ http://localhost:3000/_next/static/chunks/0stj_next_dist_19zsb-q._.js:776
[ 1472424ms] [LOG] [Fast Refresh] done in 62ms @ http://localhost:3000/_next/static/chunks/0stj_next_dist_19zsb-q._.js:776
[ 1472486ms] [LOG] [Fast Refresh] done in 62ms @ http://localhost:3000/_next/static/chunks/0stj_next_dist_19zsb-q._.js:776
[ 1472548ms] [LOG] [Fast Refresh] done in 62ms @ http://localhost:3000/_next/static/chunks/0stj_next_dist_19zsb-q._.js:776
[ 1472611ms] [LOG] [Fast Refresh] done in 62ms @ http://localhost:3000/_next/static/chunks/0stj_next_dist_19zsb-q._.js:776
[ 1472674ms] [LOG] [Fast Refresh] done in 62ms @ http://localhost:3000/_next/static/chunks/0stj_next_dist_19zsb-q._.js:776
[ 1472737ms] [LOG] [Fast Refresh] done in 62ms @ http://localhost:3000/_next/static/chunks/0stj_next_dist_19zsb-q._.js:776
[ 1472799ms] [LOG] [Fast Refresh] done in 62ms @ http://localhost:3000/_next/static/chunks/0stj_next_dist_19zsb-q._.js:776
[ 1472860ms] [LOG] [Fast Refresh] done in 62ms @ http://localhost:3000/_next/static/chunks/0stj_next_dist_19zsb-q._.js:776
[ 1472922ms] [LOG] [Fast Refresh] done in 62ms @ http://localhost:3000/_next/static/chunks/0stj_next_dist_19zsb-q._.js:776
[ 1472984ms] [LOG] [Fast Refresh] done in 62ms @ http://localhost:3000/_next/static/chunks/0stj_next_dist_19zsb-q._.js:776
[ 1473048ms] [LOG] [Fast Refresh] done in 62ms @ http://localhost:3000/_next/static/chunks/0stj_next_dist_19zsb-q._.js:776
[ 1473110ms] [LOG] [Fast Refresh] done in 62ms @ http://localhost:3000/_next/static/chunks/0stj_next_dist_19zsb-q._.js:776
[ 1473173ms] [LOG] [Fast Refresh] done in 62ms @ http://localhost:3000/_next/static/chunks/0stj_next_dist_19zsb-q._.js:776
[ 1473237ms] [LOG] [Fast Refresh] done in 62ms @ http://localhost:3000/_next/static/chunks/0stj_next_dist_19zsb-q._.js:776
[ 1473298ms] [LOG] [Fast Refresh] done in 62ms @ http://localhost:3000/_next/static/chunks/0stj_next_dist_19zsb-q._.js:776
[ 1473361ms] [LOG] [Fast Refresh] done in 62ms @ http://localhost:3000/_next/static/chunks/0stj_next_dist_19zsb-q._.js:776
[ 1473424ms] [LOG] [Fast Refresh] done in 62ms @ http://localhost:3000/_next/static/chunks/0stj_next_dist_19zsb-q._.js:776
[ 1473486ms] [LOG] [Fast Refresh] done in 62ms @ http://localhost:3000/_next/static/chunks/0stj_next_dist_19zsb-q._.js:776
[ 1473550ms] [LOG] [Fast Refresh] done in 62ms @ http://localhost:3000/_next/static/chunks/0stj_next_dist_19zsb-q._.js:776
[ 1473612ms] [LOG] [Fast Refresh] done in 62ms @ http://localhost:3000/_next/static/chunks/0stj_next_dist_19zsb-q._.js:776
[ 1473674ms] [LOG] [Fast Refresh] done in 62ms @ http://localhost:3000/_next/static/chunks/0stj_next_dist_19zsb-q._.js:776
[ 1473735ms] [LOG] [Fast Refresh] done in 62ms @ http://localhost:3000/_next/static/chunks/0stj_next_dist_19zsb-q._.js:776
[ 1473797ms] [LOG] [Fast Refresh] done in 62ms @ http://localhost:3000/_next/static/chunks/0stj_next_dist_19zsb-q._.js:776
[ 1473859ms] [LOG] [Fast Refresh] done in 62ms @ http://localhost:3000/_next/static/chunks/0stj_next_dist_19zsb-q._.js:776
[ 1473920ms] [LOG] [Fast Refresh] done in 62ms @ http://localhost:3000/_next/static/chunks/0stj_next_dist_19zsb-q._.js:776
[ 1473982ms] [LOG] [Fast Refresh] done in 62ms @ http://localhost:3000/_next/static/chunks/0stj_next_dist_19zsb-q._.js:776
[ 1474046ms] [LOG] [Fast Refresh] done in 62ms @ http://localhost:3000/_next/static/chunks/0stj_next_dist_19zsb-q._.js:776
[ 1474109ms] [LOG] [Fast Refresh] done in 62ms @ http://localhost:3000/_next/static/chunks/0stj_next_dist_19zsb-q._.js:776
[ 1474172ms] [LOG] [Fast Refresh] done in 62ms @ http://localhost:3000/_next/static/chunks/0stj_next_dist_19zsb-q._.js:776
[ 1474235ms] [LOG] [Fast Refresh] done in 62ms @ http://localhost:3000/_next/static/chunks/0stj_next_dist_19zsb-q._.js:776
[ 1474298ms] [LOG] [Fast Refresh] done in 62ms @ http://localhost:3000/_next/static/chunks/0stj_next_dist_19zsb-q._.js:776
[ 1474361ms] [LOG] [Fast Refresh] done in 62ms @ http://localhost:3000/_next/static/chunks/0stj_next_dist_19zsb-q._.js:776
[ 1474422ms] [LOG] [Fast Refresh] done in 62ms @ http://localhost:3000/_next/static/chunks/0stj_next_dist_19zsb-q._.js:776
[ 1474485ms] [LOG] [Fast Refresh] done in 62ms @ http://localhost:3000/_next/static/chunks/0stj_next_dist_19zsb-q._.js:776
[ 1474547ms] [LOG] [Fast Refresh] done in 62ms @ http://localhost:3000/_next/static/chunks/0stj_next_dist_19zsb-q._.js:776
[ 1474608ms] [LOG] [Fast Refresh] done in 62ms @ http://localhost:3000/_next/static/chunks/0stj_next_dist_19zsb-q._.js:776
[ 1474670ms] [LOG] [Fast Refresh] done in 62ms @ http://localhost:3000/_next/static/chunks/0stj_next_dist_19zsb-q._.js:776
[ 1474732ms] [LOG] [Fast Refresh] done in 62ms @ http://localhost:3000/_next/static/chunks/0stj_next_dist_19zsb-q._.js:776
[ 1474794ms] [LOG] [Fast Refresh] done in 62ms @ http://localhost:3000/_next/static/chunks/0stj_next_dist_19zsb-q._.js:776
[ 1474857ms] [LOG] [Fast Refresh] done in 62ms @ http://localhost:3000/_next/static/chunks/0stj_next_dist_19zsb-q._.js:776
[ 1474919ms] [LOG] [Fast Refresh] done in 62ms @ http://localhost:3000/_next/static/chunks/0stj_next_dist_19zsb-q._.js:776
[ 1474981ms] [LOG] [Fast Refresh] done in 62ms @ http://localhost:3000/_next/static/chunks/0stj_next_dist_19zsb-q._.js:776
[ 1475043ms] [LOG] [Fast Refresh] done in 62ms @ http://localhost:3000/_next/static/chunks/0stj_next_dist_19zsb-q._.js:776
[ 1475105ms] [LOG] [Fast Refresh] done in 62ms @ http://localhost:3000/_next/static/chunks/0stj_next_dist_19zsb-q._.js:776
[ 1475167ms] [LOG] [Fast Refresh] done in 62ms @ http://localhost:3000/_next/static/chunks/0stj_next_dist_19zsb-q._.js:776
[ 1475228ms] [LOG] [Fast Refresh] done in 62ms @ http://localhost:3000/_next/static/chunks/0stj_next_dist_19zsb-q._.js:776
[ 1475289ms] [LOG] [Fast Refresh] done in 62ms @ http://localhost:3000/_next/static/chunks/0stj_next_dist_19zsb-q._.js:776
[ 1475351ms] [LOG] [Fast Refresh] done in 62ms @ http://localhost:3000/_next/static/chunks/0stj_next_dist_19zsb-q._.js:776
[ 1475413ms] [LOG] [Fast Refresh] done in 62ms @ http://localhost:3000/_next/static/chunks/0stj_next_dist_19zsb-q._.js:776
[ 1475475ms] [LOG] [Fast Refresh] done in 62ms @ http://localhost:3000/_next/static/chunks/0stj_next_dist_19zsb-q._.js:776
[ 1475537ms] [LOG] [Fast Refresh] done in 62ms @ http://localhost:3000/_next/static/chunks/0stj_next_dist_19zsb-q._.js:776
[ 1475600ms] [LOG] [Fast Refresh] done in 62ms @ http://localhost:3000/_next/static/chunks/0stj_next_dist_19zsb-q._.js:776
[ 1475660ms] [LOG] [Fast Refresh] done in 62ms @ http://localhost:3000/_next/static/chunks/0stj_next_dist_19zsb-q._.js:776
[ 1475723ms] [LOG] [Fast Refresh] done in 62ms @ http://localhost:3000/_next/static/chunks/0stj_next_dist_19zsb-q._.js:776
[ 1475784ms] [LOG] [Fast Refresh] done in 62ms @ http://localhost:3000/_next/static/chunks/0stj_next_dist_19zsb-q._.js:776
[ 1475846ms] [LOG] [Fast Refresh] done in 62ms @ http://localhost:3000/_next/static/chunks/0stj_next_dist_19zsb-q._.js:776
[ 1475909ms] [LOG] [Fast Refresh] done in 62ms @ http://localhost:3000/_next/static/chunks/0stj_next_dist_19zsb-q._.js:776
[ 1475971ms] [LOG] [Fast Refresh] done in 62ms @ http://localhost:3000/_next/static/chunks/0stj_next_dist_19zsb-q._.js:776
[ 1476035ms] [LOG] [Fast Refresh] done in 62ms @ http://localhost:3000/_next/static/chunks/0stj_next_dist_19zsb-q._.js:776
[ 1476097ms] [LOG] [Fast Refresh] done in 62ms @ http://localhost:3000/_next/static/chunks/0stj_next_dist_19zsb-q._.js:776
[ 1476160ms] [LOG] [Fast Refresh] done in 62ms @ http://localhost:3000/_next/static/chunks/0stj_next_dist_19zsb-q._.js:776
[ 1476222ms] [LOG] [Fast Refresh] done in 62ms @ http://localhost:3000/_next/static/chunks/0stj_next_dist_19zsb-q._.js:776
[ 1476284ms] [LOG] [Fast Refresh] done in 62ms @ http://localhost:3000/_next/static/chunks/0stj_next_dist_19zsb-q._.js:776
[ 1476346ms] [LOG] [Fast Refresh] done in 62ms @ http://localhost:3000/_next/static/chunks/0stj_next_dist_19zsb-q._.js:776
[ 1476409ms] [LOG] [Fast Refresh] done in 62ms @ http://localhost:3000/_next/static/chunks/0stj_next_dist_19zsb-q._.js:776
[ 1476473ms] [LOG] [Fast Refresh] done in 62ms @ http://localhost:3000/_next/static/chunks/0stj_next_dist_19zsb-q._.js:776
[ 1476534ms] [LOG] [Fast Refresh] done in 62ms @ http://localhost:3000/_next/static/chunks/0stj_next_dist_19zsb-q._.js:776
[ 1476595ms] [LOG] [Fast Refresh] done in 62ms @ http://localhost:3000/_next/static/chunks/0stj_next_dist_19zsb-q._.js:776
[ 1476658ms] [LOG] [Fast Refresh] done in 62ms @ http://localhost:3000/_next/static/chunks/0stj_next_dist_19zsb-q._.js:776
[ 1476721ms] [LOG] [Fast Refresh] done in 62ms @ http://localhost:3000/_next/static/chunks/0stj_next_dist_19zsb-q._.js:776
[ 1476784ms] [LOG] [Fast Refresh] done in 62ms @ http://localhost:3000/_next/static/chunks/0stj_next_dist_19zsb-q._.js:776
[ 1476848ms] [LOG] [Fast Refresh] done in 62ms @ http://localhost:3000/_next/static/chunks/0stj_next_dist_19zsb-q._.js:776
[ 1476911ms] [LOG] [Fast Refresh] done in 62ms @ http://localhost:3000/_next/static/chunks/0stj_next_dist_19zsb-q._.js:776
[ 1476975ms] [LOG] [Fast Refresh] done in 62ms @ http://localhost:3000/_next/static/chunks/0stj_next_dist_19zsb-q._.js:776
[ 1477036ms] [LOG] [Fast Refresh] done in 62ms @ http://localhost:3000/_next/static/chunks/0stj_next_dist_19zsb-q._.js:776
[ 1477098ms] [LOG] [Fast Refresh] done in 62ms @ http://localhost:3000/_next/static/chunks/0stj_next_dist_19zsb-q._.js:776
[ 1477161ms] [LOG] [Fast Refresh] done in 62ms @ http://localhost:3000/_next/static/chunks/0stj_next_dist_19zsb-q._.js:776
[ 1477224ms] [LOG] [Fast Refresh] done in 62ms @ http://localhost:3000/_next/static/chunks/0stj_next_dist_19zsb-q._.js:776
[ 1477287ms] [LOG] [Fast Refresh] done in 62ms @ http://localhost:3000/_next/static/chunks/0stj_next_dist_19zsb-q._.js:776
[ 1477350ms] [LOG] [Fast Refresh] done in 62ms @ http://localhost:3000/_next/static/chunks/0stj_next_dist_19zsb-q._.js:776
[ 1477411ms] [LOG] [Fast Refresh] done in 62ms @ http://localhost:3000/_next/static/chunks/0stj_next_dist_19zsb-q._.js:776
[ 1477472ms] [LOG] [Fast Refresh] done in 62ms @ http://localhost:3000/_next/static/chunks/0stj_next_dist_19zsb-q._.js:776
[ 1477534ms] [LOG] [Fast Refresh] done in 62ms @ http://localhost:3000/_next/static/chunks/0stj_next_dist_19zsb-q._.js:776
[ 1477597ms] [LOG] [Fast Refresh] done in 62ms @ http://localhost:3000/_next/static/chunks/0stj_next_dist_19zsb-q._.js:776
[ 1477659ms] [LOG] [Fast Refresh] done in 62ms @ http://localhost:3000/_next/static/chunks/0stj_next_dist_19zsb-q._.js:776
[ 1477721ms] [LOG] [Fast Refresh] done in 62ms @ http://localhost:3000/_next/static/chunks/0stj_next_dist_19zsb-q._.js:776
[ 1477783ms] [LOG] [Fast Refresh] done in 62ms @ http://localhost:3000/_next/static/chunks/0stj_next_dist_19zsb-q._.js:776
[ 1477844ms] [LOG] [Fast Refresh] done in 62ms @ http://localhost:3000/_next/static/chunks/0stj_next_dist_19zsb-q._.js:776
[ 1477904ms] [LOG] [Fast Refresh] done in 62ms @ http://localhost:3000/_next/static/chunks/0stj_next_dist_19zsb-q._.js:776
[ 1477964ms] [LOG] [Fast Refresh] done in 62ms @ http://localhost:3000/_next/static/chunks/0stj_next_dist_19zsb-q._.js:776
[ 1478028ms] [LOG] [Fast Refresh] done in 62ms @ http://localhost:3000/_next/static/chunks/0stj_next_dist_19zsb-q._.js:776
[ 1478089ms] [LOG] [Fast Refresh] done in 62ms @ http://localhost:3000/_next/static/chunks/0stj_next_dist_19zsb-q._.js:776
[ 1478151ms] [LOG] [Fast Refresh] done in 62ms @ http://localhost:3000/_next/static/chunks/0stj_next_dist_19zsb-q._.js:776
[ 1478213ms] [LOG] [Fast Refresh] done in 62ms @ http://localhost:3000/_next/static/chunks/0stj_next_dist_19zsb-q._.js:776
[ 1478275ms] [LOG] [Fast Refresh] done in 62ms @ http://localhost:3000/_next/static/chunks/0stj_next_dist_19zsb-q._.js:776
[ 1478337ms] [LOG] [Fast Refresh] done in 62ms @ http://localhost:3000/_next/static/chunks/0stj_next_dist_19zsb-q._.js:776
[ 1478399ms] [LOG] [Fast Refresh] done in 62ms @ http://localhost:3000/_next/static/chunks/0stj_next_dist_19zsb-q._.js:776
[ 1478461ms] [LOG] [Fast Refresh] done in 62ms @ http://localhost:3000/_next/static/chunks/0stj_next_dist_19zsb-q._.js:776
[ 1478525ms] [LOG] [Fast Refresh] done in 62ms @ http://localhost:3000/_next/static/chunks/0stj_next_dist_19zsb-q._.js:776
[ 1478586ms] [LOG] [Fast Refresh] done in 62ms @ http://localhost:3000/_next/static/chunks/0stj_next_dist_19zsb-q._.js:776
[ 1478650ms] [LOG] [Fast Refresh] done in 62ms @ http://localhost:3000/_next/static/chunks/0stj_next_dist_19zsb-q._.js:776
[ 1478712ms] [LOG] [Fast Refresh] done in 62ms @ http://localhost:3000/_next/static/chunks/0stj_next_dist_19zsb-q._.js:776
[ 1478774ms] [LOG] [Fast Refresh] done in 62ms @ http://localhost:3000/_next/static/chunks/0stj_next_dist_19zsb-q._.js:776
[ 1478836ms] [LOG] [Fast Refresh] done in 62ms @ http://localhost:3000/_next/static/chunks/0stj_next_dist_19zsb-q._.js:776
[ 1478897ms] [LOG] [Fast Refresh] done in 62ms @ http://localhost:3000/_next/static/chunks/0stj_next_dist_19zsb-q._.js:776
[ 1478959ms] [LOG] [Fast Refresh] done in 62ms @ http://localhost:3000/_next/static/chunks/0stj_next_dist_19zsb-q._.js:776
[ 1479022ms] [LOG] [Fast Refresh] done in 62ms @ http://localhost:3000/_next/static/chunks/0stj_next_dist_19zsb-q._.js:776
[ 1479084ms] [LOG] [Fast Refresh] done in 62ms @ http://localhost:3000/_next/static/chunks/0stj_next_dist_19zsb-q._.js:776
[ 1479145ms] [LOG] [Fast Refresh] done in 62ms @ http://localhost:3000/_next/static/chunks/0stj_next_dist_19zsb-q._.js:776
[ 1479208ms] [LOG] [Fast Refresh] done in 62ms @ http://localhost:3000/_next/static/chunks/0stj_next_dist_19zsb-q._.js:776
[ 1479270ms] [LOG] [Fast Refresh] done in 62ms @ http://localhost:3000/_next/static/chunks/0stj_next_dist_19zsb-q._.js:776
[ 1479332ms] [LOG] [Fast Refresh] done in 62ms @ http://localhost:3000/_next/static/chunks/0stj_next_dist_19zsb-q._.js:776
[ 1479395ms] [LOG] [Fast Refresh] done in 62ms @ http://localhost:3000/_next/static/chunks/0stj_next_dist_19zsb-q._.js:776
[ 1479456ms] [LOG] [Fast Refresh] done in 62ms @ http://localhost:3000/_next/static/chunks/0stj_next_dist_19zsb-q._.js:776
[ 1479517ms] [LOG] [Fast Refresh] done in 62ms @ http://localhost:3000/_next/static/chunks/0stj_next_dist_19zsb-q._.js:776
[ 1479579ms] [LOG] [Fast Refresh] done in 62ms @ http://localhost:3000/_next/static/chunks/0stj_next_dist_19zsb-q._.js:776
[ 1479641ms] [LOG] [Fast Refresh] done in 62ms @ http://localhost:3000/_next/static/chunks/0stj_next_dist_19zsb-q._.js:776
[ 1479703ms] [LOG] [Fast Refresh] done in 62ms @ http://localhost:3000/_next/static/chunks/0stj_next_dist_19zsb-q._.js:776
[ 1479765ms] [LOG] [Fast Refresh] done in 62ms @ http://localhost:3000/_next/static/chunks/0stj_next_dist_19zsb-q._.js:776
[ 1479829ms] [LOG] [Fast Refresh] done in 62ms @ http://localhost:3000/_next/static/chunks/0stj_next_dist_19zsb-q._.js:776
[ 1479891ms] [LOG] [Fast Refresh] done in 62ms @ http://localhost:3000/_next/static/chunks/0stj_next_dist_19zsb-q._.js:776
[ 1479953ms] [LOG] [Fast Refresh] done in 62ms @ http://localhost:3000/_next/static/chunks/0stj_next_dist_19zsb-q._.js:776
[ 1480016ms] [LOG] [Fast Refresh] done in 62ms @ http://localhost:3000/_next/static/chunks/0stj_next_dist_19zsb-q._.js:776
[ 1480078ms] [LOG] [Fast Refresh] done in 62ms @ http://localhost:3000/_next/static/chunks/0stj_next_dist_19zsb-q._.js:776
[ 1480140ms] [LOG] [Fast Refresh] done in 62ms @ http://localhost:3000/_next/static/chunks/0stj_next_dist_19zsb-q._.js:776
[ 1480203ms] [LOG] [Fast Refresh] done in 62ms @ http://localhost:3000/_next/static/chunks/0stj_next_dist_19zsb-q._.js:776
[ 1480265ms] [LOG] [Fast Refresh] done in 62ms @ http://localhost:3000/_next/static/chunks/0stj_next_dist_19zsb-q._.js:776
[ 1480327ms] [LOG] [Fast Refresh] done in 62ms @ http://localhost:3000/_next/static/chunks/0stj_next_dist_19zsb-q._.js:776
[ 1480389ms] [LOG] [Fast Refresh] done in 62ms @ http://localhost:3000/_next/static/chunks/0stj_next_dist_19zsb-q._.js:776
[ 1480450ms] [LOG] [Fast Refresh] done in 62ms @ http://localhost:3000/_next/static/chunks/0stj_next_dist_19zsb-q._.js:776
[ 1480512ms] [LOG] [Fast Refresh] done in 62ms @ http://localhost:3000/_next/static/chunks/0stj_next_dist_19zsb-q._.js:776
[ 1480574ms] [LOG] [Fast Refresh] done in 62ms @ http://localhost:3000/_next/static/chunks/0stj_next_dist_19zsb-q._.js:776
[ 1480636ms] [LOG] [Fast Refresh] done in 62ms @ http://localhost:3000/_next/static/chunks/0stj_next_dist_19zsb-q._.js:776
[ 1480698ms] [LOG] [Fast Refresh] done in 62ms @ http://localhost:3000/_next/static/chunks/0stj_next_dist_19zsb-q._.js:776
[ 1480761ms] [LOG] [Fast Refresh] done in 62ms @ http://localhost:3000/_next/static/chunks/0stj_next_dist_19zsb-q._.js:776
[ 1480822ms] [LOG] [Fast Refresh] done in 62ms @ http://localhost:3000/_next/static/chunks/0stj_next_dist_19zsb-q._.js:776
[ 1480885ms] [LOG] [Fast Refresh] done in 62ms @ http://localhost:3000/_next/static/chunks/0stj_next_dist_19zsb-q._.js:776
[ 1480948ms] [LOG] [Fast Refresh] done in 62ms @ http://localhost:3000/_next/static/chunks/0stj_next_dist_19zsb-q._.js:776
[ 1481010ms] [LOG] [Fast Refresh] done in 62ms @ http://localhost:3000/_next/static/chunks/0stj_next_dist_19zsb-q._.js:776
[ 1481072ms] [LOG] [Fast Refresh] done in 62ms @ http://localhost:3000/_next/static/chunks/0stj_next_dist_19zsb-q._.js:776
[ 1481135ms] [LOG] [Fast Refresh] done in 62ms @ http://localhost:3000/_next/static/chunks/0stj_next_dist_19zsb-q._.js:776
[ 1481197ms] [LOG] [Fast Refresh] done in 62ms @ http://localhost:3000/_next/static/chunks/0stj_next_dist_19zsb-q._.js:776
[ 1481260ms] [LOG] [Fast Refresh] done in 62ms @ http://localhost:3000/_next/static/chunks/0stj_next_dist_19zsb-q._.js:776
[ 1481322ms] [LOG] [Fast Refresh] done in 62ms @ http://localhost:3000/_next/static/chunks/0stj_next_dist_19zsb-q._.js:776
[ 1481385ms] [LOG] [Fast Refresh] done in 62ms @ http://localhost:3000/_next/static/chunks/0stj_next_dist_19zsb-q._.js:776
[ 1481448ms] [LOG] [Fast Refresh] done in 62ms @ http://localhost:3000/_next/static/chunks/0stj_next_dist_19zsb-q._.js:776
[ 1481510ms] [LOG] [Fast Refresh] done in 62ms @ http://localhost:3000/_next/static/chunks/0stj_next_dist_19zsb-q._.js:776
[ 1481573ms] [LOG] [Fast Refresh] done in 62ms @ http://localhost:3000/_next/static/chunks/0stj_next_dist_19zsb-q._.js:776
[ 1481635ms] [LOG] [Fast Refresh] done in 62ms @ http://localhost:3000/_next/static/chunks/0stj_next_dist_19zsb-q._.js:776
[ 1481697ms] [LOG] [Fast Refresh] done in 62ms @ http://localhost:3000/_next/static/chunks/0stj_next_dist_19zsb-q._.js:776
[ 1481759ms] [LOG] [Fast Refresh] done in 62ms @ http://localhost:3000/_next/static/chunks/0stj_next_dist_19zsb-q._.js:776
[ 1481821ms] [LOG] [Fast Refresh] done in 62ms @ http://localhost:3000/_next/static/chunks/0stj_next_dist_19zsb-q._.js:776
[ 1481883ms] [LOG] [Fast Refresh] done in 62ms @ http://localhost:3000/_next/static/chunks/0stj_next_dist_19zsb-q._.js:776
[ 1481944ms] [LOG] [Fast Refresh] done in 62ms @ http://localhost:3000/_next/static/chunks/0stj_next_dist_19zsb-q._.js:776
[ 1482006ms] [LOG] [Fast Refresh] done in 62ms @ http://localhost:3000/_next/static/chunks/0stj_next_dist_19zsb-q._.js:776
[ 1482069ms] [LOG] [Fast Refresh] done in 62ms @ http://localhost:3000/_next/static/chunks/0stj_next_dist_19zsb-q._.js:776
[ 1482132ms] [LOG] [Fast Refresh] done in 62ms @ http://localhost:3000/_next/static/chunks/0stj_next_dist_19zsb-q._.js:776
[ 1482195ms] [LOG] [Fast Refresh] done in 62ms @ http://localhost:3000/_next/static/chunks/0stj_next_dist_19zsb-q._.js:776
[ 1482257ms] [LOG] [Fast Refresh] done in 62ms @ http://localhost:3000/_next/static/chunks/0stj_next_dist_19zsb-q._.js:776
[ 1482318ms] [LOG] [Fast Refresh] done in 62ms @ http://localhost:3000/_next/static/chunks/0stj_next_dist_19zsb-q._.js:776
[ 1482380ms] [LOG] [Fast Refresh] done in 62ms @ http://localhost:3000/_next/static/chunks/0stj_next_dist_19zsb-q._.js:776
[ 1482444ms] [LOG] [Fast Refresh] done in 62ms @ http://localhost:3000/_next/static/chunks/0stj_next_dist_19zsb-q._.js:776
[ 1482522ms] [LOG] [Fast Refresh] done in 62ms @ http://localhost:3000/_next/static/chunks/0stj_next_dist_19zsb-q._.js:776
[ 1482585ms] [LOG] [Fast Refresh] done in 62ms @ http://localhost:3000/_next/static/chunks/0stj_next_dist_19zsb-q._.js:776
[ 1482647ms] [LOG] [Fast Refresh] done in 62ms @ http://localhost:3000/_next/static/chunks/0stj_next_dist_19zsb-q._.js:776
[ 1482709ms] [LOG] [Fast Refresh] done in 62ms @ http://localhost:3000/_next/static/chunks/0stj_next_dist_19zsb-q._.js:776
[ 1482772ms] [LOG] [Fast Refresh] done in 62ms @ http://localhost:3000/_next/static/chunks/0stj_next_dist_19zsb-q._.js:776
[ 1482833ms] [LOG] [Fast Refresh] done in 62ms @ http://localhost:3000/_next/static/chunks/0stj_next_dist_19zsb-q._.js:776
[ 1482896ms] [LOG] [Fast Refresh] done in 62ms @ http://localhost:3000/_next/static/chunks/0stj_next_dist_19zsb-q._.js:776
[ 1482959ms] [LOG] [Fast Refresh] done in 62ms @ http://localhost:3000/_next/static/chunks/0stj_next_dist_19zsb-q._.js:776
[ 1483021ms] [LOG] [Fast Refresh] done in 62ms @ http://localhost:3000/_next/static/chunks/0stj_next_dist_19zsb-q._.js:776
[ 1483083ms] [LOG] [Fast Refresh] done in 62ms @ http://localhost:3000/_next/static/chunks/0stj_next_dist_19zsb-q._.js:776
[ 1483145ms] [LOG] [Fast Refresh] done in 62ms @ http://localhost:3000/_next/static/chunks/0stj_next_dist_19zsb-q._.js:776
[ 1483207ms] [LOG] [Fast Refresh] done in 62ms @ http://localhost:3000/_next/static/chunks/0stj_next_dist_19zsb-q._.js:776
[ 1483268ms] [LOG] [Fast Refresh] done in 62ms @ http://localhost:3000/_next/static/chunks/0stj_next_dist_19zsb-q._.js:776
[ 1483330ms] [LOG] [Fast Refresh] done in 62ms @ http://localhost:3000/_next/static/chunks/0stj_next_dist_19zsb-q._.js:776
[ 1483392ms] [LOG] [Fast Refresh] done in 62ms @ http://localhost:3000/_next/static/chunks/0stj_next_dist_19zsb-q._.js:776
[ 1483454ms] [LOG] [Fast Refresh] done in 62ms @ http://localhost:3000/_next/static/chunks/0stj_next_dist_19zsb-q._.js:776
[ 1483517ms] [LOG] [Fast Refresh] done in 62ms @ http://localhost:3000/_next/static/chunks/0stj_next_dist_19zsb-q._.js:776
[ 1483580ms] [LOG] [Fast Refresh] done in 62ms @ http://localhost:3000/_next/static/chunks/0stj_next_dist_19zsb-q._.js:776
[ 1483643ms] [LOG] [Fast Refresh] done in 62ms @ http://localhost:3000/_next/static/chunks/0stj_next_dist_19zsb-q._.js:776
[ 1483704ms] [LOG] [Fast Refresh] done in 62ms @ http://localhost:3000/_next/static/chunks/0stj_next_dist_19zsb-q._.js:776
[ 1483765ms] [LOG] [Fast Refresh] done in 62ms @ http://localhost:3000/_next/static/chunks/0stj_next_dist_19zsb-q._.js:776
[ 1483828ms] [LOG] [Fast Refresh] done in 62ms @ http://localhost:3000/_next/static/chunks/0stj_next_dist_19zsb-q._.js:776
[ 1483889ms] [LOG] [Fast Refresh] done in 62ms @ http://localhost:3000/_next/static/chunks/0stj_next_dist_19zsb-q._.js:776
[ 1483951ms] [LOG] [Fast Refresh] done in 62ms @ http://localhost:3000/_next/static/chunks/0stj_next_dist_19zsb-q._.js:776
[ 1484012ms] [LOG] [Fast Refresh] done in 62ms @ http://localhost:3000/_next/static/chunks/0stj_next_dist_19zsb-q._.js:776
[ 1484075ms] [LOG] [Fast Refresh] done in 62ms @ http://localhost:3000/_next/static/chunks/0stj_next_dist_19zsb-q._.js:776
[ 1484137ms] [LOG] [Fast Refresh] done in 62ms @ http://localhost:3000/_next/static/chunks/0stj_next_dist_19zsb-q._.js:776
[ 1484198ms] [LOG] [Fast Refresh] done in 62ms @ http://localhost:3000/_next/static/chunks/0stj_next_dist_19zsb-q._.js:776
[ 1484261ms] [LOG] [Fast Refresh] done in 62ms @ http://localhost:3000/_next/static/chunks/0stj_next_dist_19zsb-q._.js:776
[ 1484325ms] [LOG] [Fast Refresh] done in 62ms @ http://localhost:3000/_next/static/chunks/0stj_next_dist_19zsb-q._.js:776
[ 1484387ms] [LOG] [Fast Refresh] done in 62ms @ http://localhost:3000/_next/static/chunks/0stj_next_dist_19zsb-q._.js:776
[ 1484448ms] [LOG] [Fast Refresh] done in 62ms @ http://localhost:3000/_next/static/chunks/0stj_next_dist_19zsb-q._.js:776
[ 1484510ms] [LOG] [Fast Refresh] done in 62ms @ http://localhost:3000/_next/static/chunks/0stj_next_dist_19zsb-q._.js:776
[ 1484571ms] [LOG] [Fast Refresh] done in 62ms @ http://localhost:3000/_next/static/chunks/0stj_next_dist_19zsb-q._.js:776
[ 1484633ms] [LOG] [Fast Refresh] done in 62ms @ http://localhost:3000/_next/static/chunks/0stj_next_dist_19zsb-q._.js:776
[ 1484696ms] [LOG] [Fast Refresh] done in 62ms @ http://localhost:3000/_next/static/chunks/0stj_next_dist_19zsb-q._.js:776
[ 1484757ms] [LOG] [Fast Refresh] done in 62ms @ http://localhost:3000/_next/static/chunks/0stj_next_dist_19zsb-q._.js:776
[ 1484819ms] [LOG] [Fast Refresh] done in 62ms @ http://localhost:3000/_next/static/chunks/0stj_next_dist_19zsb-q._.js:776
[ 1484880ms] [LOG] [Fast Refresh] done in 62ms @ http://localhost:3000/_next/static/chunks/0stj_next_dist_19zsb-q._.js:776
[ 1484942ms] [LOG] [Fast Refresh] done in 62ms @ http://localhost:3000/_next/static/chunks/0stj_next_dist_19zsb-q._.js:776
[ 1485004ms] [LOG] [Fast Refresh] done in 62ms @ http://localhost:3000/_next/static/chunks/0stj_next_dist_19zsb-q._.js:776
[ 1485067ms] [LOG] [Fast Refresh] done in 62ms @ http://localhost:3000/_next/static/chunks/0stj_next_dist_19zsb-q._.js:776
[ 1485128ms] [LOG] [Fast Refresh] done in 62ms @ http://localhost:3000/_next/static/chunks/0stj_next_dist_19zsb-q._.js:776
[ 1485189ms] [LOG] [Fast Refresh] done in 62ms @ http://localhost:3000/_next/static/chunks/0stj_next_dist_19zsb-q._.js:776
[ 1485252ms] [LOG] [Fast Refresh] done in 62ms @ http://localhost:3000/_next/static/chunks/0stj_next_dist_19zsb-q._.js:776
[ 1485313ms] [LOG] [Fast Refresh] done in 62ms @ http://localhost:3000/_next/static/chunks/0stj_next_dist_19zsb-q._.js:776
[ 1485374ms] [LOG] [Fast Refresh] done in 62ms @ http://localhost:3000/_next/static/chunks/0stj_next_dist_19zsb-q._.js:776
[ 1485435ms] [LOG] [Fast Refresh] done in 62ms @ http://localhost:3000/_next/static/chunks/0stj_next_dist_19zsb-q._.js:776
[ 1485498ms] [LOG] [Fast Refresh] done in 62ms @ http://localhost:3000/_next/static/chunks/0stj_next_dist_19zsb-q._.js:776
[ 1485562ms] [LOG] [Fast Refresh] done in 62ms @ http://localhost:3000/_next/static/chunks/0stj_next_dist_19zsb-q._.js:776
[ 1485625ms] [LOG] [Fast Refresh] done in 62ms @ http://localhost:3000/_next/static/chunks/0stj_next_dist_19zsb-q._.js:776
[ 1485687ms] [LOG] [Fast Refresh] done in 62ms @ http://localhost:3000/_next/static/chunks/0stj_next_dist_19zsb-q._.js:776
[ 1485749ms] [LOG] [Fast Refresh] done in 62ms @ http://localhost:3000/_next/static/chunks/0stj_next_dist_19zsb-q._.js:776
[ 1485811ms] [LOG] [Fast Refresh] done in 62ms @ http://localhost:3000/_next/static/chunks/0stj_next_dist_19zsb-q._.js:776
[ 1485874ms] [LOG] [Fast Refresh] done in 62ms @ http://localhost:3000/_next/static/chunks/0stj_next_dist_19zsb-q._.js:776
[ 1485937ms] [LOG] [Fast Refresh] done in 62ms @ http://localhost:3000/_next/static/chunks/0stj_next_dist_19zsb-q._.js:776
[ 1485999ms] [LOG] [Fast Refresh] done in 62ms @ http://localhost:3000/_next/static/chunks/0stj_next_dist_19zsb-q._.js:776
[ 1486061ms] [LOG] [Fast Refresh] done in 62ms @ http://localhost:3000/_next/static/chunks/0stj_next_dist_19zsb-q._.js:776
[ 1486123ms] [LOG] [Fast Refresh] done in 62ms @ http://localhost:3000/_next/static/chunks/0stj_next_dist_19zsb-q._.js:776
[ 1486186ms] [LOG] [Fast Refresh] done in 62ms @ http://localhost:3000/_next/static/chunks/0stj_next_dist_19zsb-q._.js:776
[ 1486247ms] [LOG] [Fast Refresh] done in 62ms @ http://localhost:3000/_next/static/chunks/0stj_next_dist_19zsb-q._.js:776
[ 1486310ms] [LOG] [Fast Refresh] done in 62ms @ http://localhost:3000/_next/static/chunks/0stj_next_dist_19zsb-q._.js:776
[ 1486373ms] [LOG] [Fast Refresh] done in 62ms @ http://localhost:3000/_next/static/chunks/0stj_next_dist_19zsb-q._.js:776
[ 1486435ms] [LOG] [Fast Refresh] done in 62ms @ http://localhost:3000/_next/static/chunks/0stj_next_dist_19zsb-q._.js:776
[ 1486498ms] [LOG] [Fast Refresh] done in 62ms @ http://localhost:3000/_next/static/chunks/0stj_next_dist_19zsb-q._.js:776
[ 1486559ms] [LOG] [Fast Refresh] done in 62ms @ http://localhost:3000/_next/static/chunks/0stj_next_dist_19zsb-q._.js:776
[ 1486622ms] [LOG] [Fast Refresh] done in 62ms @ http://localhost:3000/_next/static/chunks/0stj_next_dist_19zsb-q._.js:776
[ 1486684ms] [LOG] [Fast Refresh] done in 62ms @ http://localhost:3000/_next/static/chunks/0stj_next_dist_19zsb-q._.js:776
[ 1486745ms] [LOG] [Fast Refresh] done in 62ms @ http://localhost:3000/_next/static/chunks/0stj_next_dist_19zsb-q._.js:776
[ 1486807ms] [LOG] [Fast Refresh] done in 62ms @ http://localhost:3000/_next/static/chunks/0stj_next_dist_19zsb-q._.js:776
[ 1486871ms] [LOG] [Fast Refresh] done in 62ms @ http://localhost:3000/_next/static/chunks/0stj_next_dist_19zsb-q._.js:776
[ 1486933ms] [LOG] [Fast Refresh] done in 62ms @ http://localhost:3000/_next/static/chunks/0stj_next_dist_19zsb-q._.js:776
[ 1486993ms] [LOG] [Fast Refresh] done in 62ms @ http://localhost:3000/_next/static/chunks/0stj_next_dist_19zsb-q._.js:776
[ 1487056ms] [LOG] [Fast Refresh] done in 62ms @ http://localhost:3000/_next/static/chunks/0stj_next_dist_19zsb-q._.js:776
[ 1487119ms] [LOG] [Fast Refresh] done in 62ms @ http://localhost:3000/_next/static/chunks/0stj_next_dist_19zsb-q._.js:776
[ 1487182ms] [LOG] [Fast Refresh] done in 62ms @ http://localhost:3000/_next/static/chunks/0stj_next_dist_19zsb-q._.js:776
[ 1487243ms] [LOG] [Fast Refresh] done in 62ms @ http://localhost:3000/_next/static/chunks/0stj_next_dist_19zsb-q._.js:776
[ 1487306ms] [LOG] [Fast Refresh] done in 62ms @ http://localhost:3000/_next/static/chunks/0stj_next_dist_19zsb-q._.js:776
[ 1487367ms] [LOG] [Fast Refresh] done in 62ms @ http://localhost:3000/_next/static/chunks/0stj_next_dist_19zsb-q._.js:776
[ 1487431ms] [LOG] [Fast Refresh] done in 62ms @ http://localhost:3000/_next/static/chunks/0stj_next_dist_19zsb-q._.js:776
[ 1487493ms] [LOG] [Fast Refresh] done in 62ms @ http://localhost:3000/_next/static/chunks/0stj_next_dist_19zsb-q._.js:776
[ 1487555ms] [LOG] [Fast Refresh] done in 62ms @ http://localhost:3000/_next/static/chunks/0stj_next_dist_19zsb-q._.js:776
[ 1487617ms] [LOG] [Fast Refresh] done in 62ms @ http://localhost:3000/_next/static/chunks/0stj_next_dist_19zsb-q._.js:776
[ 1487679ms] [LOG] [Fast Refresh] done in 62ms @ http://localhost:3000/_next/static/chunks/0stj_next_dist_19zsb-q._.js:776
[ 1487741ms] [LOG] [Fast Refresh] done in 62ms @ http://localhost:3000/_next/static/chunks/0stj_next_dist_19zsb-q._.js:776
[ 1487802ms] [LOG] [Fast Refresh] done in 62ms @ http://localhost:3000/_next/static/chunks/0stj_next_dist_19zsb-q._.js:776
[ 1487865ms] [LOG] [Fast Refresh] done in 62ms @ http://localhost:3000/_next/static/chunks/0stj_next_dist_19zsb-q._.js:776
[ 1487926ms] [LOG] [Fast Refresh] done in 62ms @ http://localhost:3000/_next/static/chunks/0stj_next_dist_19zsb-q._.js:776
[ 1487988ms] [LOG] [Fast Refresh] done in 62ms @ http://localhost:3000/_next/static/chunks/0stj_next_dist_19zsb-q._.js:776
[ 1488050ms] [LOG] [Fast Refresh] done in 62ms @ http://localhost:3000/_next/static/chunks/0stj_next_dist_19zsb-q._.js:776
[ 1488113ms] [LOG] [Fast Refresh] done in 62ms @ http://localhost:3000/_next/static/chunks/0stj_next_dist_19zsb-q._.js:776
[ 1488175ms] [LOG] [Fast Refresh] done in 62ms @ http://localhost:3000/_next/static/chunks/0stj_next_dist_19zsb-q._.js:776
[ 1488237ms] [LOG] [Fast Refresh] done in 62ms @ http://localhost:3000/_next/static/chunks/0stj_next_dist_19zsb-q._.js:776
[ 1488298ms] [LOG] [Fast Refresh] done in 62ms @ http://localhost:3000/_next/static/chunks/0stj_next_dist_19zsb-q._.js:776
[ 1488360ms] [LOG] [Fast Refresh] done in 62ms @ http://localhost:3000/_next/static/chunks/0stj_next_dist_19zsb-q._.js:776
[ 1488423ms] [LOG] [Fast Refresh] done in 62ms @ http://localhost:3000/_next/static/chunks/0stj_next_dist_19zsb-q._.js:776
[ 1488485ms] [LOG] [Fast Refresh] done in 62ms @ http://localhost:3000/_next/static/chunks/0stj_next_dist_19zsb-q._.js:776
[ 1488547ms] [LOG] [Fast Refresh] done in 62ms @ http://localhost:3000/_next/static/chunks/0stj_next_dist_19zsb-q._.js:776
[ 1488609ms] [LOG] [Fast Refresh] done in 62ms @ http://localhost:3000/_next/static/chunks/0stj_next_dist_19zsb-q._.js:776
[ 1488672ms] [LOG] [Fast Refresh] done in 62ms @ http://localhost:3000/_next/static/chunks/0stj_next_dist_19zsb-q._.js:776
[ 1488733ms] [LOG] [Fast Refresh] done in 62ms @ http://localhost:3000/_next/static/chunks/0stj_next_dist_19zsb-q._.js:776
[ 1488795ms] [LOG] [Fast Refresh] done in 62ms @ http://localhost:3000/_next/static/chunks/0stj_next_dist_19zsb-q._.js:776
[ 1488856ms] [LOG] [Fast Refresh] done in 62ms @ http://localhost:3000/_next/static/chunks/0stj_next_dist_19zsb-q._.js:776
[ 1488919ms] [LOG] [Fast Refresh] done in 62ms @ http://localhost:3000/_next/static/chunks/0stj_next_dist_19zsb-q._.js:776
[ 1488981ms] [LOG] [Fast Refresh] done in 62ms @ http://localhost:3000/_next/static/chunks/0stj_next_dist_19zsb-q._.js:776
[ 1489043ms] [LOG] [Fast Refresh] done in 62ms @ http://localhost:3000/_next/static/chunks/0stj_next_dist_19zsb-q._.js:776
[ 1489105ms] [LOG] [Fast Refresh] done in 62ms @ http://localhost:3000/_next/static/chunks/0stj_next_dist_19zsb-q._.js:776
[ 1489166ms] [LOG] [Fast Refresh] done in 62ms @ http://localhost:3000/_next/static/chunks/0stj_next_dist_19zsb-q._.js:776
[ 1489229ms] [LOG] [Fast Refresh] done in 62ms @ http://localhost:3000/_next/static/chunks/0stj_next_dist_19zsb-q._.js:776
[ 1489291ms] [LOG] [Fast Refresh] done in 62ms @ http://localhost:3000/_next/static/chunks/0stj_next_dist_19zsb-q._.js:776
[ 1489354ms] [LOG] [Fast Refresh] done in 62ms @ http://localhost:3000/_next/static/chunks/0stj_next_dist_19zsb-q._.js:776
[ 1489417ms] [LOG] [Fast Refresh] done in 62ms @ http://localhost:3000/_next/static/chunks/0stj_next_dist_19zsb-q._.js:776
[ 1489481ms] [LOG] [Fast Refresh] done in 62ms @ http://localhost:3000/_next/static/chunks/0stj_next_dist_19zsb-q._.js:776
[ 1489543ms] [LOG] [Fast Refresh] done in 62ms @ http://localhost:3000/_next/static/chunks/0stj_next_dist_19zsb-q._.js:776
[ 1489605ms] [LOG] [Fast Refresh] done in 62ms @ http://localhost:3000/_next/static/chunks/0stj_next_dist_19zsb-q._.js:776
[ 1489667ms] [LOG] [Fast Refresh] done in 62ms @ http://localhost:3000/_next/static/chunks/0stj_next_dist_19zsb-q._.js:776
[ 1489730ms] [LOG] [Fast Refresh] done in 62ms @ http://localhost:3000/_next/static/chunks/0stj_next_dist_19zsb-q._.js:776
[ 1489792ms] [LOG] [Fast Refresh] done in 62ms @ http://localhost:3000/_next/static/chunks/0stj_next_dist_19zsb-q._.js:776
[ 1489855ms] [LOG] [Fast Refresh] done in 62ms @ http://localhost:3000/_next/static/chunks/0stj_next_dist_19zsb-q._.js:776
[ 1489910ms] [LOG] [Fast Refresh] done in 62ms @ http://localhost:3000/_next/static/chunks/0stj_next_dist_19zsb-q._.js:776
[ 1489965ms] [LOG] [Fast Refresh] done in 62ms @ http://localhost:3000/_next/static/chunks/0stj_next_dist_19zsb-q._.js:776
[ 1490026ms] [LOG] [Fast Refresh] done in 62ms @ http://localhost:3000/_next/static/chunks/0stj_next_dist_19zsb-q._.js:776
[ 1490088ms] [LOG] [Fast Refresh] done in 62ms @ http://localhost:3000/_next/static/chunks/0stj_next_dist_19zsb-q._.js:776
[ 1490149ms] [LOG] [Fast Refresh] done in 62ms @ http://localhost:3000/_next/static/chunks/0stj_next_dist_19zsb-q._.js:776
[ 1490211ms] [LOG] [Fast Refresh] done in 62ms @ http://localhost:3000/_next/static/chunks/0stj_next_dist_19zsb-q._.js:776
[ 1490274ms] [LOG] [Fast Refresh] done in 62ms @ http://localhost:3000/_next/static/chunks/0stj_next_dist_19zsb-q._.js:776
[ 1490337ms] [LOG] [Fast Refresh] done in 62ms @ http://localhost:3000/_next/static/chunks/0stj_next_dist_19zsb-q._.js:776
[ 1490399ms] [LOG] [Fast Refresh] done in 62ms @ http://localhost:3000/_next/static/chunks/0stj_next_dist_19zsb-q._.js:776
[ 1490462ms] [LOG] [Fast Refresh] done in 62ms @ http://localhost:3000/_next/static/chunks/0stj_next_dist_19zsb-q._.js:776
[ 1490527ms] [LOG] [Fast Refresh] done in 62ms @ http://localhost:3000/_next/static/chunks/0stj_next_dist_19zsb-q._.js:776
[ 1490589ms] [LOG] [Fast Refresh] done in 62ms @ http://localhost:3000/_next/static/chunks/0stj_next_dist_19zsb-q._.js:776
[ 1490652ms] [LOG] [Fast Refresh] done in 62ms @ http://localhost:3000/_next/static/chunks/0stj_next_dist_19zsb-q._.js:776
[ 1490714ms] [LOG] [Fast Refresh] done in 62ms @ http://localhost:3000/_next/static/chunks/0stj_next_dist_19zsb-q._.js:776
[ 1490776ms] [LOG] [Fast Refresh] done in 62ms @ http://localhost:3000/_next/static/chunks/0stj_next_dist_19zsb-q._.js:776
[ 1490838ms] [LOG] [Fast Refresh] done in 62ms @ http://localhost:3000/_next/static/chunks/0stj_next_dist_19zsb-q._.js:776
[ 1490901ms] [LOG] [Fast Refresh] done in 62ms @ http://localhost:3000/_next/static/chunks/0stj_next_dist_19zsb-q._.js:776
[ 1490962ms] [LOG] [Fast Refresh] done in 62ms @ http://localhost:3000/_next/static/chunks/0stj_next_dist_19zsb-q._.js:776
[ 1491026ms] [LOG] [Fast Refresh] done in 62ms @ http://localhost:3000/_next/static/chunks/0stj_next_dist_19zsb-q._.js:776
[ 1491087ms] [LOG] [Fast Refresh] done in 62ms @ http://localhost:3000/_next/static/chunks/0stj_next_dist_19zsb-q._.js:776
[ 1491150ms] [LOG] [Fast Refresh] done in 62ms @ http://localhost:3000/_next/static/chunks/0stj_next_dist_19zsb-q._.js:776
[ 1491212ms] [LOG] [Fast Refresh] done in 62ms @ http://localhost:3000/_next/static/chunks/0stj_next_dist_19zsb-q._.js:776
[ 1491275ms] [LOG] [Fast Refresh] done in 62ms @ http://localhost:3000/_next/static/chunks/0stj_next_dist_19zsb-q._.js:776
[ 1491337ms] [LOG] [Fast Refresh] done in 62ms @ http://localhost:3000/_next/static/chunks/0stj_next_dist_19zsb-q._.js:776
[ 1491400ms] [LOG] [Fast Refresh] done in 62ms @ http://localhost:3000/_next/static/chunks/0stj_next_dist_19zsb-q._.js:776
[ 1491464ms] [LOG] [Fast Refresh] done in 62ms @ http://localhost:3000/_next/static/chunks/0stj_next_dist_19zsb-q._.js:776
[ 1491526ms] [LOG] [Fast Refresh] done in 62ms @ http://localhost:3000/_next/static/chunks/0stj_next_dist_19zsb-q._.js:776
[ 1491589ms] [LOG] [Fast Refresh] done in 62ms @ http://localhost:3000/_next/static/chunks/0stj_next_dist_19zsb-q._.js:776
[ 1491650ms] [LOG] [Fast Refresh] done in 62ms @ http://localhost:3000/_next/static/chunks/0stj_next_dist_19zsb-q._.js:776
[ 1491713ms] [LOG] [Fast Refresh] done in 62ms @ http://localhost:3000/_next/static/chunks/0stj_next_dist_19zsb-q._.js:776
[ 1491774ms] [LOG] [Fast Refresh] done in 62ms @ http://localhost:3000/_next/static/chunks/0stj_next_dist_19zsb-q._.js:776
[ 1491836ms] [LOG] [Fast Refresh] done in 62ms @ http://localhost:3000/_next/static/chunks/0stj_next_dist_19zsb-q._.js:776
[ 1491897ms] [LOG] [Fast Refresh] done in 62ms @ http://localhost:3000/_next/static/chunks/0stj_next_dist_19zsb-q._.js:776
[ 1491960ms] [LOG] [Fast Refresh] done in 62ms @ http://localhost:3000/_next/static/chunks/0stj_next_dist_19zsb-q._.js:776
[ 1492022ms] [LOG] [Fast Refresh] done in 62ms @ http://localhost:3000/_next/static/chunks/0stj_next_dist_19zsb-q._.js:776
[ 1492085ms] [LOG] [Fast Refresh] done in 62ms @ http://localhost:3000/_next/static/chunks/0stj_next_dist_19zsb-q._.js:776
[ 1492147ms] [LOG] [Fast Refresh] done in 62ms @ http://localhost:3000/_next/static/chunks/0stj_next_dist_19zsb-q._.js:776
[ 1492210ms] [LOG] [Fast Refresh] done in 62ms @ http://localhost:3000/_next/static/chunks/0stj_next_dist_19zsb-q._.js:776
[ 1492273ms] [LOG] [Fast Refresh] done in 62ms @ http://localhost:3000/_next/static/chunks/0stj_next_dist_19zsb-q._.js:776
[ 1492335ms] [LOG] [Fast Refresh] done in 62ms @ http://localhost:3000/_next/static/chunks/0stj_next_dist_19zsb-q._.js:776
[ 1492397ms] [LOG] [Fast Refresh] done in 62ms @ http://localhost:3000/_next/static/chunks/0stj_next_dist_19zsb-q._.js:776
[ 1492459ms] [LOG] [Fast Refresh] done in 62ms @ http://localhost:3000/_next/static/chunks/0stj_next_dist_19zsb-q._.js:776
[ 1492522ms] [LOG] [Fast Refresh] done in 62ms @ http://localhost:3000/_next/static/chunks/0stj_next_dist_19zsb-q._.js:776
[ 1492584ms] [LOG] [Fast Refresh] done in 62ms @ http://localhost:3000/_next/static/chunks/0stj_next_dist_19zsb-q._.js:776
[ 1492648ms] [LOG] [Fast Refresh] done in 62ms @ http://localhost:3000/_next/static/chunks/0stj_next_dist_19zsb-q._.js:776
[ 1492710ms] [LOG] [Fast Refresh] done in 62ms @ http://localhost:3000/_next/static/chunks/0stj_next_dist_19zsb-q._.js:776
[ 1492772ms] [LOG] [Fast Refresh] done in 62ms @ http://localhost:3000/_next/static/chunks/0stj_next_dist_19zsb-q._.js:776
[ 1492834ms] [LOG] [Fast Refresh] done in 62ms @ http://localhost:3000/_next/static/chunks/0stj_next_dist_19zsb-q._.js:776
[ 1492896ms] [LOG] [Fast Refresh] done in 62ms @ http://localhost:3000/_next/static/chunks/0stj_next_dist_19zsb-q._.js:776
[ 1492958ms] [LOG] [Fast Refresh] done in 62ms @ http://localhost:3000/_next/static/chunks/0stj_next_dist_19zsb-q._.js:776
[ 1493020ms] [LOG] [Fast Refresh] done in 62ms @ http://localhost:3000/_next/static/chunks/0stj_next_dist_19zsb-q._.js:776
[ 1493082ms] [LOG] [Fast Refresh] done in 62ms @ http://localhost:3000/_next/static/chunks/0stj_next_dist_19zsb-q._.js:776
[ 1493144ms] [LOG] [Fast Refresh] done in 62ms @ http://localhost:3000/_next/static/chunks/0stj_next_dist_19zsb-q._.js:776
[ 1493206ms] [LOG] [Fast Refresh] done in 62ms @ http://localhost:3000/_next/static/chunks/0stj_next_dist_19zsb-q._.js:776
[ 1493267ms] [LOG] [Fast Refresh] done in 62ms @ http://localhost:3000/_next/static/chunks/0stj_next_dist_19zsb-q._.js:776
[ 1493329ms] [LOG] [Fast Refresh] done in 62ms @ http://localhost:3000/_next/static/chunks/0stj_next_dist_19zsb-q._.js:776
[ 1493390ms] [LOG] [Fast Refresh] done in 62ms @ http://localhost:3000/_next/static/chunks/0stj_next_dist_19zsb-q._.js:776
[ 1493452ms] [LOG] [Fast Refresh] done in 62ms @ http://localhost:3000/_next/static/chunks/0stj_next_dist_19zsb-q._.js:776
[ 1493514ms] [LOG] [Fast Refresh] done in 62ms @ http://localhost:3000/_next/static/chunks/0stj_next_dist_19zsb-q._.js:776
[ 1493576ms] [LOG] [Fast Refresh] done in 62ms @ http://localhost:3000/_next/static/chunks/0stj_next_dist_19zsb-q._.js:776
[ 1493639ms] [LOG] [Fast Refresh] done in 62ms @ http://localhost:3000/_next/static/chunks/0stj_next_dist_19zsb-q._.js:776
[ 1493702ms] [LOG] [Fast Refresh] done in 62ms @ http://localhost:3000/_next/static/chunks/0stj_next_dist_19zsb-q._.js:776
[ 1493763ms] [LOG] [Fast Refresh] done in 62ms @ http://localhost:3000/_next/static/chunks/0stj_next_dist_19zsb-q._.js:776
[ 1493826ms] [LOG] [Fast Refresh] done in 62ms @ http://localhost:3000/_next/static/chunks/0stj_next_dist_19zsb-q._.js:776
[ 1493887ms] [LOG] [Fast Refresh] done in 62ms @ http://localhost:3000/_next/static/chunks/0stj_next_dist_19zsb-q._.js:776
[ 1493949ms] [LOG] [Fast Refresh] done in 62ms @ http://localhost:3000/_next/static/chunks/0stj_next_dist_19zsb-q._.js:776
[ 1494012ms] [LOG] [Fast Refresh] done in 62ms @ http://localhost:3000/_next/static/chunks/0stj_next_dist_19zsb-q._.js:776
[ 1494074ms] [LOG] [Fast Refresh] done in 62ms @ http://localhost:3000/_next/static/chunks/0stj_next_dist_19zsb-q._.js:776
[ 1494137ms] [LOG] [Fast Refresh] done in 62ms @ http://localhost:3000/_next/static/chunks/0stj_next_dist_19zsb-q._.js:776
[ 1494199ms] [LOG] [Fast Refresh] done in 62ms @ http://localhost:3000/_next/static/chunks/0stj_next_dist_19zsb-q._.js:776
[ 1494261ms] [LOG] [Fast Refresh] done in 62ms @ http://localhost:3000/_next/static/chunks/0stj_next_dist_19zsb-q._.js:776
[ 1494324ms] [LOG] [Fast Refresh] done in 62ms @ http://localhost:3000/_next/static/chunks/0stj_next_dist_19zsb-q._.js:776
[ 1494386ms] [LOG] [Fast Refresh] done in 62ms @ http://localhost:3000/_next/static/chunks/0stj_next_dist_19zsb-q._.js:776
[ 1494447ms] [LOG] [Fast Refresh] done in 62ms @ http://localhost:3000/_next/static/chunks/0stj_next_dist_19zsb-q._.js:776
[ 1494510ms] [LOG] [Fast Refresh] done in 62ms @ http://localhost:3000/_next/static/chunks/0stj_next_dist_19zsb-q._.js:776
[ 1494571ms] [LOG] [Fast Refresh] done in 62ms @ http://localhost:3000/_next/static/chunks/0stj_next_dist_19zsb-q._.js:776
[ 1494635ms] [LOG] [Fast Refresh] done in 62ms @ http://localhost:3000/_next/static/chunks/0stj_next_dist_19zsb-q._.js:776
[ 1494696ms] [LOG] [Fast Refresh] done in 62ms @ http://localhost:3000/_next/static/chunks/0stj_next_dist_19zsb-q._.js:776
[ 1494758ms] [LOG] [Fast Refresh] done in 62ms @ http://localhost:3000/_next/static/chunks/0stj_next_dist_19zsb-q._.js:776
[ 1494821ms] [LOG] [Fast Refresh] done in 62ms @ http://localhost:3000/_next/static/chunks/0stj_next_dist_19zsb-q._.js:776
[ 1494884ms] [LOG] [Fast Refresh] done in 62ms @ http://localhost:3000/_next/static/chunks/0stj_next_dist_19zsb-q._.js:776
[ 1494945ms] [LOG] [Fast Refresh] done in 62ms @ http://localhost:3000/_next/static/chunks/0stj_next_dist_19zsb-q._.js:776
[ 1495007ms] [LOG] [Fast Refresh] done in 62ms @ http://localhost:3000/_next/static/chunks/0stj_next_dist_19zsb-q._.js:776
[ 1495070ms] [LOG] [Fast Refresh] done in 62ms @ http://localhost:3000/_next/static/chunks/0stj_next_dist_19zsb-q._.js:776
[ 1495133ms] [LOG] [Fast Refresh] done in 62ms @ http://localhost:3000/_next/static/chunks/0stj_next_dist_19zsb-q._.js:776
[ 1495194ms] [LOG] [Fast Refresh] done in 62ms @ http://localhost:3000/_next/static/chunks/0stj_next_dist_19zsb-q._.js:776
[ 1495257ms] [LOG] [Fast Refresh] done in 62ms @ http://localhost:3000/_next/static/chunks/0stj_next_dist_19zsb-q._.js:776
[ 1495320ms] [LOG] [Fast Refresh] done in 62ms @ http://localhost:3000/_next/static/chunks/0stj_next_dist_19zsb-q._.js:776
[ 1495382ms] [LOG] [Fast Refresh] done in 62ms @ http://localhost:3000/_next/static/chunks/0stj_next_dist_19zsb-q._.js:776
[ 1495444ms] [LOG] [Fast Refresh] done in 62ms @ http://localhost:3000/_next/static/chunks/0stj_next_dist_19zsb-q._.js:776
[ 1495506ms] [LOG] [Fast Refresh] done in 62ms @ http://localhost:3000/_next/static/chunks/0stj_next_dist_19zsb-q._.js:776
[ 1495568ms] [LOG] [Fast Refresh] done in 62ms @ http://localhost:3000/_next/static/chunks/0stj_next_dist_19zsb-q._.js:776
[ 1495630ms] [LOG] [Fast Refresh] done in 62ms @ http://localhost:3000/_next/static/chunks/0stj_next_dist_19zsb-q._.js:776
[ 1495691ms] [LOG] [Fast Refresh] done in 62ms @ http://localhost:3000/_next/static/chunks/0stj_next_dist_19zsb-q._.js:776
[ 1495752ms] [LOG] [Fast Refresh] done in 62ms @ http://localhost:3000/_next/static/chunks/0stj_next_dist_19zsb-q._.js:776
[ 1495816ms] [LOG] [Fast Refresh] done in 62ms @ http://localhost:3000/_next/static/chunks/0stj_next_dist_19zsb-q._.js:776
[ 1495878ms] [LOG] [Fast Refresh] done in 62ms @ http://localhost:3000/_next/static/chunks/0stj_next_dist_19zsb-q._.js:776
[ 1495942ms] [LOG] [Fast Refresh] done in 62ms @ http://localhost:3000/_next/static/chunks/0stj_next_dist_19zsb-q._.js:776
[ 1496003ms] [LOG] [Fast Refresh] done in 62ms @ http://localhost:3000/_next/static/chunks/0stj_next_dist_19zsb-q._.js:776
[ 1496065ms] [LOG] [Fast Refresh] done in 62ms @ http://localhost:3000/_next/static/chunks/0stj_next_dist_19zsb-q._.js:776
[ 1496128ms] [LOG] [Fast Refresh] done in 62ms @ http://localhost:3000/_next/static/chunks/0stj_next_dist_19zsb-q._.js:776
[ 1496190ms] [LOG] [Fast Refresh] done in 62ms @ http://localhost:3000/_next/static/chunks/0stj_next_dist_19zsb-q._.js:776
[ 1496253ms] [LOG] [Fast Refresh] done in 62ms @ http://localhost:3000/_next/static/chunks/0stj_next_dist_19zsb-q._.js:776
[ 1496315ms] [LOG] [Fast Refresh] done in 62ms @ http://localhost:3000/_next/static/chunks/0stj_next_dist_19zsb-q._.js:776
[ 1496378ms] [LOG] [Fast Refresh] done in 62ms @ http://localhost:3000/_next/static/chunks/0stj_next_dist_19zsb-q._.js:776
[ 1496441ms] [LOG] [Fast Refresh] done in 62ms @ http://localhost:3000/_next/static/chunks/0stj_next_dist_19zsb-q._.js:776
[ 1496502ms] [LOG] [Fast Refresh] done in 62ms @ http://localhost:3000/_next/static/chunks/0stj_next_dist_19zsb-q._.js:776
[ 1496566ms] [LOG] [Fast Refresh] done in 62ms @ http://localhost:3000/_next/static/chunks/0stj_next_dist_19zsb-q._.js:776
[ 1496629ms] [LOG] [Fast Refresh] done in 62ms @ http://localhost:3000/_next/static/chunks/0stj_next_dist_19zsb-q._.js:776
[ 1496691ms] [LOG] [Fast Refresh] done in 62ms @ http://localhost:3000/_next/static/chunks/0stj_next_dist_19zsb-q._.js:776
[ 1496752ms] [LOG] [Fast Refresh] done in 62ms @ http://localhost:3000/_next/static/chunks/0stj_next_dist_19zsb-q._.js:776
[ 1496816ms] [LOG] [Fast Refresh] done in 62ms @ http://localhost:3000/_next/static/chunks/0stj_next_dist_19zsb-q._.js:776
[ 1496879ms] [LOG] [Fast Refresh] done in 62ms @ http://localhost:3000/_next/static/chunks/0stj_next_dist_19zsb-q._.js:776
[ 1496942ms] [LOG] [Fast Refresh] done in 62ms @ http://localhost:3000/_next/static/chunks/0stj_next_dist_19zsb-q._.js:776
[ 1497004ms] [LOG] [Fast Refresh] done in 62ms @ http://localhost:3000/_next/static/chunks/0stj_next_dist_19zsb-q._.js:776
[ 1497066ms] [LOG] [Fast Refresh] done in 62ms @ http://localhost:3000/_next/static/chunks/0stj_next_dist_19zsb-q._.js:776
[ 1497128ms] [LOG] [Fast Refresh] done in 62ms @ http://localhost:3000/_next/static/chunks/0stj_next_dist_19zsb-q._.js:776
[ 1497191ms] [LOG] [Fast Refresh] done in 62ms @ http://localhost:3000/_next/static/chunks/0stj_next_dist_19zsb-q._.js:776
[ 1497253ms] [LOG] [Fast Refresh] done in 62ms @ http://localhost:3000/_next/static/chunks/0stj_next_dist_19zsb-q._.js:776
[ 1497315ms] [LOG] [Fast Refresh] done in 62ms @ http://localhost:3000/_next/static/chunks/0stj_next_dist_19zsb-q._.js:776
[ 1497377ms] [LOG] [Fast Refresh] done in 62ms @ http://localhost:3000/_next/static/chunks/0stj_next_dist_19zsb-q._.js:776
[ 1497440ms] [LOG] [Fast Refresh] done in 62ms @ http://localhost:3000/_next/static/chunks/0stj_next_dist_19zsb-q._.js:776
[ 1497502ms] [LOG] [Fast Refresh] done in 62ms @ http://localhost:3000/_next/static/chunks/0stj_next_dist_19zsb-q._.js:776
[ 1497564ms] [LOG] [Fast Refresh] done in 62ms @ http://localhost:3000/_next/static/chunks/0stj_next_dist_19zsb-q._.js:776
[ 1497627ms] [LOG] [Fast Refresh] done in 62ms @ http://localhost:3000/_next/static/chunks/0stj_next_dist_19zsb-q._.js:776
[ 1497689ms] [LOG] [Fast Refresh] done in 62ms @ http://localhost:3000/_next/static/chunks/0stj_next_dist_19zsb-q._.js:776
[ 1497751ms] [LOG] [Fast Refresh] done in 62ms @ http://localhost:3000/_next/static/chunks/0stj_next_dist_19zsb-q._.js:776
[ 1497813ms] [LOG] [Fast Refresh] done in 62ms @ http://localhost:3000/_next/static/chunks/0stj_next_dist_19zsb-q._.js:776
[ 1497876ms] [LOG] [Fast Refresh] done in 62ms @ http://localhost:3000/_next/static/chunks/0stj_next_dist_19zsb-q._.js:776
[ 1497938ms] [LOG] [Fast Refresh] done in 62ms @ http://localhost:3000/_next/static/chunks/0stj_next_dist_19zsb-q._.js:776
[ 1497999ms] [LOG] [Fast Refresh] done in 62ms @ http://localhost:3000/_next/static/chunks/0stj_next_dist_19zsb-q._.js:776
[ 1498061ms] [LOG] [Fast Refresh] done in 62ms @ http://localhost:3000/_next/static/chunks/0stj_next_dist_19zsb-q._.js:776
[ 1498122ms] [LOG] [Fast Refresh] done in 62ms @ http://localhost:3000/_next/static/chunks/0stj_next_dist_19zsb-q._.js:776
[ 1498185ms] [LOG] [Fast Refresh] done in 62ms @ http://localhost:3000/_next/static/chunks/0stj_next_dist_19zsb-q._.js:776
[ 1498248ms] [LOG] [Fast Refresh] done in 62ms @ http://localhost:3000/_next/static/chunks/0stj_next_dist_19zsb-q._.js:776
[ 1498310ms] [LOG] [Fast Refresh] done in 62ms @ http://localhost:3000/_next/static/chunks/0stj_next_dist_19zsb-q._.js:776
[ 1498373ms] [LOG] [Fast Refresh] done in 62ms @ http://localhost:3000/_next/static/chunks/0stj_next_dist_19zsb-q._.js:776
[ 1498434ms] [LOG] [Fast Refresh] done in 62ms @ http://localhost:3000/_next/static/chunks/0stj_next_dist_19zsb-q._.js:776
[ 1498495ms] [LOG] [Fast Refresh] done in 62ms @ http://localhost:3000/_next/static/chunks/0stj_next_dist_19zsb-q._.js:776
[ 1498558ms] [LOG] [Fast Refresh] done in 62ms @ http://localhost:3000/_next/static/chunks/0stj_next_dist_19zsb-q._.js:776
[ 1498620ms] [LOG] [Fast Refresh] done in 62ms @ http://localhost:3000/_next/static/chunks/0stj_next_dist_19zsb-q._.js:776
[ 1498681ms] [LOG] [Fast Refresh] done in 62ms @ http://localhost:3000/_next/static/chunks/0stj_next_dist_19zsb-q._.js:776
[ 1498745ms] [LOG] [Fast Refresh] done in 62ms @ http://localhost:3000/_next/static/chunks/0stj_next_dist_19zsb-q._.js:776
[ 1498807ms] [LOG] [Fast Refresh] done in 62ms @ http://localhost:3000/_next/static/chunks/0stj_next_dist_19zsb-q._.js:776
[ 1498871ms] [LOG] [Fast Refresh] done in 62ms @ http://localhost:3000/_next/static/chunks/0stj_next_dist_19zsb-q._.js:776
[ 1498933ms] [LOG] [Fast Refresh] done in 62ms @ http://localhost:3000/_next/static/chunks/0stj_next_dist_19zsb-q._.js:776
[ 1498996ms] [LOG] [Fast Refresh] done in 62ms @ http://localhost:3000/_next/static/chunks/0stj_next_dist_19zsb-q._.js:776
[ 1499060ms] [LOG] [Fast Refresh] done in 62ms @ http://localhost:3000/_next/static/chunks/0stj_next_dist_19zsb-q._.js:776
[ 1499121ms] [LOG] [Fast Refresh] done in 62ms @ http://localhost:3000/_next/static/chunks/0stj_next_dist_19zsb-q._.js:776
[ 1499183ms] [LOG] [Fast Refresh] done in 62ms @ http://localhost:3000/_next/static/chunks/0stj_next_dist_19zsb-q._.js:776
[ 1499246ms] [LOG] [Fast Refresh] done in 62ms @ http://localhost:3000/_next/static/chunks/0stj_next_dist_19zsb-q._.js:776
[ 1499309ms] [LOG] [Fast Refresh] done in 62ms @ http://localhost:3000/_next/static/chunks/0stj_next_dist_19zsb-q._.js:776
[ 1499372ms] [LOG] [Fast Refresh] done in 62ms @ http://localhost:3000/_next/static/chunks/0stj_next_dist_19zsb-q._.js:776
[ 1499433ms] [LOG] [Fast Refresh] done in 62ms @ http://localhost:3000/_next/static/chunks/0stj_next_dist_19zsb-q._.js:776
[ 1499496ms] [LOG] [Fast Refresh] done in 62ms @ http://localhost:3000/_next/static/chunks/0stj_next_dist_19zsb-q._.js:776
[ 1499558ms] [LOG] [Fast Refresh] done in 62ms @ http://localhost:3000/_next/static/chunks/0stj_next_dist_19zsb-q._.js:776
[ 1499621ms] [LOG] [Fast Refresh] done in 62ms @ http://localhost:3000/_next/static/chunks/0stj_next_dist_19zsb-q._.js:776
[ 1499683ms] [LOG] [Fast Refresh] done in 62ms @ http://localhost:3000/_next/static/chunks/0stj_next_dist_19zsb-q._.js:776
[ 1499747ms] [LOG] [Fast Refresh] done in 62ms @ http://localhost:3000/_next/static/chunks/0stj_next_dist_19zsb-q._.js:776
[ 1499809ms] [LOG] [Fast Refresh] done in 62ms @ http://localhost:3000/_next/static/chunks/0stj_next_dist_19zsb-q._.js:776
[ 1499870ms] [LOG] [Fast Refresh] done in 62ms @ http://localhost:3000/_next/static/chunks/0stj_next_dist_19zsb-q._.js:776
[ 1499933ms] [LOG] [Fast Refresh] done in 62ms @ http://localhost:3000/_next/static/chunks/0stj_next_dist_19zsb-q._.js:776
[ 1499995ms] [LOG] [Fast Refresh] done in 62ms @ http://localhost:3000/_next/static/chunks/0stj_next_dist_19zsb-q._.js:776
[ 1500057ms] [LOG] [Fast Refresh] done in 62ms @ http://localhost:3000/_next/static/chunks/0stj_next_dist_19zsb-q._.js:776
[ 1500119ms] [LOG] [Fast Refresh] done in 62ms @ http://localhost:3000/_next/static/chunks/0stj_next_dist_19zsb-q._.js:776
[ 1500181ms] [LOG] [Fast Refresh] done in 62ms @ http://localhost:3000/_next/static/chunks/0stj_next_dist_19zsb-q._.js:776
[ 1500243ms] [LOG] [Fast Refresh] done in 62ms @ http://localhost:3000/_next/static/chunks/0stj_next_dist_19zsb-q._.js:776
[ 1500306ms] [LOG] [Fast Refresh] done in 62ms @ http://localhost:3000/_next/static/chunks/0stj_next_dist_19zsb-q._.js:776
[ 1500368ms] [LOG] [Fast Refresh] done in 62ms @ http://localhost:3000/_next/static/chunks/0stj_next_dist_19zsb-q._.js:776
[ 1500430ms] [LOG] [Fast Refresh] done in 62ms @ http://localhost:3000/_next/static/chunks/0stj_next_dist_19zsb-q._.js:776
[ 1500493ms] [LOG] [Fast Refresh] done in 62ms @ http://localhost:3000/_next/static/chunks/0stj_next_dist_19zsb-q._.js:776
[ 1500555ms] [LOG] [Fast Refresh] done in 62ms @ http://localhost:3000/_next/static/chunks/0stj_next_dist_19zsb-q._.js:776
[ 1500618ms] [LOG] [Fast Refresh] done in 62ms @ http://localhost:3000/_next/static/chunks/0stj_next_dist_19zsb-q._.js:776
[ 1500680ms] [LOG] [Fast Refresh] done in 62ms @ http://localhost:3000/_next/static/chunks/0stj_next_dist_19zsb-q._.js:776
[ 1500742ms] [LOG] [Fast Refresh] done in 62ms @ http://localhost:3000/_next/static/chunks/0stj_next_dist_19zsb-q._.js:776
[ 1500804ms] [LOG] [Fast Refresh] done in 62ms @ http://localhost:3000/_next/static/chunks/0stj_next_dist_19zsb-q._.js:776
[ 1500865ms] [LOG] [Fast Refresh] done in 62ms @ http://localhost:3000/_next/static/chunks/0stj_next_dist_19zsb-q._.js:776
[ 1500927ms] [LOG] [Fast Refresh] done in 62ms @ http://localhost:3000/_next/static/chunks/0stj_next_dist_19zsb-q._.js:776
[ 1500989ms] [LOG] [Fast Refresh] done in 62ms @ http://localhost:3000/_next/static/chunks/0stj_next_dist_19zsb-q._.js:776
[ 1501052ms] [LOG] [Fast Refresh] done in 62ms @ http://localhost:3000/_next/static/chunks/0stj_next_dist_19zsb-q._.js:776
[ 1501113ms] [LOG] [Fast Refresh] done in 62ms @ http://localhost:3000/_next/static/chunks/0stj_next_dist_19zsb-q._.js:776
[ 1501176ms] [LOG] [Fast Refresh] done in 62ms @ http://localhost:3000/_next/static/chunks/0stj_next_dist_19zsb-q._.js:776
[ 1501238ms] [LOG] [Fast Refresh] done in 62ms @ http://localhost:3000/_next/static/chunks/0stj_next_dist_19zsb-q._.js:776
[ 1501301ms] [LOG] [Fast Refresh] done in 62ms @ http://localhost:3000/_next/static/chunks/0stj_next_dist_19zsb-q._.js:776
[ 1501362ms] [LOG] [Fast Refresh] done in 62ms @ http://localhost:3000/_next/static/chunks/0stj_next_dist_19zsb-q._.js:776
[ 1501424ms] [LOG] [Fast Refresh] done in 62ms @ http://localhost:3000/_next/static/chunks/0stj_next_dist_19zsb-q._.js:776
[ 1501487ms] [LOG] [Fast Refresh] done in 62ms @ http://localhost:3000/_next/static/chunks/0stj_next_dist_19zsb-q._.js:776
[ 1501549ms] [LOG] [Fast Refresh] done in 62ms @ http://localhost:3000/_next/static/chunks/0stj_next_dist_19zsb-q._.js:776
[ 1501613ms] [LOG] [Fast Refresh] done in 62ms @ http://localhost:3000/_next/static/chunks/0stj_next_dist_19zsb-q._.js:776
[ 1501675ms] [LOG] [Fast Refresh] done in 62ms @ http://localhost:3000/_next/static/chunks/0stj_next_dist_19zsb-q._.js:776
[ 1501737ms] [LOG] [Fast Refresh] done in 62ms @ http://localhost:3000/_next/static/chunks/0stj_next_dist_19zsb-q._.js:776
[ 1501800ms] [LOG] [Fast Refresh] done in 62ms @ http://localhost:3000/_next/static/chunks/0stj_next_dist_19zsb-q._.js:776
[ 1501862ms] [LOG] [Fast Refresh] done in 62ms @ http://localhost:3000/_next/static/chunks/0stj_next_dist_19zsb-q._.js:776
[ 1501924ms] [LOG] [Fast Refresh] done in 62ms @ http://localhost:3000/_next/static/chunks/0stj_next_dist_19zsb-q._.js:776
[ 1501987ms] [LOG] [Fast Refresh] done in 62ms @ http://localhost:3000/_next/static/chunks/0stj_next_dist_19zsb-q._.js:776
[ 1502051ms] [LOG] [Fast Refresh] done in 62ms @ http://localhost:3000/_next/static/chunks/0stj_next_dist_19zsb-q._.js:776
[ 1502113ms] [LOG] [Fast Refresh] done in 62ms @ http://localhost:3000/_next/static/chunks/0stj_next_dist_19zsb-q._.js:776
[ 1502176ms] [LOG] [Fast Refresh] done in 62ms @ http://localhost:3000/_next/static/chunks/0stj_next_dist_19zsb-q._.js:776
[ 1502238ms] [LOG] [Fast Refresh] done in 62ms @ http://localhost:3000/_next/static/chunks/0stj_next_dist_19zsb-q._.js:776
[ 1502300ms] [LOG] [Fast Refresh] done in 62ms @ http://localhost:3000/_next/static/chunks/0stj_next_dist_19zsb-q._.js:776
[ 1502362ms] [LOG] [Fast Refresh] done in 62ms @ http://localhost:3000/_next/static/chunks/0stj_next_dist_19zsb-q._.js:776
[ 1502423ms] [LOG] [Fast Refresh] done in 62ms @ http://localhost:3000/_next/static/chunks/0stj_next_dist_19zsb-q._.js:776
[ 1502485ms] [LOG] [Fast Refresh] done in 62ms @ http://localhost:3000/_next/static/chunks/0stj_next_dist_19zsb-q._.js:776
[ 1502548ms] [LOG] [Fast Refresh] done in 62ms @ http://localhost:3000/_next/static/chunks/0stj_next_dist_19zsb-q._.js:776
[ 1502608ms] [LOG] [Fast Refresh] done in 62ms @ http://localhost:3000/_next/static/chunks/0stj_next_dist_19zsb-q._.js:776
[ 1502671ms] [LOG] [Fast Refresh] done in 62ms @ http://localhost:3000/_next/static/chunks/0stj_next_dist_19zsb-q._.js:776
[ 1502733ms] [LOG] [Fast Refresh] done in 62ms @ http://localhost:3000/_next/static/chunks/0stj_next_dist_19zsb-q._.js:776
[ 1502795ms] [LOG] [Fast Refresh] done in 62ms @ http://localhost:3000/_next/static/chunks/0stj_next_dist_19zsb-q._.js:776
[ 1502858ms] [LOG] [Fast Refresh] done in 62ms @ http://localhost:3000/_next/static/chunks/0stj_next_dist_19zsb-q._.js:776
[ 1502920ms] [LOG] [Fast Refresh] done in 62ms @ http://localhost:3000/_next/static/chunks/0stj_next_dist_19zsb-q._.js:776
[ 1502983ms] [LOG] [Fast Refresh] done in 62ms @ http://localhost:3000/_next/static/chunks/0stj_next_dist_19zsb-q._.js:776
[ 1503045ms] [LOG] [Fast Refresh] done in 62ms @ http://localhost:3000/_next/static/chunks/0stj_next_dist_19zsb-q._.js:776
[ 1503108ms] [LOG] [Fast Refresh] done in 62ms @ http://localhost:3000/_next/static/chunks/0stj_next_dist_19zsb-q._.js:776
[ 1503171ms] [LOG] [Fast Refresh] done in 62ms @ http://localhost:3000/_next/static/chunks/0stj_next_dist_19zsb-q._.js:776
[ 1503232ms] [LOG] [Fast Refresh] done in 62ms @ http://localhost:3000/_next/static/chunks/0stj_next_dist_19zsb-q._.js:776
[ 1503296ms] [LOG] [Fast Refresh] done in 62ms @ http://localhost:3000/_next/static/chunks/0stj_next_dist_19zsb-q._.js:776
[ 1503357ms] [LOG] [Fast Refresh] done in 62ms @ http://localhost:3000/_next/static/chunks/0stj_next_dist_19zsb-q._.js:776
[ 1503420ms] [LOG] [Fast Refresh] done in 62ms @ http://localhost:3000/_next/static/chunks/0stj_next_dist_19zsb-q._.js:776
[ 1503481ms] [LOG] [Fast Refresh] done in 62ms @ http://localhost:3000/_next/static/chunks/0stj_next_dist_19zsb-q._.js:776
[ 1503545ms] [LOG] [Fast Refresh] done in 62ms @ http://localhost:3000/_next/static/chunks/0stj_next_dist_19zsb-q._.js:776
[ 1503607ms] [LOG] [Fast Refresh] done in 62ms @ http://localhost:3000/_next/static/chunks/0stj_next_dist_19zsb-q._.js:776
[ 1503669ms] [LOG] [Fast Refresh] done in 62ms @ http://localhost:3000/_next/static/chunks/0stj_next_dist_19zsb-q._.js:776
[ 1503731ms] [LOG] [Fast Refresh] done in 62ms @ http://localhost:3000/_next/static/chunks/0stj_next_dist_19zsb-q._.js:776
[ 1503792ms] [LOG] [Fast Refresh] done in 62ms @ http://localhost:3000/_next/static/chunks/0stj_next_dist_19zsb-q._.js:776
[ 1503854ms] [LOG] [Fast Refresh] done in 62ms @ http://localhost:3000/_next/static/chunks/0stj_next_dist_19zsb-q._.js:776
[ 1503918ms] [LOG] [Fast Refresh] done in 62ms @ http://localhost:3000/_next/static/chunks/0stj_next_dist_19zsb-q._.js:776
[ 1503980ms] [LOG] [Fast Refresh] done in 62ms @ http://localhost:3000/_next/static/chunks/0stj_next_dist_19zsb-q._.js:776
[ 1504043ms] [LOG] [Fast Refresh] done in 62ms @ http://localhost:3000/_next/static/chunks/0stj_next_dist_19zsb-q._.js:776
[ 1504105ms] [LOG] [Fast Refresh] done in 62ms @ http://localhost:3000/_next/static/chunks/0stj_next_dist_19zsb-q._.js:776
[ 1504167ms] [LOG] [Fast Refresh] done in 62ms @ http://localhost:3000/_next/static/chunks/0stj_next_dist_19zsb-q._.js:776
[ 1504229ms] [LOG] [Fast Refresh] done in 62ms @ http://localhost:3000/_next/static/chunks/0stj_next_dist_19zsb-q._.js:776
[ 1504292ms] [LOG] [Fast Refresh] done in 62ms @ http://localhost:3000/_next/static/chunks/0stj_next_dist_19zsb-q._.js:776
[ 1504353ms] [LOG] [Fast Refresh] done in 62ms @ http://localhost:3000/_next/static/chunks/0stj_next_dist_19zsb-q._.js:776
[ 1504415ms] [LOG] [Fast Refresh] done in 62ms @ http://localhost:3000/_next/static/chunks/0stj_next_dist_19zsb-q._.js:776
[ 1504477ms] [LOG] [Fast Refresh] done in 62ms @ http://localhost:3000/_next/static/chunks/0stj_next_dist_19zsb-q._.js:776
[ 1504540ms] [LOG] [Fast Refresh] done in 62ms @ http://localhost:3000/_next/static/chunks/0stj_next_dist_19zsb-q._.js:776
[ 1504603ms] [LOG] [Fast Refresh] done in 62ms @ http://localhost:3000/_next/static/chunks/0stj_next_dist_19zsb-q._.js:776
[ 1504665ms] [LOG] [Fast Refresh] done in 62ms @ http://localhost:3000/_next/static/chunks/0stj_next_dist_19zsb-q._.js:776
[ 1504728ms] [LOG] [Fast Refresh] done in 62ms @ http://localhost:3000/_next/static/chunks/0stj_next_dist_19zsb-q._.js:776
[ 1504790ms] [LOG] [Fast Refresh] done in 62ms @ http://localhost:3000/_next/static/chunks/0stj_next_dist_19zsb-q._.js:776
[ 1504852ms] [LOG] [Fast Refresh] done in 62ms @ http://localhost:3000/_next/static/chunks/0stj_next_dist_19zsb-q._.js:776
[ 1504913ms] [LOG] [Fast Refresh] done in 62ms @ http://localhost:3000/_next/static/chunks/0stj_next_dist_19zsb-q._.js:776
[ 1504974ms] [LOG] [Fast Refresh] done in 62ms @ http://localhost:3000/_next/static/chunks/0stj_next_dist_19zsb-q._.js:776
[ 1505037ms] [LOG] [Fast Refresh] done in 62ms @ http://localhost:3000/_next/static/chunks/0stj_next_dist_19zsb-q._.js:776
[ 1505099ms] [LOG] [Fast Refresh] done in 62ms @ http://localhost:3000/_next/static/chunks/0stj_next_dist_19zsb-q._.js:776
[ 1505161ms] [LOG] [Fast Refresh] done in 62ms @ http://localhost:3000/_next/static/chunks/0stj_next_dist_19zsb-q._.js:776
[ 1505224ms] [LOG] [Fast Refresh] done in 62ms @ http://localhost:3000/_next/static/chunks/0stj_next_dist_19zsb-q._.js:776
[ 1505287ms] [LOG] [Fast Refresh] done in 62ms @ http://localhost:3000/_next/static/chunks/0stj_next_dist_19zsb-q._.js:776
[ 1505349ms] [LOG] [Fast Refresh] done in 62ms @ http://localhost:3000/_next/static/chunks/0stj_next_dist_19zsb-q._.js:776
[ 1505412ms] [LOG] [Fast Refresh] done in 62ms @ http://localhost:3000/_next/static/chunks/0stj_next_dist_19zsb-q._.js:776
[ 1505475ms] [LOG] [Fast Refresh] done in 62ms @ http://localhost:3000/_next/static/chunks/0stj_next_dist_19zsb-q._.js:776
[ 1505537ms] [LOG] [Fast Refresh] done in 62ms @ http://localhost:3000/_next/static/chunks/0stj_next_dist_19zsb-q._.js:776
[ 1505599ms] [LOG] [Fast Refresh] done in 62ms @ http://localhost:3000/_next/static/chunks/0stj_next_dist_19zsb-q._.js:776
[ 1505660ms] [LOG] [Fast Refresh] done in 62ms @ http://localhost:3000/_next/static/chunks/0stj_next_dist_19zsb-q._.js:776
[ 1505723ms] [LOG] [Fast Refresh] done in 62ms @ http://localhost:3000/_next/static/chunks/0stj_next_dist_19zsb-q._.js:776
[ 1505786ms] [LOG] [Fast Refresh] done in 62ms @ http://localhost:3000/_next/static/chunks/0stj_next_dist_19zsb-q._.js:776
[ 1505848ms] [LOG] [Fast Refresh] done in 62ms @ http://localhost:3000/_next/static/chunks/0stj_next_dist_19zsb-q._.js:776
[ 1505911ms] [LOG] [Fast Refresh] done in 62ms @ http://localhost:3000/_next/static/chunks/0stj_next_dist_19zsb-q._.js:776
[ 1505973ms] [LOG] [Fast Refresh] done in 62ms @ http://localhost:3000/_next/static/chunks/0stj_next_dist_19zsb-q._.js:776
[ 1506035ms] [LOG] [Fast Refresh] done in 62ms @ http://localhost:3000/_next/static/chunks/0stj_next_dist_19zsb-q._.js:776
[ 1506096ms] [LOG] [Fast Refresh] done in 62ms @ http://localhost:3000/_next/static/chunks/0stj_next_dist_19zsb-q._.js:776
[ 1506159ms] [LOG] [Fast Refresh] done in 62ms @ http://localhost:3000/_next/static/chunks/0stj_next_dist_19zsb-q._.js:776
[ 1506221ms] [LOG] [Fast Refresh] done in 62ms @ http://localhost:3000/_next/static/chunks/0stj_next_dist_19zsb-q._.js:776
[ 1506283ms] [LOG] [Fast Refresh] done in 62ms @ http://localhost:3000/_next/static/chunks/0stj_next_dist_19zsb-q._.js:776
[ 1506345ms] [LOG] [Fast Refresh] done in 62ms @ http://localhost:3000/_next/static/chunks/0stj_next_dist_19zsb-q._.js:776
[ 1506408ms] [LOG] [Fast Refresh] done in 62ms @ http://localhost:3000/_next/static/chunks/0stj_next_dist_19zsb-q._.js:776
[ 1506470ms] [LOG] [Fast Refresh] done in 62ms @ http://localhost:3000/_next/static/chunks/0stj_next_dist_19zsb-q._.js:776
[ 1506533ms] [LOG] [Fast Refresh] done in 62ms @ http://localhost:3000/_next/static/chunks/0stj_next_dist_19zsb-q._.js:776
[ 1506595ms] [LOG] [Fast Refresh] done in 62ms @ http://localhost:3000/_next/static/chunks/0stj_next_dist_19zsb-q._.js:776
[ 1506657ms] [LOG] [Fast Refresh] done in 62ms @ http://localhost:3000/_next/static/chunks/0stj_next_dist_19zsb-q._.js:776
[ 1506719ms] [LOG] [Fast Refresh] done in 62ms @ http://localhost:3000/_next/static/chunks/0stj_next_dist_19zsb-q._.js:776
[ 1506781ms] [LOG] [Fast Refresh] done in 62ms @ http://localhost:3000/_next/static/chunks/0stj_next_dist_19zsb-q._.js:776
[ 1506843ms] [LOG] [Fast Refresh] done in 62ms @ http://localhost:3000/_next/static/chunks/0stj_next_dist_19zsb-q._.js:776
[ 1506906ms] [LOG] [Fast Refresh] done in 62ms @ http://localhost:3000/_next/static/chunks/0stj_next_dist_19zsb-q._.js:776
[ 1506967ms] [LOG] [Fast Refresh] done in 62ms @ http://localhost:3000/_next/static/chunks/0stj_next_dist_19zsb-q._.js:776
[ 1507031ms] [LOG] [Fast Refresh] done in 62ms @ http://localhost:3000/_next/static/chunks/0stj_next_dist_19zsb-q._.js:776
[ 1507093ms] [LOG] [Fast Refresh] done in 62ms @ http://localhost:3000/_next/static/chunks/0stj_next_dist_19zsb-q._.js:776
[ 1507155ms] [LOG] [Fast Refresh] done in 62ms @ http://localhost:3000/_next/static/chunks/0stj_next_dist_19zsb-q._.js:776
[ 1507216ms] [LOG] [Fast Refresh] done in 62ms @ http://localhost:3000/_next/static/chunks/0stj_next_dist_19zsb-q._.js:776
[ 1507278ms] [LOG] [Fast Refresh] done in 62ms @ http://localhost:3000/_next/static/chunks/0stj_next_dist_19zsb-q._.js:776
[ 1507340ms] [LOG] [Fast Refresh] done in 62ms @ http://localhost:3000/_next/static/chunks/0stj_next_dist_19zsb-q._.js:776
[ 1507401ms] [LOG] [Fast Refresh] done in 62ms @ http://localhost:3000/_next/static/chunks/0stj_next_dist_19zsb-q._.js:776
[ 1507464ms] [LOG] [Fast Refresh] done in 62ms @ http://localhost:3000/_next/static/chunks/0stj_next_dist_19zsb-q._.js:776
[ 1507526ms] [LOG] [Fast Refresh] done in 62ms @ http://localhost:3000/_next/static/chunks/0stj_next_dist_19zsb-q._.js:776
[ 1507589ms] [LOG] [Fast Refresh] done in 62ms @ http://localhost:3000/_next/static/chunks/0stj_next_dist_19zsb-q._.js:776
[ 1507651ms] [LOG] [Fast Refresh] done in 62ms @ http://localhost:3000/_next/static/chunks/0stj_next_dist_19zsb-q._.js:776
[ 1507714ms] [LOG] [Fast Refresh] done in 62ms @ http://localhost:3000/_next/static/chunks/0stj_next_dist_19zsb-q._.js:776
[ 1507776ms] [LOG] [Fast Refresh] done in 62ms @ http://localhost:3000/_next/static/chunks/0stj_next_dist_19zsb-q._.js:776
[ 1507838ms] [LOG] [Fast Refresh] done in 62ms @ http://localhost:3000/_next/static/chunks/0stj_next_dist_19zsb-q._.js:776
[ 1507902ms] [LOG] [Fast Refresh] done in 62ms @ http://localhost:3000/_next/static/chunks/0stj_next_dist_19zsb-q._.js:776
[ 1507964ms] [LOG] [Fast Refresh] done in 62ms @ http://localhost:3000/_next/static/chunks/0stj_next_dist_19zsb-q._.js:776
[ 1508026ms] [LOG] [Fast Refresh] done in 62ms @ http://localhost:3000/_next/static/chunks/0stj_next_dist_19zsb-q._.js:776
[ 1508088ms] [LOG] [Fast Refresh] done in 62ms @ http://localhost:3000/_next/static/chunks/0stj_next_dist_19zsb-q._.js:776
[ 1508151ms] [LOG] [Fast Refresh] done in 62ms @ http://localhost:3000/_next/static/chunks/0stj_next_dist_19zsb-q._.js:776
[ 1508214ms] [LOG] [Fast Refresh] done in 62ms @ http://localhost:3000/_next/static/chunks/0stj_next_dist_19zsb-q._.js:776
[ 1508276ms] [LOG] [Fast Refresh] done in 62ms @ http://localhost:3000/_next/static/chunks/0stj_next_dist_19zsb-q._.js:776
[ 1508336ms] [LOG] [Fast Refresh] done in 62ms @ http://localhost:3000/_next/static/chunks/0stj_next_dist_19zsb-q._.js:776
[ 1508398ms] [LOG] [Fast Refresh] done in 62ms @ http://localhost:3000/_next/static/chunks/0stj_next_dist_19zsb-q._.js:776
[ 1508459ms] [LOG] [Fast Refresh] done in 62ms @ http://localhost:3000/_next/static/chunks/0stj_next_dist_19zsb-q._.js:776
[ 1508521ms] [LOG] [Fast Refresh] done in 62ms @ http://localhost:3000/_next/static/chunks/0stj_next_dist_19zsb-q._.js:776
[ 1508583ms] [LOG] [Fast Refresh] done in 62ms @ http://localhost:3000/_next/static/chunks/0stj_next_dist_19zsb-q._.js:776
[ 1508645ms] [LOG] [Fast Refresh] done in 62ms @ http://localhost:3000/_next/static/chunks/0stj_next_dist_19zsb-q._.js:776
[ 1508706ms] [LOG] [Fast Refresh] done in 62ms @ http://localhost:3000/_next/static/chunks/0stj_next_dist_19zsb-q._.js:776
[ 1508769ms] [LOG] [Fast Refresh] done in 62ms @ http://localhost:3000/_next/static/chunks/0stj_next_dist_19zsb-q._.js:776
[ 1508831ms] [LOG] [Fast Refresh] done in 62ms @ http://localhost:3000/_next/static/chunks/0stj_next_dist_19zsb-q._.js:776
[ 1508894ms] [LOG] [Fast Refresh] done in 62ms @ http://localhost:3000/_next/static/chunks/0stj_next_dist_19zsb-q._.js:776
[ 1508957ms] [LOG] [Fast Refresh] done in 62ms @ http://localhost:3000/_next/static/chunks/0stj_next_dist_19zsb-q._.js:776
[ 1509020ms] [LOG] [Fast Refresh] done in 62ms @ http://localhost:3000/_next/static/chunks/0stj_next_dist_19zsb-q._.js:776
[ 1509083ms] [LOG] [Fast Refresh] done in 62ms @ http://localhost:3000/_next/static/chunks/0stj_next_dist_19zsb-q._.js:776
[ 1509144ms] [LOG] [Fast Refresh] done in 62ms @ http://localhost:3000/_next/static/chunks/0stj_next_dist_19zsb-q._.js:776
[ 1509206ms] [LOG] [Fast Refresh] done in 62ms @ http://localhost:3000/_next/static/chunks/0stj_next_dist_19zsb-q._.js:776
[ 1509269ms] [LOG] [Fast Refresh] done in 62ms @ http://localhost:3000/_next/static/chunks/0stj_next_dist_19zsb-q._.js:776
[ 1509329ms] [LOG] [Fast Refresh] done in 62ms @ http://localhost:3000/_next/static/chunks/0stj_next_dist_19zsb-q._.js:776
[ 1509391ms] [LOG] [Fast Refresh] done in 62ms @ http://localhost:3000/_next/static/chunks/0stj_next_dist_19zsb-q._.js:776
[ 1509454ms] [LOG] [Fast Refresh] done in 62ms @ http://localhost:3000/_next/static/chunks/0stj_next_dist_19zsb-q._.js:776
[ 1509516ms] [LOG] [Fast Refresh] done in 62ms @ http://localhost:3000/_next/static/chunks/0stj_next_dist_19zsb-q._.js:776
[ 1509578ms] [LOG] [Fast Refresh] done in 62ms @ http://localhost:3000/_next/static/chunks/0stj_next_dist_19zsb-q._.js:776
[ 1509640ms] [LOG] [Fast Refresh] done in 62ms @ http://localhost:3000/_next/static/chunks/0stj_next_dist_19zsb-q._.js:776
[ 1509702ms] [LOG] [Fast Refresh] done in 62ms @ http://localhost:3000/_next/static/chunks/0stj_next_dist_19zsb-q._.js:776
[ 1509764ms] [LOG] [Fast Refresh] done in 62ms @ http://localhost:3000/_next/static/chunks/0stj_next_dist_19zsb-q._.js:776
[ 1509825ms] [LOG] [Fast Refresh] done in 62ms @ http://localhost:3000/_next/static/chunks/0stj_next_dist_19zsb-q._.js:776
[ 1509888ms] [LOG] [Fast Refresh] done in 62ms @ http://localhost:3000/_next/static/chunks/0stj_next_dist_19zsb-q._.js:776
[ 1509951ms] [LOG] [Fast Refresh] done in 62ms @ http://localhost:3000/_next/static/chunks/0stj_next_dist_19zsb-q._.js:776
[ 1510012ms] [LOG] [Fast Refresh] done in 62ms @ http://localhost:3000/_next/static/chunks/0stj_next_dist_19zsb-q._.js:776
[ 1510074ms] [LOG] [Fast Refresh] done in 62ms @ http://localhost:3000/_next/static/chunks/0stj_next_dist_19zsb-q._.js:776
[ 1510137ms] [LOG] [Fast Refresh] done in 62ms @ http://localhost:3000/_next/static/chunks/0stj_next_dist_19zsb-q._.js:776
[ 1510199ms] [LOG] [Fast Refresh] done in 62ms @ http://localhost:3000/_next/static/chunks/0stj_next_dist_19zsb-q._.js:776
[ 1510261ms] [LOG] [Fast Refresh] done in 62ms @ http://localhost:3000/_next/static/chunks/0stj_next_dist_19zsb-q._.js:776
[ 1510325ms] [LOG] [Fast Refresh] done in 62ms @ http://localhost:3000/_next/static/chunks/0stj_next_dist_19zsb-q._.js:776
[ 1510387ms] [LOG] [Fast Refresh] done in 62ms @ http://localhost:3000/_next/static/chunks/0stj_next_dist_19zsb-q._.js:776
[ 1510450ms] [LOG] [Fast Refresh] done in 62ms @ http://localhost:3000/_next/static/chunks/0stj_next_dist_19zsb-q._.js:776
[ 1510512ms] [LOG] [Fast Refresh] done in 62ms @ http://localhost:3000/_next/static/chunks/0stj_next_dist_19zsb-q._.js:776
[ 1510575ms] [LOG] [Fast Refresh] done in 62ms @ http://localhost:3000/_next/static/chunks/0stj_next_dist_19zsb-q._.js:776
[ 1510636ms] [LOG] [Fast Refresh] done in 62ms @ http://localhost:3000/_next/static/chunks/0stj_next_dist_19zsb-q._.js:776
[ 1510699ms] [LOG] [Fast Refresh] done in 62ms @ http://localhost:3000/_next/static/chunks/0stj_next_dist_19zsb-q._.js:776
[ 1510762ms] [LOG] [Fast Refresh] done in 62ms @ http://localhost:3000/_next/static/chunks/0stj_next_dist_19zsb-q._.js:776
[ 1510824ms] [LOG] [Fast Refresh] done in 62ms @ http://localhost:3000/_next/static/chunks/0stj_next_dist_19zsb-q._.js:776
[ 1510885ms] [LOG] [Fast Refresh] done in 62ms @ http://localhost:3000/_next/static/chunks/0stj_next_dist_19zsb-q._.js:776
[ 1510946ms] [LOG] [Fast Refresh] done in 62ms @ http://localhost:3000/_next/static/chunks/0stj_next_dist_19zsb-q._.js:776
[ 1511010ms] [LOG] [Fast Refresh] done in 62ms @ http://localhost:3000/_next/static/chunks/0stj_next_dist_19zsb-q._.js:776
[ 1511072ms] [LOG] [Fast Refresh] done in 62ms @ http://localhost:3000/_next/static/chunks/0stj_next_dist_19zsb-q._.js:776
[ 1511135ms] [LOG] [Fast Refresh] done in 62ms @ http://localhost:3000/_next/static/chunks/0stj_next_dist_19zsb-q._.js:776
[ 1511198ms] [LOG] [Fast Refresh] done in 62ms @ http://localhost:3000/_next/static/chunks/0stj_next_dist_19zsb-q._.js:776
[ 1511261ms] [LOG] [Fast Refresh] done in 62ms @ http://localhost:3000/_next/static/chunks/0stj_next_dist_19zsb-q._.js:776
[ 1511324ms] [LOG] [Fast Refresh] done in 62ms @ http://localhost:3000/_next/static/chunks/0stj_next_dist_19zsb-q._.js:776
[ 1511385ms] [LOG] [Fast Refresh] done in 62ms @ http://localhost:3000/_next/static/chunks/0stj_next_dist_19zsb-q._.js:776
[ 1511448ms] [LOG] [Fast Refresh] done in 62ms @ http://localhost:3000/_next/static/chunks/0stj_next_dist_19zsb-q._.js:776
[ 1511511ms] [LOG] [Fast Refresh] done in 62ms @ http://localhost:3000/_next/static/chunks/0stj_next_dist_19zsb-q._.js:776
[ 1511573ms] [LOG] [Fast Refresh] done in 62ms @ http://localhost:3000/_next/static/chunks/0stj_next_dist_19zsb-q._.js:776
[ 1511635ms] [LOG] [Fast Refresh] done in 62ms @ http://localhost:3000/_next/static/chunks/0stj_next_dist_19zsb-q._.js:776
[ 1511697ms] [LOG] [Fast Refresh] done in 62ms @ http://localhost:3000/_next/static/chunks/0stj_next_dist_19zsb-q._.js:776
[ 1511759ms] [LOG] [Fast Refresh] done in 62ms @ http://localhost:3000/_next/static/chunks/0stj_next_dist_19zsb-q._.js:776
[ 1511822ms] [LOG] [Fast Refresh] done in 62ms @ http://localhost:3000/_next/static/chunks/0stj_next_dist_19zsb-q._.js:776
[ 1511884ms] [LOG] [Fast Refresh] done in 62ms @ http://localhost:3000/_next/static/chunks/0stj_next_dist_19zsb-q._.js:776
[ 1511947ms] [LOG] [Fast Refresh] done in 62ms @ http://localhost:3000/_next/static/chunks/0stj_next_dist_19zsb-q._.js:776
[ 1512009ms] [LOG] [Fast Refresh] done in 62ms @ http://localhost:3000/_next/static/chunks/0stj_next_dist_19zsb-q._.js:776
[ 1512071ms] [LOG] [Fast Refresh] done in 62ms @ http://localhost:3000/_next/static/chunks/0stj_next_dist_19zsb-q._.js:776
[ 1512134ms] [LOG] [Fast Refresh] done in 62ms @ http://localhost:3000/_next/static/chunks/0stj_next_dist_19zsb-q._.js:776
[ 1512196ms] [LOG] [Fast Refresh] done in 62ms @ http://localhost:3000/_next/static/chunks/0stj_next_dist_19zsb-q._.js:776
[ 1512259ms] [LOG] [Fast Refresh] done in 62ms @ http://localhost:3000/_next/static/chunks/0stj_next_dist_19zsb-q._.js:776
[ 1512322ms] [LOG] [Fast Refresh] done in 62ms @ http://localhost:3000/_next/static/chunks/0stj_next_dist_19zsb-q._.js:776
[ 1512384ms] [LOG] [Fast Refresh] done in 62ms @ http://localhost:3000/_next/static/chunks/0stj_next_dist_19zsb-q._.js:776
[ 1512447ms] [LOG] [Fast Refresh] done in 62ms @ http://localhost:3000/_next/static/chunks/0stj_next_dist_19zsb-q._.js:776
[ 1512510ms] [LOG] [Fast Refresh] done in 62ms @ http://localhost:3000/_next/static/chunks/0stj_next_dist_19zsb-q._.js:776
[ 1512572ms] [LOG] [Fast Refresh] done in 62ms @ http://localhost:3000/_next/static/chunks/0stj_next_dist_19zsb-q._.js:776
[ 1512634ms] [LOG] [Fast Refresh] done in 62ms @ http://localhost:3000/_next/static/chunks/0stj_next_dist_19zsb-q._.js:776
[ 1512697ms] [LOG] [Fast Refresh] done in 62ms @ http://localhost:3000/_next/static/chunks/0stj_next_dist_19zsb-q._.js:776
[ 1512758ms] [LOG] [Fast Refresh] done in 62ms @ http://localhost:3000/_next/static/chunks/0stj_next_dist_19zsb-q._.js:776
[ 1512821ms] [LOG] [Fast Refresh] done in 62ms @ http://localhost:3000/_next/static/chunks/0stj_next_dist_19zsb-q._.js:776
[ 1512883ms] [LOG] [Fast Refresh] done in 62ms @ http://localhost:3000/_next/static/chunks/0stj_next_dist_19zsb-q._.js:776
[ 1512945ms] [LOG] [Fast Refresh] done in 62ms @ http://localhost:3000/_next/static/chunks/0stj_next_dist_19zsb-q._.js:776
[ 1513007ms] [LOG] [Fast Refresh] done in 62ms @ http://localhost:3000/_next/static/chunks/0stj_next_dist_19zsb-q._.js:776
[ 1513069ms] [LOG] [Fast Refresh] done in 62ms @ http://localhost:3000/_next/static/chunks/0stj_next_dist_19zsb-q._.js:776
[ 1513131ms] [LOG] [Fast Refresh] done in 62ms @ http://localhost:3000/_next/static/chunks/0stj_next_dist_19zsb-q._.js:776
[ 1513195ms] [LOG] [Fast Refresh] done in 62ms @ http://localhost:3000/_next/static/chunks/0stj_next_dist_19zsb-q._.js:776
[ 1513257ms] [LOG] [Fast Refresh] done in 62ms @ http://localhost:3000/_next/static/chunks/0stj_next_dist_19zsb-q._.js:776
[ 1513320ms] [LOG] [Fast Refresh] done in 62ms @ http://localhost:3000/_next/static/chunks/0stj_next_dist_19zsb-q._.js:776
[ 1513384ms] [LOG] [Fast Refresh] done in 62ms @ http://localhost:3000/_next/static/chunks/0stj_next_dist_19zsb-q._.js:776
[ 1513447ms] [LOG] [Fast Refresh] done in 62ms @ http://localhost:3000/_next/static/chunks/0stj_next_dist_19zsb-q._.js:776
[ 1513509ms] [LOG] [Fast Refresh] done in 62ms @ http://localhost:3000/_next/static/chunks/0stj_next_dist_19zsb-q._.js:776
[ 1513570ms] [LOG] [Fast Refresh] done in 62ms @ http://localhost:3000/_next/static/chunks/0stj_next_dist_19zsb-q._.js:776
[ 1513632ms] [LOG] [Fast Refresh] done in 62ms @ http://localhost:3000/_next/static/chunks/0stj_next_dist_19zsb-q._.js:776
[ 1513694ms] [LOG] [Fast Refresh] done in 62ms @ http://localhost:3000/_next/static/chunks/0stj_next_dist_19zsb-q._.js:776
[ 1513755ms] [LOG] [Fast Refresh] done in 62ms @ http://localhost:3000/_next/static/chunks/0stj_next_dist_19zsb-q._.js:776
[ 1513818ms] [LOG] [Fast Refresh] done in 62ms @ http://localhost:3000/_next/static/chunks/0stj_next_dist_19zsb-q._.js:776
[ 1513881ms] [LOG] [Fast Refresh] done in 62ms @ http://localhost:3000/_next/static/chunks/0stj_next_dist_19zsb-q._.js:776
[ 1513944ms] [LOG] [Fast Refresh] done in 62ms @ http://localhost:3000/_next/static/chunks/0stj_next_dist_19zsb-q._.js:776
[ 1514006ms] [LOG] [Fast Refresh] done in 62ms @ http://localhost:3000/_next/static/chunks/0stj_next_dist_19zsb-q._.js:776
[ 1514067ms] [LOG] [Fast Refresh] done in 62ms @ http://localhost:3000/_next/static/chunks/0stj_next_dist_19zsb-q._.js:776
[ 1514129ms] [LOG] [Fast Refresh] done in 62ms @ http://localhost:3000/_next/static/chunks/0stj_next_dist_19zsb-q._.js:776
[ 1514192ms] [LOG] [Fast Refresh] done in 62ms @ http://localhost:3000/_next/static/chunks/0stj_next_dist_19zsb-q._.js:776
[ 1514254ms] [LOG] [Fast Refresh] done in 62ms @ http://localhost:3000/_next/static/chunks/0stj_next_dist_19zsb-q._.js:776
[ 1514315ms] [LOG] [Fast Refresh] done in 62ms @ http://localhost:3000/_next/static/chunks/0stj_next_dist_19zsb-q._.js:776
[ 1514377ms] [LOG] [Fast Refresh] done in 62ms @ http://localhost:3000/_next/static/chunks/0stj_next_dist_19zsb-q._.js:776
[ 1514439ms] [LOG] [Fast Refresh] done in 62ms @ http://localhost:3000/_next/static/chunks/0stj_next_dist_19zsb-q._.js:776
[ 1514501ms] [LOG] [Fast Refresh] done in 62ms @ http://localhost:3000/_next/static/chunks/0stj_next_dist_19zsb-q._.js:776
[ 1514563ms] [LOG] [Fast Refresh] done in 62ms @ http://localhost:3000/_next/static/chunks/0stj_next_dist_19zsb-q._.js:776
[ 1514625ms] [LOG] [Fast Refresh] done in 62ms @ http://localhost:3000/_next/static/chunks/0stj_next_dist_19zsb-q._.js:776
[ 1514688ms] [LOG] [Fast Refresh] done in 62ms @ http://localhost:3000/_next/static/chunks/0stj_next_dist_19zsb-q._.js:776
[ 1514750ms] [LOG] [Fast Refresh] done in 62ms @ http://localhost:3000/_next/static/chunks/0stj_next_dist_19zsb-q._.js:776
[ 1514813ms] [LOG] [Fast Refresh] done in 62ms @ http://localhost:3000/_next/static/chunks/0stj_next_dist_19zsb-q._.js:776
[ 1514875ms] [LOG] [Fast Refresh] done in 62ms @ http://localhost:3000/_next/static/chunks/0stj_next_dist_19zsb-q._.js:776
[ 1514937ms] [LOG] [Fast Refresh] done in 62ms @ http://localhost:3000/_next/static/chunks/0stj_next_dist_19zsb-q._.js:776
[ 1515000ms] [LOG] [Fast Refresh] done in 62ms @ http://localhost:3000/_next/static/chunks/0stj_next_dist_19zsb-q._.js:776
[ 1515063ms] [LOG] [Fast Refresh] done in 62ms @ http://localhost:3000/_next/static/chunks/0stj_next_dist_19zsb-q._.js:776
[ 1515125ms] [LOG] [Fast Refresh] done in 62ms @ http://localhost:3000/_next/static/chunks/0stj_next_dist_19zsb-q._.js:776
[ 1515187ms] [LOG] [Fast Refresh] done in 62ms @ http://localhost:3000/_next/static/chunks/0stj_next_dist_19zsb-q._.js:776
[ 1515250ms] [LOG] [Fast Refresh] done in 62ms @ http://localhost:3000/_next/static/chunks/0stj_next_dist_19zsb-q._.js:776
[ 1515313ms] [LOG] [Fast Refresh] done in 62ms @ http://localhost:3000/_next/static/chunks/0stj_next_dist_19zsb-q._.js:776
[ 1515375ms] [LOG] [Fast Refresh] done in 62ms @ http://localhost:3000/_next/static/chunks/0stj_next_dist_19zsb-q._.js:776
[ 1515437ms] [LOG] [Fast Refresh] done in 62ms @ http://localhost:3000/_next/static/chunks/0stj_next_dist_19zsb-q._.js:776
[ 1515500ms] [LOG] [Fast Refresh] done in 62ms @ http://localhost:3000/_next/static/chunks/0stj_next_dist_19zsb-q._.js:776
[ 1515563ms] [LOG] [Fast Refresh] done in 62ms @ http://localhost:3000/_next/static/chunks/0stj_next_dist_19zsb-q._.js:776
[ 1515625ms] [LOG] [Fast Refresh] done in 62ms @ http://localhost:3000/_next/static/chunks/0stj_next_dist_19zsb-q._.js:776
[ 1515687ms] [LOG] [Fast Refresh] done in 62ms @ http://localhost:3000/_next/static/chunks/0stj_next_dist_19zsb-q._.js:776
[ 1515749ms] [LOG] [Fast Refresh] done in 62ms @ http://localhost:3000/_next/static/chunks/0stj_next_dist_19zsb-q._.js:776
[ 1515812ms] [LOG] [Fast Refresh] done in 62ms @ http://localhost:3000/_next/static/chunks/0stj_next_dist_19zsb-q._.js:776
[ 1515875ms] [LOG] [Fast Refresh] done in 62ms @ http://localhost:3000/_next/static/chunks/0stj_next_dist_19zsb-q._.js:776
[ 1515937ms] [LOG] [Fast Refresh] done in 62ms @ http://localhost:3000/_next/static/chunks/0stj_next_dist_19zsb-q._.js:776
[ 1515998ms] [LOG] [Fast Refresh] done in 62ms @ http://localhost:3000/_next/static/chunks/0stj_next_dist_19zsb-q._.js:776
[ 1516061ms] [LOG] [Fast Refresh] done in 62ms @ http://localhost:3000/_next/static/chunks/0stj_next_dist_19zsb-q._.js:776
[ 1516123ms] [LOG] [Fast Refresh] done in 62ms @ http://localhost:3000/_next/static/chunks/0stj_next_dist_19zsb-q._.js:776
[ 1516185ms] [LOG] [Fast Refresh] done in 62ms @ http://localhost:3000/_next/static/chunks/0stj_next_dist_19zsb-q._.js:776
[ 1516246ms] [LOG] [Fast Refresh] done in 62ms @ http://localhost:3000/_next/static/chunks/0stj_next_dist_19zsb-q._.js:776
[ 1516307ms] [LOG] [Fast Refresh] done in 62ms @ http://localhost:3000/_next/static/chunks/0stj_next_dist_19zsb-q._.js:776
[ 1516370ms] [LOG] [Fast Refresh] done in 62ms @ http://localhost:3000/_next/static/chunks/0stj_next_dist_19zsb-q._.js:776
[ 1516432ms] [LOG] [Fast Refresh] done in 62ms @ http://localhost:3000/_next/static/chunks/0stj_next_dist_19zsb-q._.js:776
[ 1516495ms] [LOG] [Fast Refresh] done in 62ms @ http://localhost:3000/_next/static/chunks/0stj_next_dist_19zsb-q._.js:776
[ 1516557ms] [LOG] [Fast Refresh] done in 62ms @ http://localhost:3000/_next/static/chunks/0stj_next_dist_19zsb-q._.js:776
[ 1516619ms] [LOG] [Fast Refresh] done in 62ms @ http://localhost:3000/_next/static/chunks/0stj_next_dist_19zsb-q._.js:776
[ 1516681ms] [LOG] [Fast Refresh] done in 62ms @ http://localhost:3000/_next/static/chunks/0stj_next_dist_19zsb-q._.js:776
[ 1516744ms] [LOG] [Fast Refresh] done in 62ms @ http://localhost:3000/_next/static/chunks/0stj_next_dist_19zsb-q._.js:776
[ 1516807ms] [LOG] [Fast Refresh] done in 62ms @ http://localhost:3000/_next/static/chunks/0stj_next_dist_19zsb-q._.js:776
[ 1516869ms] [LOG] [Fast Refresh] done in 62ms @ http://localhost:3000/_next/static/chunks/0stj_next_dist_19zsb-q._.js:776
[ 1516931ms] [LOG] [Fast Refresh] done in 62ms @ http://localhost:3000/_next/static/chunks/0stj_next_dist_19zsb-q._.js:776
[ 1516993ms] [LOG] [Fast Refresh] done in 62ms @ http://localhost:3000/_next/static/chunks/0stj_next_dist_19zsb-q._.js:776
[ 1517056ms] [LOG] [Fast Refresh] done in 62ms @ http://localhost:3000/_next/static/chunks/0stj_next_dist_19zsb-q._.js:776
[ 1517118ms] [LOG] [Fast Refresh] done in 62ms @ http://localhost:3000/_next/static/chunks/0stj_next_dist_19zsb-q._.js:776
[ 1517181ms] [LOG] [Fast Refresh] done in 62ms @ http://localhost:3000/_next/static/chunks/0stj_next_dist_19zsb-q._.js:776
[ 1517243ms] [LOG] [Fast Refresh] done in 62ms @ http://localhost:3000/_next/static/chunks/0stj_next_dist_19zsb-q._.js:776
[ 1517304ms] [LOG] [Fast Refresh] done in 62ms @ http://localhost:3000/_next/static/chunks/0stj_next_dist_19zsb-q._.js:776
[ 1517367ms] [LOG] [Fast Refresh] done in 62ms @ http://localhost:3000/_next/static/chunks/0stj_next_dist_19zsb-q._.js:776
[ 1517429ms] [LOG] [Fast Refresh] done in 62ms @ http://localhost:3000/_next/static/chunks/0stj_next_dist_19zsb-q._.js:776
[ 1517492ms] [LOG] [Fast Refresh] done in 62ms @ http://localhost:3000/_next/static/chunks/0stj_next_dist_19zsb-q._.js:776
[ 1517555ms] [LOG] [Fast Refresh] done in 62ms @ http://localhost:3000/_next/static/chunks/0stj_next_dist_19zsb-q._.js:776
[ 1517617ms] [LOG] [Fast Refresh] done in 62ms @ http://localhost:3000/_next/static/chunks/0stj_next_dist_19zsb-q._.js:776
[ 1517680ms] [LOG] [Fast Refresh] done in 62ms @ http://localhost:3000/_next/static/chunks/0stj_next_dist_19zsb-q._.js:776
[ 1517743ms] [LOG] [Fast Refresh] done in 62ms @ http://localhost:3000/_next/static/chunks/0stj_next_dist_19zsb-q._.js:776
[ 1517804ms] [LOG] [Fast Refresh] done in 62ms @ http://localhost:3000/_next/static/chunks/0stj_next_dist_19zsb-q._.js:776
[ 1517867ms] [LOG] [Fast Refresh] done in 62ms @ http://localhost:3000/_next/static/chunks/0stj_next_dist_19zsb-q._.js:776
[ 1517929ms] [LOG] [Fast Refresh] done in 62ms @ http://localhost:3000/_next/static/chunks/0stj_next_dist_19zsb-q._.js:776
[ 1517990ms] [LOG] [Fast Refresh] done in 62ms @ http://localhost:3000/_next/static/chunks/0stj_next_dist_19zsb-q._.js:776
[ 1518053ms] [LOG] [Fast Refresh] done in 62ms @ http://localhost:3000/_next/static/chunks/0stj_next_dist_19zsb-q._.js:776
[ 1518114ms] [LOG] [Fast Refresh] done in 62ms @ http://localhost:3000/_next/static/chunks/0stj_next_dist_19zsb-q._.js:776
[ 1518176ms] [LOG] [Fast Refresh] done in 62ms @ http://localhost:3000/_next/static/chunks/0stj_next_dist_19zsb-q._.js:776
[ 1518239ms] [LOG] [Fast Refresh] done in 62ms @ http://localhost:3000/_next/static/chunks/0stj_next_dist_19zsb-q._.js:776
[ 1518300ms] [LOG] [Fast Refresh] done in 62ms @ http://localhost:3000/_next/static/chunks/0stj_next_dist_19zsb-q._.js:776
[ 1518362ms] [LOG] [Fast Refresh] done in 62ms @ http://localhost:3000/_next/static/chunks/0stj_next_dist_19zsb-q._.js:776
[ 1518424ms] [LOG] [Fast Refresh] done in 62ms @ http://localhost:3000/_next/static/chunks/0stj_next_dist_19zsb-q._.js:776
[ 1518486ms] [LOG] [Fast Refresh] done in 62ms @ http://localhost:3000/_next/static/chunks/0stj_next_dist_19zsb-q._.js:776
[ 1518549ms] [LOG] [Fast Refresh] done in 62ms @ http://localhost:3000/_next/static/chunks/0stj_next_dist_19zsb-q._.js:776
[ 1518612ms] [LOG] [Fast Refresh] done in 62ms @ http://localhost:3000/_next/static/chunks/0stj_next_dist_19zsb-q._.js:776
[ 1518674ms] [LOG] [Fast Refresh] done in 62ms @ http://localhost:3000/_next/static/chunks/0stj_next_dist_19zsb-q._.js:776
[ 1518735ms] [LOG] [Fast Refresh] done in 62ms @ http://localhost:3000/_next/static/chunks/0stj_next_dist_19zsb-q._.js:776
[ 1518798ms] [LOG] [Fast Refresh] done in 62ms @ http://localhost:3000/_next/static/chunks/0stj_next_dist_19zsb-q._.js:776
[ 1518860ms] [LOG] [Fast Refresh] done in 62ms @ http://localhost:3000/_next/static/chunks/0stj_next_dist_19zsb-q._.js:776
[ 1518921ms] [LOG] [Fast Refresh] done in 62ms @ http://localhost:3000/_next/static/chunks/0stj_next_dist_19zsb-q._.js:776
[ 1518982ms] [LOG] [Fast Refresh] done in 62ms @ http://localhost:3000/_next/static/chunks/0stj_next_dist_19zsb-q._.js:776
[ 1519045ms] [LOG] [Fast Refresh] done in 62ms @ http://localhost:3000/_next/static/chunks/0stj_next_dist_19zsb-q._.js:776
[ 1519107ms] [LOG] [Fast Refresh] done in 62ms @ http://localhost:3000/_next/static/chunks/0stj_next_dist_19zsb-q._.js:776
[ 1519168ms] [LOG] [Fast Refresh] done in 62ms @ http://localhost:3000/_next/static/chunks/0stj_next_dist_19zsb-q._.js:776
[ 1519230ms] [LOG] [Fast Refresh] done in 62ms @ http://localhost:3000/_next/static/chunks/0stj_next_dist_19zsb-q._.js:776
[ 1519291ms] [LOG] [Fast Refresh] done in 62ms @ http://localhost:3000/_next/static/chunks/0stj_next_dist_19zsb-q._.js:776
[ 1519355ms] [LOG] [Fast Refresh] done in 62ms @ http://localhost:3000/_next/static/chunks/0stj_next_dist_19zsb-q._.js:776
[ 1519416ms] [LOG] [Fast Refresh] done in 62ms @ http://localhost:3000/_next/static/chunks/0stj_next_dist_19zsb-q._.js:776
[ 1519478ms] [LOG] [Fast Refresh] done in 62ms @ http://localhost:3000/_next/static/chunks/0stj_next_dist_19zsb-q._.js:776
[ 1519541ms] [LOG] [Fast Refresh] done in 62ms @ http://localhost:3000/_next/static/chunks/0stj_next_dist_19zsb-q._.js:776
[ 1519602ms] [LOG] [Fast Refresh] done in 62ms @ http://localhost:3000/_next/static/chunks/0stj_next_dist_19zsb-q._.js:776
[ 1519664ms] [LOG] [Fast Refresh] done in 62ms @ http://localhost:3000/_next/static/chunks/0stj_next_dist_19zsb-q._.js:776
[ 1519727ms] [LOG] [Fast Refresh] done in 62ms @ http://localhost:3000/_next/static/chunks/0stj_next_dist_19zsb-q._.js:776
[ 1519789ms] [LOG] [Fast Refresh] done in 62ms @ http://localhost:3000/_next/static/chunks/0stj_next_dist_19zsb-q._.js:776
[ 1519853ms] [LOG] [Fast Refresh] done in 62ms @ http://localhost:3000/_next/static/chunks/0stj_next_dist_19zsb-q._.js:776
[ 1519914ms] [LOG] [Fast Refresh] done in 62ms @ http://localhost:3000/_next/static/chunks/0stj_next_dist_19zsb-q._.js:776
[ 1519976ms] [LOG] [Fast Refresh] done in 62ms @ http://localhost:3000/_next/static/chunks/0stj_next_dist_19zsb-q._.js:776
[ 1520038ms] [LOG] [Fast Refresh] done in 62ms @ http://localhost:3000/_next/static/chunks/0stj_next_dist_19zsb-q._.js:776
[ 1520103ms] [LOG] [Fast Refresh] done in 62ms @ http://localhost:3000/_next/static/chunks/0stj_next_dist_19zsb-q._.js:776
[ 1520165ms] [LOG] [Fast Refresh] done in 62ms @ http://localhost:3000/_next/static/chunks/0stj_next_dist_19zsb-q._.js:776
[ 1520226ms] [LOG] [Fast Refresh] done in 62ms @ http://localhost:3000/_next/static/chunks/0stj_next_dist_19zsb-q._.js:776
[ 1520288ms] [LOG] [Fast Refresh] done in 62ms @ http://localhost:3000/_next/static/chunks/0stj_next_dist_19zsb-q._.js:776
[ 1520351ms] [LOG] [Fast Refresh] done in 62ms @ http://localhost:3000/_next/static/chunks/0stj_next_dist_19zsb-q._.js:776
[ 1520414ms] [LOG] [Fast Refresh] done in 62ms @ http://localhost:3000/_next/static/chunks/0stj_next_dist_19zsb-q._.js:776
[ 1520474ms] [LOG] [Fast Refresh] done in 62ms @ http://localhost:3000/_next/static/chunks/0stj_next_dist_19zsb-q._.js:776
[ 1520536ms] [LOG] [Fast Refresh] done in 62ms @ http://localhost:3000/_next/static/chunks/0stj_next_dist_19zsb-q._.js:776
[ 1520598ms] [LOG] [Fast Refresh] done in 62ms @ http://localhost:3000/_next/static/chunks/0stj_next_dist_19zsb-q._.js:776
[ 1520659ms] [LOG] [Fast Refresh] done in 62ms @ http://localhost:3000/_next/static/chunks/0stj_next_dist_19zsb-q._.js:776
[ 1520723ms] [LOG] [Fast Refresh] done in 62ms @ http://localhost:3000/_next/static/chunks/0stj_next_dist_19zsb-q._.js:776
[ 1520784ms] [LOG] [Fast Refresh] done in 62ms @ http://localhost:3000/_next/static/chunks/0stj_next_dist_19zsb-q._.js:776
[ 1520846ms] [LOG] [Fast Refresh] done in 62ms @ http://localhost:3000/_next/static/chunks/0stj_next_dist_19zsb-q._.js:776
[ 1520908ms] [LOG] [Fast Refresh] done in 62ms @ http://localhost:3000/_next/static/chunks/0stj_next_dist_19zsb-q._.js:776
[ 1520969ms] [LOG] [Fast Refresh] done in 62ms @ http://localhost:3000/_next/static/chunks/0stj_next_dist_19zsb-q._.js:776
[ 1521033ms] [LOG] [Fast Refresh] done in 62ms @ http://localhost:3000/_next/static/chunks/0stj_next_dist_19zsb-q._.js:776
[ 1521095ms] [LOG] [Fast Refresh] done in 62ms @ http://localhost:3000/_next/static/chunks/0stj_next_dist_19zsb-q._.js:776
[ 1521158ms] [LOG] [Fast Refresh] done in 62ms @ http://localhost:3000/_next/static/chunks/0stj_next_dist_19zsb-q._.js:776
[ 1521220ms] [LOG] [Fast Refresh] done in 62ms @ http://localhost:3000/_next/static/chunks/0stj_next_dist_19zsb-q._.js:776
[ 1521281ms] [LOG] [Fast Refresh] done in 62ms @ http://localhost:3000/_next/static/chunks/0stj_next_dist_19zsb-q._.js:776
[ 1521344ms] [LOG] [Fast Refresh] done in 62ms @ http://localhost:3000/_next/static/chunks/0stj_next_dist_19zsb-q._.js:776
[ 1521407ms] [LOG] [Fast Refresh] done in 62ms @ http://localhost:3000/_next/static/chunks/0stj_next_dist_19zsb-q._.js:776
[ 1521468ms] [LOG] [Fast Refresh] done in 62ms @ http://localhost:3000/_next/static/chunks/0stj_next_dist_19zsb-q._.js:776
[ 1521531ms] [LOG] [Fast Refresh] done in 62ms @ http://localhost:3000/_next/static/chunks/0stj_next_dist_19zsb-q._.js:776
[ 1521593ms] [LOG] [Fast Refresh] done in 62ms @ http://localhost:3000/_next/static/chunks/0stj_next_dist_19zsb-q._.js:776
[ 1521654ms] [LOG] [Fast Refresh] done in 62ms @ http://localhost:3000/_next/static/chunks/0stj_next_dist_19zsb-q._.js:776
[ 1521717ms] [LOG] [Fast Refresh] done in 62ms @ http://localhost:3000/_next/static/chunks/0stj_next_dist_19zsb-q._.js:776
[ 1521780ms] [LOG] [Fast Refresh] done in 62ms @ http://localhost:3000/_next/static/chunks/0stj_next_dist_19zsb-q._.js:776
[ 1521842ms] [LOG] [Fast Refresh] done in 62ms @ http://localhost:3000/_next/static/chunks/0stj_next_dist_19zsb-q._.js:776
[ 1521904ms] [LOG] [Fast Refresh] done in 62ms @ http://localhost:3000/_next/static/chunks/0stj_next_dist_19zsb-q._.js:776
[ 1521968ms] [LOG] [Fast Refresh] done in 62ms @ http://localhost:3000/_next/static/chunks/0stj_next_dist_19zsb-q._.js:776
[ 1522030ms] [LOG] [Fast Refresh] done in 62ms @ http://localhost:3000/_next/static/chunks/0stj_next_dist_19zsb-q._.js:776
[ 1522093ms] [LOG] [Fast Refresh] done in 62ms @ http://localhost:3000/_next/static/chunks/0stj_next_dist_19zsb-q._.js:776
[ 1522157ms] [LOG] [Fast Refresh] done in 62ms @ http://localhost:3000/_next/static/chunks/0stj_next_dist_19zsb-q._.js:776
[ 1522218ms] [LOG] [Fast Refresh] done in 62ms @ http://localhost:3000/_next/static/chunks/0stj_next_dist_19zsb-q._.js:776
[ 1522281ms] [LOG] [Fast Refresh] done in 62ms @ http://localhost:3000/_next/static/chunks/0stj_next_dist_19zsb-q._.js:776
[ 1522344ms] [LOG] [Fast Refresh] done in 62ms @ http://localhost:3000/_next/static/chunks/0stj_next_dist_19zsb-q._.js:776
[ 1522407ms] [LOG] [Fast Refresh] done in 62ms @ http://localhost:3000/_next/static/chunks/0stj_next_dist_19zsb-q._.js:776
[ 1522470ms] [LOG] [Fast Refresh] done in 62ms @ http://localhost:3000/_next/static/chunks/0stj_next_dist_19zsb-q._.js:776
[ 1522532ms] [LOG] [Fast Refresh] done in 62ms @ http://localhost:3000/_next/static/chunks/0stj_next_dist_19zsb-q._.js:776
[ 1522594ms] [LOG] [Fast Refresh] done in 62ms @ http://localhost:3000/_next/static/chunks/0stj_next_dist_19zsb-q._.js:776
[ 1522657ms] [LOG] [Fast Refresh] done in 62ms @ http://localhost:3000/_next/static/chunks/0stj_next_dist_19zsb-q._.js:776
[ 1522720ms] [LOG] [Fast Refresh] done in 62ms @ http://localhost:3000/_next/static/chunks/0stj_next_dist_19zsb-q._.js:776
[ 1522783ms] [LOG] [Fast Refresh] done in 62ms @ http://localhost:3000/_next/static/chunks/0stj_next_dist_19zsb-q._.js:776
[ 1522846ms] [LOG] [Fast Refresh] done in 62ms @ http://localhost:3000/_next/static/chunks/0stj_next_dist_19zsb-q._.js:776
[ 1522909ms] [LOG] [Fast Refresh] done in 62ms @ http://localhost:3000/_next/static/chunks/0stj_next_dist_19zsb-q._.js:776
[ 1522971ms] [LOG] [Fast Refresh] done in 62ms @ http://localhost:3000/_next/static/chunks/0stj_next_dist_19zsb-q._.js:776
[ 1523033ms] [LOG] [Fast Refresh] done in 62ms @ http://localhost:3000/_next/static/chunks/0stj_next_dist_19zsb-q._.js:776
[ 1523095ms] [LOG] [Fast Refresh] done in 62ms @ http://localhost:3000/_next/static/chunks/0stj_next_dist_19zsb-q._.js:776
[ 1523158ms] [LOG] [Fast Refresh] done in 62ms @ http://localhost:3000/_next/static/chunks/0stj_next_dist_19zsb-q._.js:776
[ 1523221ms] [LOG] [Fast Refresh] done in 62ms @ http://localhost:3000/_next/static/chunks/0stj_next_dist_19zsb-q._.js:776
[ 1523283ms] [LOG] [Fast Refresh] done in 62ms @ http://localhost:3000/_next/static/chunks/0stj_next_dist_19zsb-q._.js:776
[ 1523346ms] [LOG] [Fast Refresh] done in 62ms @ http://localhost:3000/_next/static/chunks/0stj_next_dist_19zsb-q._.js:776
[ 1523407ms] [LOG] [Fast Refresh] done in 62ms @ http://localhost:3000/_next/static/chunks/0stj_next_dist_19zsb-q._.js:776
[ 1523469ms] [LOG] [Fast Refresh] done in 62ms @ http://localhost:3000/_next/static/chunks/0stj_next_dist_19zsb-q._.js:776
[ 1523533ms] [LOG] [Fast Refresh] done in 62ms @ http://localhost:3000/_next/static/chunks/0stj_next_dist_19zsb-q._.js:776
[ 1523595ms] [LOG] [Fast Refresh] done in 62ms @ http://localhost:3000/_next/static/chunks/0stj_next_dist_19zsb-q._.js:776
[ 1523656ms] [LOG] [Fast Refresh] done in 62ms @ http://localhost:3000/_next/static/chunks/0stj_next_dist_19zsb-q._.js:776
[ 1523719ms] [LOG] [Fast Refresh] done in 62ms @ http://localhost:3000/_next/static/chunks/0stj_next_dist_19zsb-q._.js:776
[ 1523782ms] [LOG] [Fast Refresh] done in 62ms @ http://localhost:3000/_next/static/chunks/0stj_next_dist_19zsb-q._.js:776
[ 1523845ms] [LOG] [Fast Refresh] done in 62ms @ http://localhost:3000/_next/static/chunks/0stj_next_dist_19zsb-q._.js:776
[ 1523907ms] [LOG] [Fast Refresh] done in 62ms @ http://localhost:3000/_next/static/chunks/0stj_next_dist_19zsb-q._.js:776
[ 1523970ms] [LOG] [Fast Refresh] done in 62ms @ http://localhost:3000/_next/static/chunks/0stj_next_dist_19zsb-q._.js:776
[ 1524032ms] [LOG] [Fast Refresh] done in 62ms @ http://localhost:3000/_next/static/chunks/0stj_next_dist_19zsb-q._.js:776
[ 1524094ms] [LOG] [Fast Refresh] done in 62ms @ http://localhost:3000/_next/static/chunks/0stj_next_dist_19zsb-q._.js:776
[ 1524156ms] [LOG] [Fast Refresh] done in 62ms @ http://localhost:3000/_next/static/chunks/0stj_next_dist_19zsb-q._.js:776
[ 1524219ms] [LOG] [Fast Refresh] done in 62ms @ http://localhost:3000/_next/static/chunks/0stj_next_dist_19zsb-q._.js:776
[ 1524281ms] [LOG] [Fast Refresh] done in 62ms @ http://localhost:3000/_next/static/chunks/0stj_next_dist_19zsb-q._.js:776
[ 1524344ms] [LOG] [Fast Refresh] done in 62ms @ http://localhost:3000/_next/static/chunks/0stj_next_dist_19zsb-q._.js:776
[ 1524407ms] [LOG] [Fast Refresh] done in 62ms @ http://localhost:3000/_next/static/chunks/0stj_next_dist_19zsb-q._.js:776
[ 1524469ms] [LOG] [Fast Refresh] done in 62ms @ http://localhost:3000/_next/static/chunks/0stj_next_dist_19zsb-q._.js:776
[ 1524531ms] [LOG] [Fast Refresh] done in 62ms @ http://localhost:3000/_next/static/chunks/0stj_next_dist_19zsb-q._.js:776
[ 1524593ms] [LOG] [Fast Refresh] done in 62ms @ http://localhost:3000/_next/static/chunks/0stj_next_dist_19zsb-q._.js:776
[ 1524655ms] [LOG] [Fast Refresh] done in 62ms @ http://localhost:3000/_next/static/chunks/0stj_next_dist_19zsb-q._.js:776
[ 1524717ms] [LOG] [Fast Refresh] done in 62ms @ http://localhost:3000/_next/static/chunks/0stj_next_dist_19zsb-q._.js:776
[ 1524779ms] [LOG] [Fast Refresh] done in 62ms @ http://localhost:3000/_next/static/chunks/0stj_next_dist_19zsb-q._.js:776
[ 1524841ms] [LOG] [Fast Refresh] done in 62ms @ http://localhost:3000/_next/static/chunks/0stj_next_dist_19zsb-q._.js:776
[ 1524904ms] [LOG] [Fast Refresh] done in 62ms @ http://localhost:3000/_next/static/chunks/0stj_next_dist_19zsb-q._.js:776
[ 1524966ms] [LOG] [Fast Refresh] done in 62ms @ http://localhost:3000/_next/static/chunks/0stj_next_dist_19zsb-q._.js:776
[ 1525029ms] [LOG] [Fast Refresh] done in 62ms @ http://localhost:3000/_next/static/chunks/0stj_next_dist_19zsb-q._.js:776
[ 1525092ms] [LOG] [Fast Refresh] done in 62ms @ http://localhost:3000/_next/static/chunks/0stj_next_dist_19zsb-q._.js:776
[ 1525154ms] [LOG] [Fast Refresh] done in 62ms @ http://localhost:3000/_next/static/chunks/0stj_next_dist_19zsb-q._.js:776
[ 1525215ms] [LOG] [Fast Refresh] done in 62ms @ http://localhost:3000/_next/static/chunks/0stj_next_dist_19zsb-q._.js:776
[ 1525279ms] [LOG] [Fast Refresh] done in 62ms @ http://localhost:3000/_next/static/chunks/0stj_next_dist_19zsb-q._.js:776
[ 1525340ms] [LOG] [Fast Refresh] done in 62ms @ http://localhost:3000/_next/static/chunks/0stj_next_dist_19zsb-q._.js:776
[ 1525401ms] [LOG] [Fast Refresh] done in 62ms @ http://localhost:3000/_next/static/chunks/0stj_next_dist_19zsb-q._.js:776
[ 1525464ms] [LOG] [Fast Refresh] done in 62ms @ http://localhost:3000/_next/static/chunks/0stj_next_dist_19zsb-q._.js:776
[ 1525527ms] [LOG] [Fast Refresh] done in 62ms @ http://localhost:3000/_next/static/chunks/0stj_next_dist_19zsb-q._.js:776
[ 1525589ms] [LOG] [Fast Refresh] done in 62ms @ http://localhost:3000/_next/static/chunks/0stj_next_dist_19zsb-q._.js:776
[ 1525651ms] [LOG] [Fast Refresh] done in 62ms @ http://localhost:3000/_next/static/chunks/0stj_next_dist_19zsb-q._.js:776
[ 1525712ms] [LOG] [Fast Refresh] done in 62ms @ http://localhost:3000/_next/static/chunks/0stj_next_dist_19zsb-q._.js:776
[ 1525775ms] [LOG] [Fast Refresh] done in 62ms @ http://localhost:3000/_next/static/chunks/0stj_next_dist_19zsb-q._.js:776
[ 1525838ms] [LOG] [Fast Refresh] done in 62ms @ http://localhost:3000/_next/static/chunks/0stj_next_dist_19zsb-q._.js:776
[ 1525901ms] [LOG] [Fast Refresh] done in 62ms @ http://localhost:3000/_next/static/chunks/0stj_next_dist_19zsb-q._.js:776
[ 1525963ms] [LOG] [Fast Refresh] done in 62ms @ http://localhost:3000/_next/static/chunks/0stj_next_dist_19zsb-q._.js:776
[ 1526025ms] [LOG] [Fast Refresh] done in 62ms @ http://localhost:3000/_next/static/chunks/0stj_next_dist_19zsb-q._.js:776
[ 1526088ms] [LOG] [Fast Refresh] done in 62ms @ http://localhost:3000/_next/static/chunks/0stj_next_dist_19zsb-q._.js:776
[ 1526149ms] [LOG] [Fast Refresh] done in 62ms @ http://localhost:3000/_next/static/chunks/0stj_next_dist_19zsb-q._.js:776
[ 1526211ms] [LOG] [Fast Refresh] done in 62ms @ http://localhost:3000/_next/static/chunks/0stj_next_dist_19zsb-q._.js:776
[ 1526273ms] [LOG] [Fast Refresh] done in 62ms @ http://localhost:3000/_next/static/chunks/0stj_next_dist_19zsb-q._.js:776
[ 1526335ms] [LOG] [Fast Refresh] done in 62ms @ http://localhost:3000/_next/static/chunks/0stj_next_dist_19zsb-q._.js:776
[ 1526397ms] [LOG] [Fast Refresh] done in 62ms @ http://localhost:3000/_next/static/chunks/0stj_next_dist_19zsb-q._.js:776
[ 1526458ms] [LOG] [Fast Refresh] done in 62ms @ http://localhost:3000/_next/static/chunks/0stj_next_dist_19zsb-q._.js:776
[ 1526520ms] [LOG] [Fast Refresh] done in 62ms @ http://localhost:3000/_next/static/chunks/0stj_next_dist_19zsb-q._.js:776
[ 1526581ms] [LOG] [Fast Refresh] done in 62ms @ http://localhost:3000/_next/static/chunks/0stj_next_dist_19zsb-q._.js:776
[ 1526643ms] [LOG] [Fast Refresh] done in 62ms @ http://localhost:3000/_next/static/chunks/0stj_next_dist_19zsb-q._.js:776
[ 1526705ms] [LOG] [Fast Refresh] done in 62ms @ http://localhost:3000/_next/static/chunks/0stj_next_dist_19zsb-q._.js:776
[ 1526768ms] [LOG] [Fast Refresh] done in 62ms @ http://localhost:3000/_next/static/chunks/0stj_next_dist_19zsb-q._.js:776
[ 1526831ms] [LOG] [Fast Refresh] done in 62ms @ http://localhost:3000/_next/static/chunks/0stj_next_dist_19zsb-q._.js:776
[ 1526893ms] [LOG] [Fast Refresh] done in 62ms @ http://localhost:3000/_next/static/chunks/0stj_next_dist_19zsb-q._.js:776
[ 1526955ms] [LOG] [Fast Refresh] done in 62ms @ http://localhost:3000/_next/static/chunks/0stj_next_dist_19zsb-q._.js:776
[ 1527018ms] [LOG] [Fast Refresh] done in 62ms @ http://localhost:3000/_next/static/chunks/0stj_next_dist_19zsb-q._.js:776
[ 1527079ms] [LOG] [Fast Refresh] done in 62ms @ http://localhost:3000/_next/static/chunks/0stj_next_dist_19zsb-q._.js:776
[ 1527142ms] [LOG] [Fast Refresh] done in 62ms @ http://localhost:3000/_next/static/chunks/0stj_next_dist_19zsb-q._.js:776
[ 1527206ms] [LOG] [Fast Refresh] done in 62ms @ http://localhost:3000/_next/static/chunks/0stj_next_dist_19zsb-q._.js:776
[ 1527269ms] [LOG] [Fast Refresh] done in 62ms @ http://localhost:3000/_next/static/chunks/0stj_next_dist_19zsb-q._.js:776
[ 1527332ms] [LOG] [Fast Refresh] done in 62ms @ http://localhost:3000/_next/static/chunks/0stj_next_dist_19zsb-q._.js:776
[ 1527394ms] [LOG] [Fast Refresh] done in 62ms @ http://localhost:3000/_next/static/chunks/0stj_next_dist_19zsb-q._.js:776
[ 1527456ms] [LOG] [Fast Refresh] done in 62ms @ http://localhost:3000/_next/static/chunks/0stj_next_dist_19zsb-q._.js:776
[ 1527520ms] [LOG] [Fast Refresh] done in 62ms @ http://localhost:3000/_next/static/chunks/0stj_next_dist_19zsb-q._.js:776
[ 1527581ms] [LOG] [Fast Refresh] done in 62ms @ http://localhost:3000/_next/static/chunks/0stj_next_dist_19zsb-q._.js:776
[ 1527643ms] [LOG] [Fast Refresh] done in 62ms @ http://localhost:3000/_next/static/chunks/0stj_next_dist_19zsb-q._.js:776
[ 1527707ms] [LOG] [Fast Refresh] done in 62ms @ http://localhost:3000/_next/static/chunks/0stj_next_dist_19zsb-q._.js:776
[ 1527769ms] [LOG] [Fast Refresh] done in 62ms @ http://localhost:3000/_next/static/chunks/0stj_next_dist_19zsb-q._.js:776
[ 1527832ms] [LOG] [Fast Refresh] done in 62ms @ http://localhost:3000/_next/static/chunks/0stj_next_dist_19zsb-q._.js:776
[ 1527896ms] [LOG] [Fast Refresh] done in 62ms @ http://localhost:3000/_next/static/chunks/0stj_next_dist_19zsb-q._.js:776
[ 1527960ms] [LOG] [Fast Refresh] done in 62ms @ http://localhost:3000/_next/static/chunks/0stj_next_dist_19zsb-q._.js:776
[ 1528023ms] [LOG] [Fast Refresh] done in 62ms @ http://localhost:3000/_next/static/chunks/0stj_next_dist_19zsb-q._.js:776
[ 1528087ms] [LOG] [Fast Refresh] done in 62ms @ http://localhost:3000/_next/static/chunks/0stj_next_dist_19zsb-q._.js:776
[ 1528151ms] [LOG] [Fast Refresh] done in 62ms @ http://localhost:3000/_next/static/chunks/0stj_next_dist_19zsb-q._.js:776
[ 1528214ms] [LOG] [Fast Refresh] done in 62ms @ http://localhost:3000/_next/static/chunks/0stj_next_dist_19zsb-q._.js:776
[ 1528278ms] [LOG] [Fast Refresh] done in 62ms @ http://localhost:3000/_next/static/chunks/0stj_next_dist_19zsb-q._.js:776
[ 1528342ms] [LOG] [Fast Refresh] done in 62ms @ http://localhost:3000/_next/static/chunks/0stj_next_dist_19zsb-q._.js:776
[ 1528406ms] [LOG] [Fast Refresh] done in 62ms @ http://localhost:3000/_next/static/chunks/0stj_next_dist_19zsb-q._.js:776
[ 1528470ms] [LOG] [Fast Refresh] done in 62ms @ http://localhost:3000/_next/static/chunks/0stj_next_dist_19zsb-q._.js:776
[ 1528533ms] [LOG] [Fast Refresh] done in 62ms @ http://localhost:3000/_next/static/chunks/0stj_next_dist_19zsb-q._.js:776
[ 1528596ms] [LOG] [Fast Refresh] done in 62ms @ http://localhost:3000/_next/static/chunks/0stj_next_dist_19zsb-q._.js:776
[ 1528660ms] [LOG] [Fast Refresh] done in 62ms @ http://localhost:3000/_next/static/chunks/0stj_next_dist_19zsb-q._.js:776
[ 1528723ms] [LOG] [Fast Refresh] done in 62ms @ http://localhost:3000/_next/static/chunks/0stj_next_dist_19zsb-q._.js:776
[ 1528786ms] [LOG] [Fast Refresh] done in 62ms @ http://localhost:3000/_next/static/chunks/0stj_next_dist_19zsb-q._.js:776
[ 1528849ms] [LOG] [Fast Refresh] done in 62ms @ http://localhost:3000/_next/static/chunks/0stj_next_dist_19zsb-q._.js:776
[ 1528912ms] [LOG] [Fast Refresh] done in 62ms @ http://localhost:3000/_next/static/chunks/0stj_next_dist_19zsb-q._.js:776
[ 1528975ms] [LOG] [Fast Refresh] done in 62ms @ http://localhost:3000/_next/static/chunks/0stj_next_dist_19zsb-q._.js:776
[ 1529038ms] [LOG] [Fast Refresh] done in 62ms @ http://localhost:3000/_next/static/chunks/0stj_next_dist_19zsb-q._.js:776
[ 1529103ms] [LOG] [Fast Refresh] done in 62ms @ http://localhost:3000/_next/static/chunks/0stj_next_dist_19zsb-q._.js:776
[ 1529165ms] [LOG] [Fast Refresh] done in 62ms @ http://localhost:3000/_next/static/chunks/0stj_next_dist_19zsb-q._.js:776
[ 1529230ms] [LOG] [Fast Refresh] done in 62ms @ http://localhost:3000/_next/static/chunks/0stj_next_dist_19zsb-q._.js:776
[ 1529294ms] [LOG] [Fast Refresh] done in 62ms @ http://localhost:3000/_next/static/chunks/0stj_next_dist_19zsb-q._.js:776
[ 1529357ms] [LOG] [Fast Refresh] done in 62ms @ http://localhost:3000/_next/static/chunks/0stj_next_dist_19zsb-q._.js:776
[ 1529419ms] [LOG] [Fast Refresh] done in 62ms @ http://localhost:3000/_next/static/chunks/0stj_next_dist_19zsb-q._.js:776
[ 1529482ms] [LOG] [Fast Refresh] done in 62ms @ http://localhost:3000/_next/static/chunks/0stj_next_dist_19zsb-q._.js:776
[ 1529543ms] [LOG] [Fast Refresh] done in 62ms @ http://localhost:3000/_next/static/chunks/0stj_next_dist_19zsb-q._.js:776
[ 1529606ms] [LOG] [Fast Refresh] done in 62ms @ http://localhost:3000/_next/static/chunks/0stj_next_dist_19zsb-q._.js:776
[ 1529670ms] [LOG] [Fast Refresh] done in 62ms @ http://localhost:3000/_next/static/chunks/0stj_next_dist_19zsb-q._.js:776
[ 1529734ms] [LOG] [Fast Refresh] done in 62ms @ http://localhost:3000/_next/static/chunks/0stj_next_dist_19zsb-q._.js:776
[ 1529798ms] [LOG] [Fast Refresh] done in 62ms @ http://localhost:3000/_next/static/chunks/0stj_next_dist_19zsb-q._.js:776
[ 1529861ms] [LOG] [Fast Refresh] done in 62ms @ http://localhost:3000/_next/static/chunks/0stj_next_dist_19zsb-q._.js:776
[ 1529924ms] [LOG] [Fast Refresh] done in 62ms @ http://localhost:3000/_next/static/chunks/0stj_next_dist_19zsb-q._.js:776
[ 1529988ms] [LOG] [Fast Refresh] done in 62ms @ http://localhost:3000/_next/static/chunks/0stj_next_dist_19zsb-q._.js:776
[ 1530051ms] [LOG] [Fast Refresh] done in 62ms @ http://localhost:3000/_next/static/chunks/0stj_next_dist_19zsb-q._.js:776
[ 1530115ms] [LOG] [Fast Refresh] done in 62ms @ http://localhost:3000/_next/static/chunks/0stj_next_dist_19zsb-q._.js:776
[ 1530179ms] [LOG] [Fast Refresh] done in 62ms @ http://localhost:3000/_next/static/chunks/0stj_next_dist_19zsb-q._.js:776
[ 1530242ms] [LOG] [Fast Refresh] done in 62ms @ http://localhost:3000/_next/static/chunks/0stj_next_dist_19zsb-q._.js:776
[ 1530306ms] [LOG] [Fast Refresh] done in 62ms @ http://localhost:3000/_next/static/chunks/0stj_next_dist_19zsb-q._.js:776
[ 1530370ms] [LOG] [Fast Refresh] done in 62ms @ http://localhost:3000/_next/static/chunks/0stj_next_dist_19zsb-q._.js:776
[ 1530434ms] [LOG] [Fast Refresh] done in 62ms @ http://localhost:3000/_next/static/chunks/0stj_next_dist_19zsb-q._.js:776
[ 1530496ms] [LOG] [Fast Refresh] done in 62ms @ http://localhost:3000/_next/static/chunks/0stj_next_dist_19zsb-q._.js:776
[ 1530559ms] [LOG] [Fast Refresh] done in 62ms @ http://localhost:3000/_next/static/chunks/0stj_next_dist_19zsb-q._.js:776
[ 1530621ms] [LOG] [Fast Refresh] done in 62ms @ http://localhost:3000/_next/static/chunks/0stj_next_dist_19zsb-q._.js:776
[ 1530682ms] [LOG] [Fast Refresh] done in 62ms @ http://localhost:3000/_next/static/chunks/0stj_next_dist_19zsb-q._.js:776
[ 1530745ms] [LOG] [Fast Refresh] done in 62ms @ http://localhost:3000/_next/static/chunks/0stj_next_dist_19zsb-q._.js:776
[ 1530809ms] [LOG] [Fast Refresh] done in 62ms @ http://localhost:3000/_next/static/chunks/0stj_next_dist_19zsb-q._.js:776
[ 1530873ms] [LOG] [Fast Refresh] done in 62ms @ http://localhost:3000/_next/static/chunks/0stj_next_dist_19zsb-q._.js:776
[ 1530937ms] [LOG] [Fast Refresh] done in 62ms @ http://localhost:3000/_next/static/chunks/0stj_next_dist_19zsb-q._.js:776
[ 1531001ms] [LOG] [Fast Refresh] done in 62ms @ http://localhost:3000/_next/static/chunks/0stj_next_dist_19zsb-q._.js:776
[ 1531064ms] [LOG] [Fast Refresh] done in 62ms @ http://localhost:3000/_next/static/chunks/0stj_next_dist_19zsb-q._.js:776
[ 1531126ms] [LOG] [Fast Refresh] done in 62ms @ http://localhost:3000/_next/static/chunks/0stj_next_dist_19zsb-q._.js:776
[ 1531188ms] [LOG] [Fast Refresh] done in 62ms @ http://localhost:3000/_next/static/chunks/0stj_next_dist_19zsb-q._.js:776
[ 1531250ms] [LOG] [Fast Refresh] done in 62ms @ http://localhost:3000/_next/static/chunks/0stj_next_dist_19zsb-q._.js:776
[ 1531312ms] [LOG] [Fast Refresh] done in 62ms @ http://localhost:3000/_next/static/chunks/0stj_next_dist_19zsb-q._.js:776
[ 1531374ms] [LOG] [Fast Refresh] done in 62ms @ http://localhost:3000/_next/static/chunks/0stj_next_dist_19zsb-q._.js:776
[ 1531438ms] [LOG] [Fast Refresh] done in 62ms @ http://localhost:3000/_next/static/chunks/0stj_next_dist_19zsb-q._.js:776
[ 1531502ms] [LOG] [Fast Refresh] done in 62ms @ http://localhost:3000/_next/static/chunks/0stj_next_dist_19zsb-q._.js:776
[ 1531565ms] [LOG] [Fast Refresh] done in 62ms @ http://localhost:3000/_next/static/chunks/0stj_next_dist_19zsb-q._.js:776
[ 1531629ms] [LOG] [Fast Refresh] done in 62ms @ http://localhost:3000/_next/static/chunks/0stj_next_dist_19zsb-q._.js:776
[ 1531692ms] [LOG] [Fast Refresh] done in 62ms @ http://localhost:3000/_next/static/chunks/0stj_next_dist_19zsb-q._.js:776
[ 1531756ms] [LOG] [Fast Refresh] done in 62ms @ http://localhost:3000/_next/static/chunks/0stj_next_dist_19zsb-q._.js:776
[ 1531819ms] [LOG] [Fast Refresh] done in 62ms @ http://localhost:3000/_next/static/chunks/0stj_next_dist_19zsb-q._.js:776
[ 1531883ms] [LOG] [Fast Refresh] done in 62ms @ http://localhost:3000/_next/static/chunks/0stj_next_dist_19zsb-q._.js:776
[ 1531945ms] [LOG] [Fast Refresh] done in 62ms @ http://localhost:3000/_next/static/chunks/0stj_next_dist_19zsb-q._.js:776
[ 1532010ms] [LOG] [Fast Refresh] done in 62ms @ http://localhost:3000/_next/static/chunks/0stj_next_dist_19zsb-q._.js:776
[ 1532074ms] [LOG] [Fast Refresh] done in 62ms @ http://localhost:3000/_next/static/chunks/0stj_next_dist_19zsb-q._.js:776
[ 1532136ms] [LOG] [Fast Refresh] done in 62ms @ http://localhost:3000/_next/static/chunks/0stj_next_dist_19zsb-q._.js:776
[ 1532199ms] [LOG] [Fast Refresh] done in 62ms @ http://localhost:3000/_next/static/chunks/0stj_next_dist_19zsb-q._.js:776
[ 1532262ms] [LOG] [Fast Refresh] done in 62ms @ http://localhost:3000/_next/static/chunks/0stj_next_dist_19zsb-q._.js:776
[ 1532326ms] [LOG] [Fast Refresh] done in 62ms @ http://localhost:3000/_next/static/chunks/0stj_next_dist_19zsb-q._.js:776
[ 1532390ms] [LOG] [Fast Refresh] done in 62ms @ http://localhost:3000/_next/static/chunks/0stj_next_dist_19zsb-q._.js:776
[ 1532454ms] [LOG] [Fast Refresh] done in 62ms @ http://localhost:3000/_next/static/chunks/0stj_next_dist_19zsb-q._.js:776
[ 1532517ms] [LOG] [Fast Refresh] done in 62ms @ http://localhost:3000/_next/static/chunks/0stj_next_dist_19zsb-q._.js:776
[ 1532580ms] [LOG] [Fast Refresh] done in 62ms @ http://localhost:3000/_next/static/chunks/0stj_next_dist_19zsb-q._.js:776
[ 1532644ms] [LOG] [Fast Refresh] done in 62ms @ http://localhost:3000/_next/static/chunks/0stj_next_dist_19zsb-q._.js:776
[ 1532708ms] [LOG] [Fast Refresh] done in 62ms @ http://localhost:3000/_next/static/chunks/0stj_next_dist_19zsb-q._.js:776
[ 1532773ms] [LOG] [Fast Refresh] done in 62ms @ http://localhost:3000/_next/static/chunks/0stj_next_dist_19zsb-q._.js:776
[ 1532835ms] [LOG] [Fast Refresh] done in 62ms @ http://localhost:3000/_next/static/chunks/0stj_next_dist_19zsb-q._.js:776
[ 1532897ms] [LOG] [Fast Refresh] done in 62ms @ http://localhost:3000/_next/static/chunks/0stj_next_dist_19zsb-q._.js:776
[ 1532961ms] [LOG] [Fast Refresh] done in 62ms @ http://localhost:3000/_next/static/chunks/0stj_next_dist_19zsb-q._.js:776
[ 1533024ms] [LOG] [Fast Refresh] done in 62ms @ http://localhost:3000/_next/static/chunks/0stj_next_dist_19zsb-q._.js:776
[ 1533089ms] [LOG] [Fast Refresh] done in 62ms @ http://localhost:3000/_next/static/chunks/0stj_next_dist_19zsb-q._.js:776
[ 1533151ms] [LOG] [Fast Refresh] done in 62ms @ http://localhost:3000/_next/static/chunks/0stj_next_dist_19zsb-q._.js:776
[ 1533216ms] [LOG] [Fast Refresh] done in 62ms @ http://localhost:3000/_next/static/chunks/0stj_next_dist_19zsb-q._.js:776
[ 1533279ms] [LOG] [Fast Refresh] done in 62ms @ http://localhost:3000/_next/static/chunks/0stj_next_dist_19zsb-q._.js:776
[ 1533343ms] [LOG] [Fast Refresh] done in 62ms @ http://localhost:3000/_next/static/chunks/0stj_next_dist_19zsb-q._.js:776
[ 1533407ms] [LOG] [Fast Refresh] done in 62ms @ http://localhost:3000/_next/static/chunks/0stj_next_dist_19zsb-q._.js:776
[ 1533471ms] [LOG] [Fast Refresh] done in 62ms @ http://localhost:3000/_next/static/chunks/0stj_next_dist_19zsb-q._.js:776
[ 1533534ms] [LOG] [Fast Refresh] done in 62ms @ http://localhost:3000/_next/static/chunks/0stj_next_dist_19zsb-q._.js:776
[ 1533595ms] [LOG] [Fast Refresh] done in 62ms @ http://localhost:3000/_next/static/chunks/0stj_next_dist_19zsb-q._.js:776
[ 1533658ms] [LOG] [Fast Refresh] done in 62ms @ http://localhost:3000/_next/static/chunks/0stj_next_dist_19zsb-q._.js:776
[ 1533722ms] [LOG] [Fast Refresh] done in 62ms @ http://localhost:3000/_next/static/chunks/0stj_next_dist_19zsb-q._.js:776
[ 1533784ms] [LOG] [Fast Refresh] done in 62ms @ http://localhost:3000/_next/static/chunks/0stj_next_dist_19zsb-q._.js:776
[ 1533848ms] [LOG] [Fast Refresh] done in 62ms @ http://localhost:3000/_next/static/chunks/0stj_next_dist_19zsb-q._.js:776
[ 1533912ms] [LOG] [Fast Refresh] done in 62ms @ http://localhost:3000/_next/static/chunks/0stj_next_dist_19zsb-q._.js:776
[ 1533975ms] [LOG] [Fast Refresh] done in 62ms @ http://localhost:3000/_next/static/chunks/0stj_next_dist_19zsb-q._.js:776
[ 1534038ms] [LOG] [Fast Refresh] done in 62ms @ http://localhost:3000/_next/static/chunks/0stj_next_dist_19zsb-q._.js:776
[ 1534101ms] [LOG] [Fast Refresh] done in 62ms @ http://localhost:3000/_next/static/chunks/0stj_next_dist_19zsb-q._.js:776
[ 1534164ms] [LOG] [Fast Refresh] done in 62ms @ http://localhost:3000/_next/static/chunks/0stj_next_dist_19zsb-q._.js:776
[ 1534227ms] [LOG] [Fast Refresh] done in 62ms @ http://localhost:3000/_next/static/chunks/0stj_next_dist_19zsb-q._.js:776
[ 1534290ms] [LOG] [Fast Refresh] done in 62ms @ http://localhost:3000/_next/static/chunks/0stj_next_dist_19zsb-q._.js:776
[ 1534353ms] [LOG] [Fast Refresh] done in 62ms @ http://localhost:3000/_next/static/chunks/0stj_next_dist_19zsb-q._.js:776
[ 1534416ms] [LOG] [Fast Refresh] done in 62ms @ http://localhost:3000/_next/static/chunks/0stj_next_dist_19zsb-q._.js:776
[ 1534481ms] [LOG] [Fast Refresh] done in 62ms @ http://localhost:3000/_next/static/chunks/0stj_next_dist_19zsb-q._.js:776
[ 1534543ms] [LOG] [Fast Refresh] done in 62ms @ http://localhost:3000/_next/static/chunks/0stj_next_dist_19zsb-q._.js:776
[ 1534607ms] [LOG] [Fast Refresh] done in 62ms @ http://localhost:3000/_next/static/chunks/0stj_next_dist_19zsb-q._.js:776
[ 1534671ms] [LOG] [Fast Refresh] done in 62ms @ http://localhost:3000/_next/static/chunks/0stj_next_dist_19zsb-q._.js:776
[ 1534734ms] [LOG] [Fast Refresh] done in 62ms @ http://localhost:3000/_next/static/chunks/0stj_next_dist_19zsb-q._.js:776
[ 1534797ms] [LOG] [Fast Refresh] done in 62ms @ http://localhost:3000/_next/static/chunks/0stj_next_dist_19zsb-q._.js:776
[ 1534860ms] [LOG] [Fast Refresh] done in 62ms @ http://localhost:3000/_next/static/chunks/0stj_next_dist_19zsb-q._.js:776
[ 1534923ms] [LOG] [Fast Refresh] done in 62ms @ http://localhost:3000/_next/static/chunks/0stj_next_dist_19zsb-q._.js:776
[ 1534987ms] [LOG] [Fast Refresh] done in 62ms @ http://localhost:3000/_next/static/chunks/0stj_next_dist_19zsb-q._.js:776
[ 1535050ms] [LOG] [Fast Refresh] done in 62ms @ http://localhost:3000/_next/static/chunks/0stj_next_dist_19zsb-q._.js:776
[ 1535113ms] [LOG] [Fast Refresh] done in 62ms @ http://localhost:3000/_next/static/chunks/0stj_next_dist_19zsb-q._.js:776
[ 1535175ms] [LOG] [Fast Refresh] done in 62ms @ http://localhost:3000/_next/static/chunks/0stj_next_dist_19zsb-q._.js:776
[ 1535238ms] [LOG] [Fast Refresh] done in 62ms @ http://localhost:3000/_next/static/chunks/0stj_next_dist_19zsb-q._.js:776
[ 1535300ms] [LOG] [Fast Refresh] done in 62ms @ http://localhost:3000/_next/static/chunks/0stj_next_dist_19zsb-q._.js:776
[ 1535361ms] [LOG] [Fast Refresh] done in 62ms @ http://localhost:3000/_next/static/chunks/0stj_next_dist_19zsb-q._.js:776
[ 1535424ms] [LOG] [Fast Refresh] done in 62ms @ http://localhost:3000/_next/static/chunks/0stj_next_dist_19zsb-q._.js:776
[ 1535486ms] [LOG] [Fast Refresh] done in 62ms @ http://localhost:3000/_next/static/chunks/0stj_next_dist_19zsb-q._.js:776
[ 1535549ms] [LOG] [Fast Refresh] done in 62ms @ http://localhost:3000/_next/static/chunks/0stj_next_dist_19zsb-q._.js:776
[ 1535611ms] [LOG] [Fast Refresh] done in 62ms @ http://localhost:3000/_next/static/chunks/0stj_next_dist_19zsb-q._.js:776
[ 1535673ms] [LOG] [Fast Refresh] done in 62ms @ http://localhost:3000/_next/static/chunks/0stj_next_dist_19zsb-q._.js:776
[ 1535735ms] [LOG] [Fast Refresh] done in 62ms @ http://localhost:3000/_next/static/chunks/0stj_next_dist_19zsb-q._.js:776
[ 1535798ms] [LOG] [Fast Refresh] done in 62ms @ http://localhost:3000/_next/static/chunks/0stj_next_dist_19zsb-q._.js:776
[ 1535860ms] [LOG] [Fast Refresh] done in 62ms @ http://localhost:3000/_next/static/chunks/0stj_next_dist_19zsb-q._.js:776
[ 1535923ms] [LOG] [Fast Refresh] done in 62ms @ http://localhost:3000/_next/static/chunks/0stj_next_dist_19zsb-q._.js:776
[ 1535985ms] [LOG] [Fast Refresh] done in 62ms @ http://localhost:3000/_next/static/chunks/0stj_next_dist_19zsb-q._.js:776
[ 1536047ms] [LOG] [Fast Refresh] done in 62ms @ http://localhost:3000/_next/static/chunks/0stj_next_dist_19zsb-q._.js:776
[ 1536110ms] [LOG] [Fast Refresh] done in 62ms @ http://localhost:3000/_next/static/chunks/0stj_next_dist_19zsb-q._.js:776
[ 1536172ms] [LOG] [Fast Refresh] done in 62ms @ http://localhost:3000/_next/static/chunks/0stj_next_dist_19zsb-q._.js:776
[ 1536234ms] [LOG] [Fast Refresh] done in 62ms @ http://localhost:3000/_next/static/chunks/0stj_next_dist_19zsb-q._.js:776
[ 1536297ms] [LOG] [Fast Refresh] done in 62ms @ http://localhost:3000/_next/static/chunks/0stj_next_dist_19zsb-q._.js:776
[ 1536360ms] [LOG] [Fast Refresh] done in 62ms @ http://localhost:3000/_next/static/chunks/0stj_next_dist_19zsb-q._.js:776
[ 1536422ms] [LOG] [Fast Refresh] done in 62ms @ http://localhost:3000/_next/static/chunks/0stj_next_dist_19zsb-q._.js:776
[ 1536484ms] [LOG] [Fast Refresh] done in 62ms @ http://localhost:3000/_next/static/chunks/0stj_next_dist_19zsb-q._.js:776
[ 1536546ms] [LOG] [Fast Refresh] done in 62ms @ http://localhost:3000/_next/static/chunks/0stj_next_dist_19zsb-q._.js:776
[ 1536608ms] [LOG] [Fast Refresh] done in 62ms @ http://localhost:3000/_next/static/chunks/0stj_next_dist_19zsb-q._.js:776
[ 1536670ms] [LOG] [Fast Refresh] done in 62ms @ http://localhost:3000/_next/static/chunks/0stj_next_dist_19zsb-q._.js:776
[ 1536732ms] [LOG] [Fast Refresh] done in 62ms @ http://localhost:3000/_next/static/chunks/0stj_next_dist_19zsb-q._.js:776
[ 1536794ms] [LOG] [Fast Refresh] done in 62ms @ http://localhost:3000/_next/static/chunks/0stj_next_dist_19zsb-q._.js:776
[ 1536857ms] [LOG] [Fast Refresh] done in 62ms @ http://localhost:3000/_next/static/chunks/0stj_next_dist_19zsb-q._.js:776
[ 1536920ms] [LOG] [Fast Refresh] done in 62ms @ http://localhost:3000/_next/static/chunks/0stj_next_dist_19zsb-q._.js:776
[ 1536981ms] [LOG] [Fast Refresh] done in 62ms @ http://localhost:3000/_next/static/chunks/0stj_next_dist_19zsb-q._.js:776
[ 1537044ms] [LOG] [Fast Refresh] done in 62ms @ http://localhost:3000/_next/static/chunks/0stj_next_dist_19zsb-q._.js:776
[ 1537106ms] [LOG] [Fast Refresh] done in 62ms @ http://localhost:3000/_next/static/chunks/0stj_next_dist_19zsb-q._.js:776
[ 1537169ms] [LOG] [Fast Refresh] done in 62ms @ http://localhost:3000/_next/static/chunks/0stj_next_dist_19zsb-q._.js:776
[ 1537231ms] [LOG] [Fast Refresh] done in 62ms @ http://localhost:3000/_next/static/chunks/0stj_next_dist_19zsb-q._.js:776
[ 1537293ms] [LOG] [Fast Refresh] done in 62ms @ http://localhost:3000/_next/static/chunks/0stj_next_dist_19zsb-q._.js:776
[ 1537356ms] [LOG] [Fast Refresh] done in 62ms @ http://localhost:3000/_next/static/chunks/0stj_next_dist_19zsb-q._.js:776
[ 1537419ms] [LOG] [Fast Refresh] done in 62ms @ http://localhost:3000/_next/static/chunks/0stj_next_dist_19zsb-q._.js:776
[ 1537482ms] [LOG] [Fast Refresh] done in 62ms @ http://localhost:3000/_next/static/chunks/0stj_next_dist_19zsb-q._.js:776
[ 1537543ms] [LOG] [Fast Refresh] done in 62ms @ http://localhost:3000/_next/static/chunks/0stj_next_dist_19zsb-q._.js:776
[ 1537605ms] [LOG] [Fast Refresh] done in 62ms @ http://localhost:3000/_next/static/chunks/0stj_next_dist_19zsb-q._.js:776
[ 1537667ms] [LOG] [Fast Refresh] done in 62ms @ http://localhost:3000/_next/static/chunks/0stj_next_dist_19zsb-q._.js:776
[ 1537729ms] [LOG] [Fast Refresh] done in 62ms @ http://localhost:3000/_next/static/chunks/0stj_next_dist_19zsb-q._.js:776
[ 1537792ms] [LOG] [Fast Refresh] done in 62ms @ http://localhost:3000/_next/static/chunks/0stj_next_dist_19zsb-q._.js:776
[ 1537854ms] [LOG] [Fast Refresh] done in 62ms @ http://localhost:3000/_next/static/chunks/0stj_next_dist_19zsb-q._.js:776
[ 1537916ms] [LOG] [Fast Refresh] done in 62ms @ http://localhost:3000/_next/static/chunks/0stj_next_dist_19zsb-q._.js:776
[ 1537978ms] [LOG] [Fast Refresh] done in 62ms @ http://localhost:3000/_next/static/chunks/0stj_next_dist_19zsb-q._.js:776
[ 1538040ms] [LOG] [Fast Refresh] done in 62ms @ http://localhost:3000/_next/static/chunks/0stj_next_dist_19zsb-q._.js:776
[ 1538103ms] [LOG] [Fast Refresh] done in 62ms @ http://localhost:3000/_next/static/chunks/0stj_next_dist_19zsb-q._.js:776
[ 1538167ms] [LOG] [Fast Refresh] done in 62ms @ http://localhost:3000/_next/static/chunks/0stj_next_dist_19zsb-q._.js:776
[ 1538229ms] [LOG] [Fast Refresh] done in 62ms @ http://localhost:3000/_next/static/chunks/0stj_next_dist_19zsb-q._.js:776
[ 1538292ms] [LOG] [Fast Refresh] done in 62ms @ http://localhost:3000/_next/static/chunks/0stj_next_dist_19zsb-q._.js:776
[ 1538354ms] [LOG] [Fast Refresh] done in 62ms @ http://localhost:3000/_next/static/chunks/0stj_next_dist_19zsb-q._.js:776
[ 1538415ms] [LOG] [Fast Refresh] done in 62ms @ http://localhost:3000/_next/static/chunks/0stj_next_dist_19zsb-q._.js:776
[ 1538478ms] [LOG] [Fast Refresh] done in 62ms @ http://localhost:3000/_next/static/chunks/0stj_next_dist_19zsb-q._.js:776
[ 1538539ms] [LOG] [Fast Refresh] done in 62ms @ http://localhost:3000/_next/static/chunks/0stj_next_dist_19zsb-q._.js:776
[ 1538601ms] [LOG] [Fast Refresh] done in 62ms @ http://localhost:3000/_next/static/chunks/0stj_next_dist_19zsb-q._.js:776
[ 1538663ms] [LOG] [Fast Refresh] done in 62ms @ http://localhost:3000/_next/static/chunks/0stj_next_dist_19zsb-q._.js:776
[ 1538727ms] [LOG] [Fast Refresh] done in 62ms @ http://localhost:3000/_next/static/chunks/0stj_next_dist_19zsb-q._.js:776
[ 1538790ms] [LOG] [Fast Refresh] done in 62ms @ http://localhost:3000/_next/static/chunks/0stj_next_dist_19zsb-q._.js:776
[ 1538852ms] [LOG] [Fast Refresh] done in 62ms @ http://localhost:3000/_next/static/chunks/0stj_next_dist_19zsb-q._.js:776
[ 1538914ms] [LOG] [Fast Refresh] done in 62ms @ http://localhost:3000/_next/static/chunks/0stj_next_dist_19zsb-q._.js:776
[ 1538975ms] [LOG] [Fast Refresh] done in 62ms @ http://localhost:3000/_next/static/chunks/0stj_next_dist_19zsb-q._.js:776
[ 1539038ms] [LOG] [Fast Refresh] done in 62ms @ http://localhost:3000/_next/static/chunks/0stj_next_dist_19zsb-q._.js:776
[ 1539100ms] [LOG] [Fast Refresh] done in 62ms @ http://localhost:3000/_next/static/chunks/0stj_next_dist_19zsb-q._.js:776
[ 1539162ms] [LOG] [Fast Refresh] done in 62ms @ http://localhost:3000/_next/static/chunks/0stj_next_dist_19zsb-q._.js:776
[ 1539225ms] [LOG] [Fast Refresh] done in 62ms @ http://localhost:3000/_next/static/chunks/0stj_next_dist_19zsb-q._.js:776
[ 1539287ms] [LOG] [Fast Refresh] done in 62ms @ http://localhost:3000/_next/static/chunks/0stj_next_dist_19zsb-q._.js:776
[ 1539350ms] [LOG] [Fast Refresh] done in 62ms @ http://localhost:3000/_next/static/chunks/0stj_next_dist_19zsb-q._.js:776
[ 1539412ms] [LOG] [Fast Refresh] done in 62ms @ http://localhost:3000/_next/static/chunks/0stj_next_dist_19zsb-q._.js:776
[ 1539475ms] [LOG] [Fast Refresh] done in 62ms @ http://localhost:3000/_next/static/chunks/0stj_next_dist_19zsb-q._.js:776
[ 1539537ms] [LOG] [Fast Refresh] done in 62ms @ http://localhost:3000/_next/static/chunks/0stj_next_dist_19zsb-q._.js:776
[ 1539599ms] [LOG] [Fast Refresh] done in 62ms @ http://localhost:3000/_next/static/chunks/0stj_next_dist_19zsb-q._.js:776
[ 1539660ms] [LOG] [Fast Refresh] done in 62ms @ http://localhost:3000/_next/static/chunks/0stj_next_dist_19zsb-q._.js:776
[ 1539721ms] [LOG] [Fast Refresh] done in 62ms @ http://localhost:3000/_next/static/chunks/0stj_next_dist_19zsb-q._.js:776
[ 1539784ms] [LOG] [Fast Refresh] done in 62ms @ http://localhost:3000/_next/static/chunks/0stj_next_dist_19zsb-q._.js:776
[ 1539846ms] [LOG] [Fast Refresh] done in 62ms @ http://localhost:3000/_next/static/chunks/0stj_next_dist_19zsb-q._.js:776
[ 1539910ms] [LOG] [Fast Refresh] done in 62ms @ http://localhost:3000/_next/static/chunks/0stj_next_dist_19zsb-q._.js:776
[ 1539971ms] [LOG] [Fast Refresh] done in 62ms @ http://localhost:3000/_next/static/chunks/0stj_next_dist_19zsb-q._.js:776
[ 1540035ms] [LOG] [Fast Refresh] done in 62ms @ http://localhost:3000/_next/static/chunks/0stj_next_dist_19zsb-q._.js:776
[ 1540098ms] [LOG] [Fast Refresh] done in 62ms @ http://localhost:3000/_next/static/chunks/0stj_next_dist_19zsb-q._.js:776
[ 1540160ms] [LOG] [Fast Refresh] done in 62ms @ http://localhost:3000/_next/static/chunks/0stj_next_dist_19zsb-q._.js:776
[ 1540222ms] [LOG] [Fast Refresh] done in 62ms @ http://localhost:3000/_next/static/chunks/0stj_next_dist_19zsb-q._.js:776
[ 1540285ms] [LOG] [Fast Refresh] done in 62ms @ http://localhost:3000/_next/static/chunks/0stj_next_dist_19zsb-q._.js:776
[ 1540347ms] [LOG] [Fast Refresh] done in 62ms @ http://localhost:3000/_next/static/chunks/0stj_next_dist_19zsb-q._.js:776
[ 1540408ms] [LOG] [Fast Refresh] done in 62ms @ http://localhost:3000/_next/static/chunks/0stj_next_dist_19zsb-q._.js:776
[ 1540470ms] [LOG] [Fast Refresh] done in 62ms @ http://localhost:3000/_next/static/chunks/0stj_next_dist_19zsb-q._.js:776
[ 1540532ms] [LOG] [Fast Refresh] done in 62ms @ http://localhost:3000/_next/static/chunks/0stj_next_dist_19zsb-q._.js:776
[ 1540595ms] [LOG] [Fast Refresh] done in 62ms @ http://localhost:3000/_next/static/chunks/0stj_next_dist_19zsb-q._.js:776
[ 1540658ms] [LOG] [Fast Refresh] done in 62ms @ http://localhost:3000/_next/static/chunks/0stj_next_dist_19zsb-q._.js:776
[ 1540721ms] [LOG] [Fast Refresh] done in 62ms @ http://localhost:3000/_next/static/chunks/0stj_next_dist_19zsb-q._.js:776
[ 1540783ms] [LOG] [Fast Refresh] done in 62ms @ http://localhost:3000/_next/static/chunks/0stj_next_dist_19zsb-q._.js:776
[ 1540844ms] [LOG] [Fast Refresh] done in 62ms @ http://localhost:3000/_next/static/chunks/0stj_next_dist_19zsb-q._.js:776
[ 1540906ms] [LOG] [Fast Refresh] done in 62ms @ http://localhost:3000/_next/static/chunks/0stj_next_dist_19zsb-q._.js:776
[ 1540969ms] [LOG] [Fast Refresh] done in 62ms @ http://localhost:3000/_next/static/chunks/0stj_next_dist_19zsb-q._.js:776
[ 1541030ms] [LOG] [Fast Refresh] done in 62ms @ http://localhost:3000/_next/static/chunks/0stj_next_dist_19zsb-q._.js:776
[ 1541092ms] [LOG] [Fast Refresh] done in 62ms @ http://localhost:3000/_next/static/chunks/0stj_next_dist_19zsb-q._.js:776
[ 1541154ms] [LOG] [Fast Refresh] done in 62ms @ http://localhost:3000/_next/static/chunks/0stj_next_dist_19zsb-q._.js:776
[ 1541217ms] [LOG] [Fast Refresh] done in 62ms @ http://localhost:3000/_next/static/chunks/0stj_next_dist_19zsb-q._.js:776
[ 1541279ms] [LOG] [Fast Refresh] done in 62ms @ http://localhost:3000/_next/static/chunks/0stj_next_dist_19zsb-q._.js:776
[ 1541340ms] [LOG] [Fast Refresh] done in 62ms @ http://localhost:3000/_next/static/chunks/0stj_next_dist_19zsb-q._.js:776
[ 1541403ms] [LOG] [Fast Refresh] done in 62ms @ http://localhost:3000/_next/static/chunks/0stj_next_dist_19zsb-q._.js:776
[ 1541464ms] [LOG] [Fast Refresh] done in 62ms @ http://localhost:3000/_next/static/chunks/0stj_next_dist_19zsb-q._.js:776
[ 1541528ms] [LOG] [Fast Refresh] done in 62ms @ http://localhost:3000/_next/static/chunks/0stj_next_dist_19zsb-q._.js:776
[ 1541592ms] [LOG] [Fast Refresh] done in 62ms @ http://localhost:3000/_next/static/chunks/0stj_next_dist_19zsb-q._.js:776
[ 1541656ms] [LOG] [Fast Refresh] done in 62ms @ http://localhost:3000/_next/static/chunks/0stj_next_dist_19zsb-q._.js:776
[ 1541720ms] [LOG] [Fast Refresh] done in 62ms @ http://localhost:3000/_next/static/chunks/0stj_next_dist_19zsb-q._.js:776
[ 1541782ms] [LOG] [Fast Refresh] done in 62ms @ http://localhost:3000/_next/static/chunks/0stj_next_dist_19zsb-q._.js:776
[ 1541846ms] [LOG] [Fast Refresh] done in 62ms @ http://localhost:3000/_next/static/chunks/0stj_next_dist_19zsb-q._.js:776
[ 1541910ms] [LOG] [Fast Refresh] done in 62ms @ http://localhost:3000/_next/static/chunks/0stj_next_dist_19zsb-q._.js:776
[ 1541974ms] [LOG] [Fast Refresh] done in 62ms @ http://localhost:3000/_next/static/chunks/0stj_next_dist_19zsb-q._.js:776
[ 1542037ms] [LOG] [Fast Refresh] done in 62ms @ http://localhost:3000/_next/static/chunks/0stj_next_dist_19zsb-q._.js:776
[ 1542101ms] [LOG] [Fast Refresh] done in 62ms @ http://localhost:3000/_next/static/chunks/0stj_next_dist_19zsb-q._.js:776
[ 1542165ms] [LOG] [Fast Refresh] done in 62ms @ http://localhost:3000/_next/static/chunks/0stj_next_dist_19zsb-q._.js:776
[ 1542229ms] [LOG] [Fast Refresh] done in 62ms @ http://localhost:3000/_next/static/chunks/0stj_next_dist_19zsb-q._.js:776
[ 1542293ms] [LOG] [Fast Refresh] done in 62ms @ http://localhost:3000/_next/static/chunks/0stj_next_dist_19zsb-q._.js:776
[ 1542356ms] [LOG] [Fast Refresh] done in 62ms @ http://localhost:3000/_next/static/chunks/0stj_next_dist_19zsb-q._.js:776
[ 1542420ms] [LOG] [Fast Refresh] done in 62ms @ http://localhost:3000/_next/static/chunks/0stj_next_dist_19zsb-q._.js:776
[ 1542484ms] [LOG] [Fast Refresh] done in 62ms @ http://localhost:3000/_next/static/chunks/0stj_next_dist_19zsb-q._.js:776
[ 1542548ms] [LOG] [Fast Refresh] done in 62ms @ http://localhost:3000/_next/static/chunks/0stj_next_dist_19zsb-q._.js:776
[ 1542612ms] [LOG] [Fast Refresh] done in 62ms @ http://localhost:3000/_next/static/chunks/0stj_next_dist_19zsb-q._.js:776
[ 1542676ms] [LOG] [Fast Refresh] done in 62ms @ http://localhost:3000/_next/static/chunks/0stj_next_dist_19zsb-q._.js:776
[ 1542738ms] [LOG] [Fast Refresh] done in 62ms @ http://localhost:3000/_next/static/chunks/0stj_next_dist_19zsb-q._.js:776
[ 1542801ms] [LOG] [Fast Refresh] done in 62ms @ http://localhost:3000/_next/static/chunks/0stj_next_dist_19zsb-q._.js:776
[ 1542865ms] [LOG] [Fast Refresh] done in 62ms @ http://localhost:3000/_next/static/chunks/0stj_next_dist_19zsb-q._.js:776
[ 1542928ms] [LOG] [Fast Refresh] done in 62ms @ http://localhost:3000/_next/static/chunks/0stj_next_dist_19zsb-q._.js:776
[ 1542992ms] [LOG] [Fast Refresh] done in 62ms @ http://localhost:3000/_next/static/chunks/0stj_next_dist_19zsb-q._.js:776
[ 1543056ms] [LOG] [Fast Refresh] done in 62ms @ http://localhost:3000/_next/static/chunks/0stj_next_dist_19zsb-q._.js:776
[ 1543120ms] [LOG] [Fast Refresh] done in 62ms @ http://localhost:3000/_next/static/chunks/0stj_next_dist_19zsb-q._.js:776
[ 1543183ms] [LOG] [Fast Refresh] done in 62ms @ http://localhost:3000/_next/static/chunks/0stj_next_dist_19zsb-q._.js:776
[ 1543247ms] [LOG] [Fast Refresh] done in 62ms @ http://localhost:3000/_next/static/chunks/0stj_next_dist_19zsb-q._.js:776
[ 1543311ms] [LOG] [Fast Refresh] done in 62ms @ http://localhost:3000/_next/static/chunks/0stj_next_dist_19zsb-q._.js:776
[ 1543374ms] [LOG] [Fast Refresh] done in 62ms @ http://localhost:3000/_next/static/chunks/0stj_next_dist_19zsb-q._.js:776
[ 1543439ms] [LOG] [Fast Refresh] done in 62ms @ http://localhost:3000/_next/static/chunks/0stj_next_dist_19zsb-q._.js:776
[ 1543501ms] [LOG] [Fast Refresh] done in 62ms @ http://localhost:3000/_next/static/chunks/0stj_next_dist_19zsb-q._.js:776
[ 1543566ms] [LOG] [Fast Refresh] done in 62ms @ http://localhost:3000/_next/static/chunks/0stj_next_dist_19zsb-q._.js:776
[ 1543630ms] [LOG] [Fast Refresh] done in 62ms @ http://localhost:3000/_next/static/chunks/0stj_next_dist_19zsb-q._.js:776
[ 1543693ms] [LOG] [Fast Refresh] done in 62ms @ http://localhost:3000/_next/static/chunks/0stj_next_dist_19zsb-q._.js:776
[ 1543757ms] [LOG] [Fast Refresh] done in 62ms @ http://localhost:3000/_next/static/chunks/0stj_next_dist_19zsb-q._.js:776
[ 1543821ms] [LOG] [Fast Refresh] done in 62ms @ http://localhost:3000/_next/static/chunks/0stj_next_dist_19zsb-q._.js:776
[ 1543885ms] [LOG] [Fast Refresh] done in 62ms @ http://localhost:3000/_next/static/chunks/0stj_next_dist_19zsb-q._.js:776
[ 1543949ms] [LOG] [Fast Refresh] done in 62ms @ http://localhost:3000/_next/static/chunks/0stj_next_dist_19zsb-q._.js:776
[ 1544012ms] [LOG] [Fast Refresh] done in 62ms @ http://localhost:3000/_next/static/chunks/0stj_next_dist_19zsb-q._.js:776
[ 1544075ms] [LOG] [Fast Refresh] done in 62ms @ http://localhost:3000/_next/static/chunks/0stj_next_dist_19zsb-q._.js:776
[ 1544138ms] [LOG] [Fast Refresh] done in 62ms @ http://localhost:3000/_next/static/chunks/0stj_next_dist_19zsb-q._.js:776
[ 1544202ms] [LOG] [Fast Refresh] done in 62ms @ http://localhost:3000/_next/static/chunks/0stj_next_dist_19zsb-q._.js:776
[ 1544265ms] [LOG] [Fast Refresh] done in 62ms @ http://localhost:3000/_next/static/chunks/0stj_next_dist_19zsb-q._.js:776
[ 1544328ms] [LOG] [Fast Refresh] done in 62ms @ http://localhost:3000/_next/static/chunks/0stj_next_dist_19zsb-q._.js:776
[ 1544392ms] [LOG] [Fast Refresh] done in 62ms @ http://localhost:3000/_next/static/chunks/0stj_next_dist_19zsb-q._.js:776
[ 1544456ms] [LOG] [Fast Refresh] done in 62ms @ http://localhost:3000/_next/static/chunks/0stj_next_dist_19zsb-q._.js:776
[ 1544519ms] [LOG] [Fast Refresh] done in 62ms @ http://localhost:3000/_next/static/chunks/0stj_next_dist_19zsb-q._.js:776
[ 1544583ms] [LOG] [Fast Refresh] done in 62ms @ http://localhost:3000/_next/static/chunks/0stj_next_dist_19zsb-q._.js:776
[ 1544647ms] [LOG] [Fast Refresh] done in 62ms @ http://localhost:3000/_next/static/chunks/0stj_next_dist_19zsb-q._.js:776
[ 1544711ms] [LOG] [Fast Refresh] done in 62ms @ http://localhost:3000/_next/static/chunks/0stj_next_dist_19zsb-q._.js:776
[ 1544773ms] [LOG] [Fast Refresh] done in 62ms @ http://localhost:3000/_next/static/chunks/0stj_next_dist_19zsb-q._.js:776
[ 1544835ms] [LOG] [Fast Refresh] done in 62ms @ http://localhost:3000/_next/static/chunks/0stj_next_dist_19zsb-q._.js:776
[ 1544899ms] [LOG] [Fast Refresh] done in 62ms @ http://localhost:3000/_next/static/chunks/0stj_next_dist_19zsb-q._.js:776
[ 1544962ms] [LOG] [Fast Refresh] done in 62ms @ http://localhost:3000/_next/static/chunks/0stj_next_dist_19zsb-q._.js:776
[ 1545026ms] [LOG] [Fast Refresh] done in 62ms @ http://localhost:3000/_next/static/chunks/0stj_next_dist_19zsb-q._.js:776
[ 1545089ms] [LOG] [Fast Refresh] done in 62ms @ http://localhost:3000/_next/static/chunks/0stj_next_dist_19zsb-q._.js:776
[ 1545151ms] [LOG] [Fast Refresh] done in 62ms @ http://localhost:3000/_next/static/chunks/0stj_next_dist_19zsb-q._.js:776
[ 1545213ms] [LOG] [Fast Refresh] done in 62ms @ http://localhost:3000/_next/static/chunks/0stj_next_dist_19zsb-q._.js:776
[ 1545275ms] [LOG] [Fast Refresh] done in 62ms @ http://localhost:3000/_next/static/chunks/0stj_next_dist_19zsb-q._.js:776
[ 1545338ms] [LOG] [Fast Refresh] done in 62ms @ http://localhost:3000/_next/static/chunks/0stj_next_dist_19zsb-q._.js:776
[ 1545400ms] [LOG] [Fast Refresh] done in 62ms @ http://localhost:3000/_next/static/chunks/0stj_next_dist_19zsb-q._.js:776
[ 1545463ms] [LOG] [Fast Refresh] done in 62ms @ http://localhost:3000/_next/static/chunks/0stj_next_dist_19zsb-q._.js:776
[ 1545526ms] [LOG] [Fast Refresh] done in 62ms @ http://localhost:3000/_next/static/chunks/0stj_next_dist_19zsb-q._.js:776
[ 1545589ms] [LOG] [Fast Refresh] done in 62ms @ http://localhost:3000/_next/static/chunks/0stj_next_dist_19zsb-q._.js:776
[ 1545651ms] [LOG] [Fast Refresh] done in 62ms @ http://localhost:3000/_next/static/chunks/0stj_next_dist_19zsb-q._.js:776
[ 1545712ms] [LOG] [Fast Refresh] done in 62ms @ http://localhost:3000/_next/static/chunks/0stj_next_dist_19zsb-q._.js:776
[ 1545773ms] [LOG] [Fast Refresh] done in 62ms @ http://localhost:3000/_next/static/chunks/0stj_next_dist_19zsb-q._.js:776
[ 1545835ms] [LOG] [Fast Refresh] done in 62ms @ http://localhost:3000/_next/static/chunks/0stj_next_dist_19zsb-q._.js:776
[ 1545898ms] [LOG] [Fast Refresh] done in 62ms @ http://localhost:3000/_next/static/chunks/0stj_next_dist_19zsb-q._.js:776
[ 1545960ms] [LOG] [Fast Refresh] done in 62ms @ http://localhost:3000/_next/static/chunks/0stj_next_dist_19zsb-q._.js:776
[ 1546022ms] [LOG] [Fast Refresh] done in 62ms @ http://localhost:3000/_next/static/chunks/0stj_next_dist_19zsb-q._.js:776
[ 1546085ms] [LOG] [Fast Refresh] done in 62ms @ http://localhost:3000/_next/static/chunks/0stj_next_dist_19zsb-q._.js:776
[ 1546147ms] [LOG] [Fast Refresh] done in 62ms @ http://localhost:3000/_next/static/chunks/0stj_next_dist_19zsb-q._.js:776
[ 1546210ms] [LOG] [Fast Refresh] done in 62ms @ http://localhost:3000/_next/static/chunks/0stj_next_dist_19zsb-q._.js:776
[ 1546271ms] [LOG] [Fast Refresh] done in 62ms @ http://localhost:3000/_next/static/chunks/0stj_next_dist_19zsb-q._.js:776
[ 1546333ms] [LOG] [Fast Refresh] done in 62ms @ http://localhost:3000/_next/static/chunks/0stj_next_dist_19zsb-q._.js:776
[ 1546396ms] [LOG] [Fast Refresh] done in 62ms @ http://localhost:3000/_next/static/chunks/0stj_next_dist_19zsb-q._.js:776
[ 1546458ms] [LOG] [Fast Refresh] done in 62ms @ http://localhost:3000/_next/static/chunks/0stj_next_dist_19zsb-q._.js:776
[ 1546520ms] [LOG] [Fast Refresh] done in 62ms @ http://localhost:3000/_next/static/chunks/0stj_next_dist_19zsb-q._.js:776
[ 1546582ms] [LOG] [Fast Refresh] done in 62ms @ http://localhost:3000/_next/static/chunks/0stj_next_dist_19zsb-q._.js:776
[ 1546644ms] [LOG] [Fast Refresh] done in 62ms @ http://localhost:3000/_next/static/chunks/0stj_next_dist_19zsb-q._.js:776
[ 1546706ms] [LOG] [Fast Refresh] done in 62ms @ http://localhost:3000/_next/static/chunks/0stj_next_dist_19zsb-q._.js:776
[ 1546767ms] [LOG] [Fast Refresh] done in 62ms @ http://localhost:3000/_next/static/chunks/0stj_next_dist_19zsb-q._.js:776
[ 1546830ms] [LOG] [Fast Refresh] done in 62ms @ http://localhost:3000/_next/static/chunks/0stj_next_dist_19zsb-q._.js:776
[ 1546892ms] [LOG] [Fast Refresh] done in 62ms @ http://localhost:3000/_next/static/chunks/0stj_next_dist_19zsb-q._.js:776
[ 1546954ms] [LOG] [Fast Refresh] done in 62ms @ http://localhost:3000/_next/static/chunks/0stj_next_dist_19zsb-q._.js:776
[ 1547016ms] [LOG] [Fast Refresh] done in 62ms @ http://localhost:3000/_next/static/chunks/0stj_next_dist_19zsb-q._.js:776
[ 1547078ms] [LOG] [Fast Refresh] done in 62ms @ http://localhost:3000/_next/static/chunks/0stj_next_dist_19zsb-q._.js:776
[ 1547141ms] [LOG] [Fast Refresh] done in 62ms @ http://localhost:3000/_next/static/chunks/0stj_next_dist_19zsb-q._.js:776
[ 1547203ms] [LOG] [Fast Refresh] done in 62ms @ http://localhost:3000/_next/static/chunks/0stj_next_dist_19zsb-q._.js:776
[ 1547266ms] [LOG] [Fast Refresh] done in 62ms @ http://localhost:3000/_next/static/chunks/0stj_next_dist_19zsb-q._.js:776
[ 1547329ms] [LOG] [Fast Refresh] done in 62ms @ http://localhost:3000/_next/static/chunks/0stj_next_dist_19zsb-q._.js:776
[ 1547390ms] [LOG] [Fast Refresh] done in 62ms @ http://localhost:3000/_next/static/chunks/0stj_next_dist_19zsb-q._.js:776
[ 1547452ms] [LOG] [Fast Refresh] done in 62ms @ http://localhost:3000/_next/static/chunks/0stj_next_dist_19zsb-q._.js:776
[ 1547514ms] [LOG] [Fast Refresh] done in 62ms @ http://localhost:3000/_next/static/chunks/0stj_next_dist_19zsb-q._.js:776
[ 1547576ms] [LOG] [Fast Refresh] done in 62ms @ http://localhost:3000/_next/static/chunks/0stj_next_dist_19zsb-q._.js:776
[ 1547639ms] [LOG] [Fast Refresh] done in 62ms @ http://localhost:3000/_next/static/chunks/0stj_next_dist_19zsb-q._.js:776
[ 1547702ms] [LOG] [Fast Refresh] done in 62ms @ http://localhost:3000/_next/static/chunks/0stj_next_dist_19zsb-q._.js:776
[ 1547764ms] [LOG] [Fast Refresh] done in 62ms @ http://localhost:3000/_next/static/chunks/0stj_next_dist_19zsb-q._.js:776
[ 1547827ms] [LOG] [Fast Refresh] done in 62ms @ http://localhost:3000/_next/static/chunks/0stj_next_dist_19zsb-q._.js:776
[ 1547889ms] [LOG] [Fast Refresh] done in 62ms @ http://localhost:3000/_next/static/chunks/0stj_next_dist_19zsb-q._.js:776
[ 1547951ms] [LOG] [Fast Refresh] done in 62ms @ http://localhost:3000/_next/static/chunks/0stj_next_dist_19zsb-q._.js:776
[ 1548013ms] [LOG] [Fast Refresh] done in 62ms @ http://localhost:3000/_next/static/chunks/0stj_next_dist_19zsb-q._.js:776
[ 1548077ms] [LOG] [Fast Refresh] done in 62ms @ http://localhost:3000/_next/static/chunks/0stj_next_dist_19zsb-q._.js:776
[ 1548139ms] [LOG] [Fast Refresh] done in 62ms @ http://localhost:3000/_next/static/chunks/0stj_next_dist_19zsb-q._.js:776
[ 1548202ms] [LOG] [Fast Refresh] done in 62ms @ http://localhost:3000/_next/static/chunks/0stj_next_dist_19zsb-q._.js:776
[ 1548263ms] [LOG] [Fast Refresh] done in 62ms @ http://localhost:3000/_next/static/chunks/0stj_next_dist_19zsb-q._.js:776
[ 1548326ms] [LOG] [Fast Refresh] done in 62ms @ http://localhost:3000/_next/static/chunks/0stj_next_dist_19zsb-q._.js:776
[ 1548388ms] [LOG] [Fast Refresh] done in 62ms @ http://localhost:3000/_next/static/chunks/0stj_next_dist_19zsb-q._.js:776
[ 1548451ms] [LOG] [Fast Refresh] done in 62ms @ http://localhost:3000/_next/static/chunks/0stj_next_dist_19zsb-q._.js:776
[ 1548514ms] [LOG] [Fast Refresh] done in 62ms @ http://localhost:3000/_next/static/chunks/0stj_next_dist_19zsb-q._.js:776
[ 1548575ms] [LOG] [Fast Refresh] done in 62ms @ http://localhost:3000/_next/static/chunks/0stj_next_dist_19zsb-q._.js:776
[ 1548636ms] [LOG] [Fast Refresh] done in 62ms @ http://localhost:3000/_next/static/chunks/0stj_next_dist_19zsb-q._.js:776
[ 1548698ms] [LOG] [Fast Refresh] done in 62ms @ http://localhost:3000/_next/static/chunks/0stj_next_dist_19zsb-q._.js:776
[ 1548762ms] [LOG] [Fast Refresh] done in 62ms @ http://localhost:3000/_next/static/chunks/0stj_next_dist_19zsb-q._.js:776
[ 1548825ms] [LOG] [Fast Refresh] done in 62ms @ http://localhost:3000/_next/static/chunks/0stj_next_dist_19zsb-q._.js:776
[ 1548889ms] [LOG] [Fast Refresh] done in 62ms @ http://localhost:3000/_next/static/chunks/0stj_next_dist_19zsb-q._.js:776
[ 1548952ms] [LOG] [Fast Refresh] done in 62ms @ http://localhost:3000/_next/static/chunks/0stj_next_dist_19zsb-q._.js:776
[ 1549015ms] [LOG] [Fast Refresh] done in 62ms @ http://localhost:3000/_next/static/chunks/0stj_next_dist_19zsb-q._.js:776
[ 1549077ms] [LOG] [Fast Refresh] done in 62ms @ http://localhost:3000/_next/static/chunks/0stj_next_dist_19zsb-q._.js:776
[ 1549140ms] [LOG] [Fast Refresh] done in 62ms @ http://localhost:3000/_next/static/chunks/0stj_next_dist_19zsb-q._.js:776
[ 1549201ms] [LOG] [Fast Refresh] done in 62ms @ http://localhost:3000/_next/static/chunks/0stj_next_dist_19zsb-q._.js:776
[ 1549262ms] [LOG] [Fast Refresh] done in 62ms @ http://localhost:3000/_next/static/chunks/0stj_next_dist_19zsb-q._.js:776
[ 1549324ms] [LOG] [Fast Refresh] done in 62ms @ http://localhost:3000/_next/static/chunks/0stj_next_dist_19zsb-q._.js:776
[ 1549387ms] [LOG] [Fast Refresh] done in 62ms @ http://localhost:3000/_next/static/chunks/0stj_next_dist_19zsb-q._.js:776
[ 1549449ms] [LOG] [Fast Refresh] done in 62ms @ http://localhost:3000/_next/static/chunks/0stj_next_dist_19zsb-q._.js:776
[ 1549512ms] [LOG] [Fast Refresh] done in 62ms @ http://localhost:3000/_next/static/chunks/0stj_next_dist_19zsb-q._.js:776
[ 1549575ms] [LOG] [Fast Refresh] done in 62ms @ http://localhost:3000/_next/static/chunks/0stj_next_dist_19zsb-q._.js:776
[ 1549638ms] [LOG] [Fast Refresh] done in 62ms @ http://localhost:3000/_next/static/chunks/0stj_next_dist_19zsb-q._.js:776
[ 1549698ms] [LOG] [Fast Refresh] done in 62ms @ http://localhost:3000/_next/static/chunks/0stj_next_dist_19zsb-q._.js:776
[ 1549760ms] [LOG] [Fast Refresh] done in 62ms @ http://localhost:3000/_next/static/chunks/0stj_next_dist_19zsb-q._.js:776
[ 1549821ms] [LOG] [Fast Refresh] done in 62ms @ http://localhost:3000/_next/static/chunks/0stj_next_dist_19zsb-q._.js:776
[ 1549884ms] [LOG] [Fast Refresh] done in 62ms @ http://localhost:3000/_next/static/chunks/0stj_next_dist_19zsb-q._.js:776
[ 1549947ms] [LOG] [Fast Refresh] done in 62ms @ http://localhost:3000/_next/static/chunks/0stj_next_dist_19zsb-q._.js:776
[ 1550009ms] [LOG] [Fast Refresh] done in 62ms @ http://localhost:3000/_next/static/chunks/0stj_next_dist_19zsb-q._.js:776
[ 1550072ms] [LOG] [Fast Refresh] done in 62ms @ http://localhost:3000/_next/static/chunks/0stj_next_dist_19zsb-q._.js:776
[ 1550136ms] [LOG] [Fast Refresh] done in 62ms @ http://localhost:3000/_next/static/chunks/0stj_next_dist_19zsb-q._.js:776
[ 1550198ms] [LOG] [Fast Refresh] done in 62ms @ http://localhost:3000/_next/static/chunks/0stj_next_dist_19zsb-q._.js:776
[ 1550260ms] [LOG] [Fast Refresh] done in 62ms @ http://localhost:3000/_next/static/chunks/0stj_next_dist_19zsb-q._.js:776
[ 1550323ms] [LOG] [Fast Refresh] done in 62ms @ http://localhost:3000/_next/static/chunks/0stj_next_dist_19zsb-q._.js:776
[ 1550386ms] [LOG] [Fast Refresh] done in 62ms @ http://localhost:3000/_next/static/chunks/0stj_next_dist_19zsb-q._.js:776
[ 1550449ms] [LOG] [Fast Refresh] done in 62ms @ http://localhost:3000/_next/static/chunks/0stj_next_dist_19zsb-q._.js:776
[ 1550511ms] [LOG] [Fast Refresh] done in 62ms @ http://localhost:3000/_next/static/chunks/0stj_next_dist_19zsb-q._.js:776
[ 1550573ms] [LOG] [Fast Refresh] done in 62ms @ http://localhost:3000/_next/static/chunks/0stj_next_dist_19zsb-q._.js:776
[ 1550635ms] [LOG] [Fast Refresh] done in 62ms @ http://localhost:3000/_next/static/chunks/0stj_next_dist_19zsb-q._.js:776
[ 1550696ms] [LOG] [Fast Refresh] done in 62ms @ http://localhost:3000/_next/static/chunks/0stj_next_dist_19zsb-q._.js:776
[ 1550758ms] [LOG] [Fast Refresh] done in 62ms @ http://localhost:3000/_next/static/chunks/0stj_next_dist_19zsb-q._.js:776
[ 1550821ms] [LOG] [Fast Refresh] done in 62ms @ http://localhost:3000/_next/static/chunks/0stj_next_dist_19zsb-q._.js:776
[ 1550884ms] [LOG] [Fast Refresh] done in 62ms @ http://localhost:3000/_next/static/chunks/0stj_next_dist_19zsb-q._.js:776
[ 1550946ms] [LOG] [Fast Refresh] done in 62ms @ http://localhost:3000/_next/static/chunks/0stj_next_dist_19zsb-q._.js:776
[ 1551007ms] [LOG] [Fast Refresh] done in 62ms @ http://localhost:3000/_next/static/chunks/0stj_next_dist_19zsb-q._.js:776
[ 1551071ms] [LOG] [Fast Refresh] done in 62ms @ http://localhost:3000/_next/static/chunks/0stj_next_dist_19zsb-q._.js:776
[ 1551134ms] [LOG] [Fast Refresh] done in 62ms @ http://localhost:3000/_next/static/chunks/0stj_next_dist_19zsb-q._.js:776
[ 1551197ms] [LOG] [Fast Refresh] done in 62ms @ http://localhost:3000/_next/static/chunks/0stj_next_dist_19zsb-q._.js:776
[ 1551260ms] [LOG] [Fast Refresh] done in 62ms @ http://localhost:3000/_next/static/chunks/0stj_next_dist_19zsb-q._.js:776
[ 1551322ms] [LOG] [Fast Refresh] done in 62ms @ http://localhost:3000/_next/static/chunks/0stj_next_dist_19zsb-q._.js:776
[ 1551384ms] [LOG] [Fast Refresh] done in 62ms @ http://localhost:3000/_next/static/chunks/0stj_next_dist_19zsb-q._.js:776
[ 1551445ms] [LOG] [Fast Refresh] done in 62ms @ http://localhost:3000/_next/static/chunks/0stj_next_dist_19zsb-q._.js:776
[ 1551507ms] [LOG] [Fast Refresh] done in 62ms @ http://localhost:3000/_next/static/chunks/0stj_next_dist_19zsb-q._.js:776
[ 1551571ms] [LOG] [Fast Refresh] done in 62ms @ http://localhost:3000/_next/static/chunks/0stj_next_dist_19zsb-q._.js:776
[ 1551634ms] [LOG] [Fast Refresh] done in 62ms @ http://localhost:3000/_next/static/chunks/0stj_next_dist_19zsb-q._.js:776
[ 1551695ms] [LOG] [Fast Refresh] done in 62ms @ http://localhost:3000/_next/static/chunks/0stj_next_dist_19zsb-q._.js:776
[ 1551758ms] [LOG] [Fast Refresh] done in 62ms @ http://localhost:3000/_next/static/chunks/0stj_next_dist_19zsb-q._.js:776
[ 1551819ms] [LOG] [Fast Refresh] done in 62ms @ http://localhost:3000/_next/static/chunks/0stj_next_dist_19zsb-q._.js:776
[ 1551880ms] [LOG] [Fast Refresh] done in 62ms @ http://localhost:3000/_next/static/chunks/0stj_next_dist_19zsb-q._.js:776
[ 1551942ms] [LOG] [Fast Refresh] done in 62ms @ http://localhost:3000/_next/static/chunks/0stj_next_dist_19zsb-q._.js:776
[ 1552004ms] [LOG] [Fast Refresh] done in 62ms @ http://localhost:3000/_next/static/chunks/0stj_next_dist_19zsb-q._.js:776
[ 1552066ms] [LOG] [Fast Refresh] done in 62ms @ http://localhost:3000/_next/static/chunks/0stj_next_dist_19zsb-q._.js:776
[ 1552129ms] [LOG] [Fast Refresh] done in 62ms @ http://localhost:3000/_next/static/chunks/0stj_next_dist_19zsb-q._.js:776
[ 1552191ms] [LOG] [Fast Refresh] done in 62ms @ http://localhost:3000/_next/static/chunks/0stj_next_dist_19zsb-q._.js:776
[ 1552253ms] [LOG] [Fast Refresh] done in 62ms @ http://localhost:3000/_next/static/chunks/0stj_next_dist_19zsb-q._.js:776
[ 1552316ms] [LOG] [Fast Refresh] done in 62ms @ http://localhost:3000/_next/static/chunks/0stj_next_dist_19zsb-q._.js:776
[ 1552380ms] [LOG] [Fast Refresh] done in 62ms @ http://localhost:3000/_next/static/chunks/0stj_next_dist_19zsb-q._.js:776
[ 1552441ms] [LOG] [Fast Refresh] done in 62ms @ http://localhost:3000/_next/static/chunks/0stj_next_dist_19zsb-q._.js:776
[ 1552504ms] [LOG] [Fast Refresh] done in 62ms @ http://localhost:3000/_next/static/chunks/0stj_next_dist_19zsb-q._.js:776
[ 1552564ms] [LOG] [Fast Refresh] done in 62ms @ http://localhost:3000/_next/static/chunks/0stj_next_dist_19zsb-q._.js:776
[ 1552627ms] [LOG] [Fast Refresh] done in 62ms @ http://localhost:3000/_next/static/chunks/0stj_next_dist_19zsb-q._.js:776
[ 1552690ms] [LOG] [Fast Refresh] done in 62ms @ http://localhost:3000/_next/static/chunks/0stj_next_dist_19zsb-q._.js:776
[ 1552752ms] [LOG] [Fast Refresh] done in 62ms @ http://localhost:3000/_next/static/chunks/0stj_next_dist_19zsb-q._.js:776
[ 1552815ms] [LOG] [Fast Refresh] done in 62ms @ http://localhost:3000/_next/static/chunks/0stj_next_dist_19zsb-q._.js:776
[ 1552877ms] [LOG] [Fast Refresh] done in 62ms @ http://localhost:3000/_next/static/chunks/0stj_next_dist_19zsb-q._.js:776
[ 1552939ms] [LOG] [Fast Refresh] done in 62ms @ http://localhost:3000/_next/static/chunks/0stj_next_dist_19zsb-q._.js:776
[ 1553035ms] [LOG] [Fast Refresh] done in 62ms @ http://localhost:3000/_next/static/chunks/0stj_next_dist_19zsb-q._.js:776
[ 1553129ms] [LOG] [Fast Refresh] done in 62ms @ http://localhost:3000/_next/static/chunks/0stj_next_dist_19zsb-q._.js:776
[ 1553190ms] [LOG] [Fast Refresh] done in 62ms @ http://localhost:3000/_next/static/chunks/0stj_next_dist_19zsb-q._.js:776
[ 1553251ms] [LOG] [Fast Refresh] done in 62ms @ http://localhost:3000/_next/static/chunks/0stj_next_dist_19zsb-q._.js:776
[ 1553313ms] [LOG] [Fast Refresh] done in 62ms @ http://localhost:3000/_next/static/chunks/0stj_next_dist_19zsb-q._.js:776
[ 1553375ms] [LOG] [Fast Refresh] done in 62ms @ http://localhost:3000/_next/static/chunks/0stj_next_dist_19zsb-q._.js:776
[ 1553438ms] [LOG] [Fast Refresh] done in 62ms @ http://localhost:3000/_next/static/chunks/0stj_next_dist_19zsb-q._.js:776
[ 1553502ms] [LOG] [Fast Refresh] done in 62ms @ http://localhost:3000/_next/static/chunks/0stj_next_dist_19zsb-q._.js:776
[ 1553565ms] [LOG] [Fast Refresh] done in 62ms @ http://localhost:3000/_next/static/chunks/0stj_next_dist_19zsb-q._.js:776
[ 1553626ms] [LOG] [Fast Refresh] done in 62ms @ http://localhost:3000/_next/static/chunks/0stj_next_dist_19zsb-q._.js:776
[ 1553688ms] [LOG] [Fast Refresh] done in 62ms @ http://localhost:3000/_next/static/chunks/0stj_next_dist_19zsb-q._.js:776
[ 1553750ms] [LOG] [Fast Refresh] done in 62ms @ http://localhost:3000/_next/static/chunks/0stj_next_dist_19zsb-q._.js:776
[ 1553812ms] [LOG] [Fast Refresh] done in 62ms @ http://localhost:3000/_next/static/chunks/0stj_next_dist_19zsb-q._.js:776
[ 1553876ms] [LOG] [Fast Refresh] done in 62ms @ http://localhost:3000/_next/static/chunks/0stj_next_dist_19zsb-q._.js:776
[ 1553937ms] [LOG] [Fast Refresh] done in 62ms @ http://localhost:3000/_next/static/chunks/0stj_next_dist_19zsb-q._.js:776
[ 1554001ms] [LOG] [Fast Refresh] done in 62ms @ http://localhost:3000/_next/static/chunks/0stj_next_dist_19zsb-q._.js:776
[ 1554063ms] [LOG] [Fast Refresh] done in 62ms @ http://localhost:3000/_next/static/chunks/0stj_next_dist_19zsb-q._.js:776
[ 1554125ms] [LOG] [Fast Refresh] done in 62ms @ http://localhost:3000/_next/static/chunks/0stj_next_dist_19zsb-q._.js:776
[ 1554193ms] [LOG] [Fast Refresh] done in 62ms @ http://localhost:3000/_next/static/chunks/0stj_next_dist_19zsb-q._.js:776
[ 1554264ms] [LOG] [Fast Refresh] done in 62ms @ http://localhost:3000/_next/static/chunks/0stj_next_dist_19zsb-q._.js:776
[ 1554326ms] [LOG] [Fast Refresh] done in 62ms @ http://localhost:3000/_next/static/chunks/0stj_next_dist_19zsb-q._.js:776
[ 1554387ms] [LOG] [Fast Refresh] done in 62ms @ http://localhost:3000/_next/static/chunks/0stj_next_dist_19zsb-q._.js:776
[ 1554450ms] [LOG] [Fast Refresh] done in 62ms @ http://localhost:3000/_next/static/chunks/0stj_next_dist_19zsb-q._.js:776
[ 1554512ms] [LOG] [Fast Refresh] done in 62ms @ http://localhost:3000/_next/static/chunks/0stj_next_dist_19zsb-q._.js:776
[ 1554572ms] [LOG] [Fast Refresh] done in 62ms @ http://localhost:3000/_next/static/chunks/0stj_next_dist_19zsb-q._.js:776
[ 1554636ms] [LOG] [Fast Refresh] done in 62ms @ http://localhost:3000/_next/static/chunks/0stj_next_dist_19zsb-q._.js:776
[ 1554698ms] [LOG] [Fast Refresh] done in 62ms @ http://localhost:3000/_next/static/chunks/0stj_next_dist_19zsb-q._.js:776
[ 1554760ms] [LOG] [Fast Refresh] done in 62ms @ http://localhost:3000/_next/static/chunks/0stj_next_dist_19zsb-q._.js:776
[ 1554822ms] [LOG] [Fast Refresh] done in 62ms @ http://localhost:3000/_next/static/chunks/0stj_next_dist_19zsb-q._.js:776
[ 1554884ms] [LOG] [Fast Refresh] done in 62ms @ http://localhost:3000/_next/static/chunks/0stj_next_dist_19zsb-q._.js:776
[ 1554946ms] [LOG] [Fast Refresh] done in 62ms @ http://localhost:3000/_next/static/chunks/0stj_next_dist_19zsb-q._.js:776
[ 1555008ms] [LOG] [Fast Refresh] done in 62ms @ http://localhost:3000/_next/static/chunks/0stj_next_dist_19zsb-q._.js:776
[ 1555071ms] [LOG] [Fast Refresh] done in 62ms @ http://localhost:3000/_next/static/chunks/0stj_next_dist_19zsb-q._.js:776
[ 1555134ms] [LOG] [Fast Refresh] done in 62ms @ http://localhost:3000/_next/static/chunks/0stj_next_dist_19zsb-q._.js:776
[ 1555196ms] [LOG] [Fast Refresh] done in 62ms @ http://localhost:3000/_next/static/chunks/0stj_next_dist_19zsb-q._.js:776
[ 1555259ms] [LOG] [Fast Refresh] done in 62ms @ http://localhost:3000/_next/static/chunks/0stj_next_dist_19zsb-q._.js:776
[ 1555320ms] [LOG] [Fast Refresh] done in 62ms @ http://localhost:3000/_next/static/chunks/0stj_next_dist_19zsb-q._.js:776
[ 1555383ms] [LOG] [Fast Refresh] done in 62ms @ http://localhost:3000/_next/static/chunks/0stj_next_dist_19zsb-q._.js:776
[ 1555444ms] [LOG] [Fast Refresh] done in 62ms @ http://localhost:3000/_next/static/chunks/0stj_next_dist_19zsb-q._.js:776
[ 1555506ms] [LOG] [Fast Refresh] done in 62ms @ http://localhost:3000/_next/static/chunks/0stj_next_dist_19zsb-q._.js:776
[ 1555570ms] [LOG] [Fast Refresh] done in 62ms @ http://localhost:3000/_next/static/chunks/0stj_next_dist_19zsb-q._.js:776
[ 1555633ms] [LOG] [Fast Refresh] done in 62ms @ http://localhost:3000/_next/static/chunks/0stj_next_dist_19zsb-q._.js:776
[ 1555725ms] [LOG] [Fast Refresh] done in 62ms @ http://localhost:3000/_next/static/chunks/0stj_next_dist_19zsb-q._.js:776
[ 1555803ms] [LOG] [Fast Refresh] done in 62ms @ http://localhost:3000/_next/static/chunks/0stj_next_dist_19zsb-q._.js:776
[ 1555895ms] [LOG] [Fast Refresh] done in 62ms @ http://localhost:3000/_next/static/chunks/0stj_next_dist_19zsb-q._.js:776
[ 1555957ms] [LOG] [Fast Refresh] done in 62ms @ http://localhost:3000/_next/static/chunks/0stj_next_dist_19zsb-q._.js:776
[ 1556020ms] [LOG] [Fast Refresh] done in 62ms @ http://localhost:3000/_next/static/chunks/0stj_next_dist_19zsb-q._.js:776
[ 1556082ms] [LOG] [Fast Refresh] done in 62ms @ http://localhost:3000/_next/static/chunks/0stj_next_dist_19zsb-q._.js:776
[ 1556143ms] [LOG] [Fast Refresh] done in 62ms @ http://localhost:3000/_next/static/chunks/0stj_next_dist_19zsb-q._.js:776
[ 1556209ms] [LOG] [Fast Refresh] done in 62ms @ http://localhost:3000/_next/static/chunks/0stj_next_dist_19zsb-q._.js:776
[ 1556265ms] [LOG] [Fast Refresh] done in 62ms @ http://localhost:3000/_next/static/chunks/0stj_next_dist_19zsb-q._.js:776
[ 1556327ms] [LOG] [Fast Refresh] done in 62ms @ http://localhost:3000/_next/static/chunks/0stj_next_dist_19zsb-q._.js:776
[ 1556389ms] [LOG] [Fast Refresh] done in 62ms @ http://localhost:3000/_next/static/chunks/0stj_next_dist_19zsb-q._.js:776
[ 1556454ms] [LOG] [Fast Refresh] done in 62ms @ http://localhost:3000/_next/static/chunks/0stj_next_dist_19zsb-q._.js:776
[ 1556514ms] [LOG] [Fast Refresh] done in 62ms @ http://localhost:3000/_next/static/chunks/0stj_next_dist_19zsb-q._.js:776
[ 1556577ms] [LOG] [Fast Refresh] done in 62ms @ http://localhost:3000/_next/static/chunks/0stj_next_dist_19zsb-q._.js:776
[ 1556642ms] [LOG] [Fast Refresh] done in 62ms @ http://localhost:3000/_next/static/chunks/0stj_next_dist_19zsb-q._.js:776
[ 1556700ms] [LOG] [Fast Refresh] done in 62ms @ http://localhost:3000/_next/static/chunks/0stj_next_dist_19zsb-q._.js:776
[ 1556762ms] [LOG] [Fast Refresh] done in 62ms @ http://localhost:3000/_next/static/chunks/0stj_next_dist_19zsb-q._.js:776
[ 1556825ms] [LOG] [Fast Refresh] done in 62ms @ http://localhost:3000/_next/static/chunks/0stj_next_dist_19zsb-q._.js:776
[ 1556887ms] [LOG] [Fast Refresh] done in 62ms @ http://localhost:3000/_next/static/chunks/0stj_next_dist_19zsb-q._.js:776
[ 1556950ms] [LOG] [Fast Refresh] done in 62ms @ http://localhost:3000/_next/static/chunks/0stj_next_dist_19zsb-q._.js:776
[ 1557011ms] [LOG] [Fast Refresh] done in 62ms @ http://localhost:3000/_next/static/chunks/0stj_next_dist_19zsb-q._.js:776
[ 1557074ms] [LOG] [Fast Refresh] done in 62ms @ http://localhost:3000/_next/static/chunks/0stj_next_dist_19zsb-q._.js:776
[ 1557136ms] [LOG] [Fast Refresh] done in 62ms @ http://localhost:3000/_next/static/chunks/0stj_next_dist_19zsb-q._.js:776
[ 1557199ms] [LOG] [Fast Refresh] done in 62ms @ http://localhost:3000/_next/static/chunks/0stj_next_dist_19zsb-q._.js:776
[ 1557259ms] [LOG] [Fast Refresh] done in 62ms @ http://localhost:3000/_next/static/chunks/0stj_next_dist_19zsb-q._.js:776
[ 1557321ms] [LOG] [Fast Refresh] done in 62ms @ http://localhost:3000/_next/static/chunks/0stj_next_dist_19zsb-q._.js:776
[ 1557383ms] [LOG] [Fast Refresh] done in 62ms @ http://localhost:3000/_next/static/chunks/0stj_next_dist_19zsb-q._.js:776
[ 1557445ms] [LOG] [Fast Refresh] done in 62ms @ http://localhost:3000/_next/static/chunks/0stj_next_dist_19zsb-q._.js:776
[ 1557506ms] [LOG] [Fast Refresh] done in 62ms @ http://localhost:3000/_next/static/chunks/0stj_next_dist_19zsb-q._.js:776
[ 1557567ms] [LOG] [Fast Refresh] done in 62ms @ http://localhost:3000/_next/static/chunks/0stj_next_dist_19zsb-q._.js:776
[ 1557629ms] [LOG] [Fast Refresh] done in 62ms @ http://localhost:3000/_next/static/chunks/0stj_next_dist_19zsb-q._.js:776
[ 1557692ms] [LOG] [Fast Refresh] done in 62ms @ http://localhost:3000/_next/static/chunks/0stj_next_dist_19zsb-q._.js:776
[ 1557786ms] [LOG] [Fast Refresh] done in 62ms @ http://localhost:3000/_next/static/chunks/0stj_next_dist_19zsb-q._.js:776
[ 1557879ms] [LOG] [Fast Refresh] done in 62ms @ http://localhost:3000/_next/static/chunks/0stj_next_dist_19zsb-q._.js:776
[ 1557959ms] [LOG] [Fast Refresh] done in 62ms @ http://localhost:3000/_next/static/chunks/0stj_next_dist_19zsb-q._.js:776
[ 1558052ms] [LOG] [Fast Refresh] done in 62ms @ http://localhost:3000/_next/static/chunks/0stj_next_dist_19zsb-q._.js:776
[ 1558127ms] [LOG] [Fast Refresh] done in 62ms @ http://localhost:3000/_next/static/chunks/0stj_next_dist_19zsb-q._.js:776
[ 1558188ms] [LOG] [Fast Refresh] done in 62ms @ http://localhost:3000/_next/static/chunks/0stj_next_dist_19zsb-q._.js:776
[ 1558251ms] [LOG] [Fast Refresh] done in 62ms @ http://localhost:3000/_next/static/chunks/0stj_next_dist_19zsb-q._.js:776
[ 1558313ms] [LOG] [Fast Refresh] done in 62ms @ http://localhost:3000/_next/static/chunks/0stj_next_dist_19zsb-q._.js:776
[ 1558375ms] [LOG] [Fast Refresh] done in 62ms @ http://localhost:3000/_next/static/chunks/0stj_next_dist_19zsb-q._.js:776
[ 1558436ms] [LOG] [Fast Refresh] done in 62ms @ http://localhost:3000/_next/static/chunks/0stj_next_dist_19zsb-q._.js:776
[ 1558498ms] [LOG] [Fast Refresh] done in 62ms @ http://localhost:3000/_next/static/chunks/0stj_next_dist_19zsb-q._.js:776
[ 1558561ms] [LOG] [Fast Refresh] done in 62ms @ http://localhost:3000/_next/static/chunks/0stj_next_dist_19zsb-q._.js:776
[ 1558624ms] [LOG] [Fast Refresh] done in 62ms @ http://localhost:3000/_next/static/chunks/0stj_next_dist_19zsb-q._.js:776
[ 1558686ms] [LOG] [Fast Refresh] done in 62ms @ http://localhost:3000/_next/static/chunks/0stj_next_dist_19zsb-q._.js:776
[ 1558751ms] [LOG] [Fast Refresh] done in 62ms @ http://localhost:3000/_next/static/chunks/0stj_next_dist_19zsb-q._.js:776
[ 1558811ms] [LOG] [Fast Refresh] done in 62ms @ http://localhost:3000/_next/static/chunks/0stj_next_dist_19zsb-q._.js:776
[ 1558875ms] [LOG] [Fast Refresh] done in 62ms @ http://localhost:3000/_next/static/chunks/0stj_next_dist_19zsb-q._.js:776
[ 1558938ms] [LOG] [Fast Refresh] done in 62ms @ http://localhost:3000/_next/static/chunks/0stj_next_dist_19zsb-q._.js:776
[ 1559002ms] [LOG] [Fast Refresh] done in 62ms @ http://localhost:3000/_next/static/chunks/0stj_next_dist_19zsb-q._.js:776
[ 1559062ms] [LOG] [Fast Refresh] done in 62ms @ http://localhost:3000/_next/static/chunks/0stj_next_dist_19zsb-q._.js:776
[ 1559124ms] [LOG] [Fast Refresh] done in 62ms @ http://localhost:3000/_next/static/chunks/0stj_next_dist_19zsb-q._.js:776
[ 1559187ms] [LOG] [Fast Refresh] done in 62ms @ http://localhost:3000/_next/static/chunks/0stj_next_dist_19zsb-q._.js:776
[ 1559250ms] [LOG] [Fast Refresh] done in 62ms @ http://localhost:3000/_next/static/chunks/0stj_next_dist_19zsb-q._.js:776
[ 1559313ms] [LOG] [Fast Refresh] done in 62ms @ http://localhost:3000/_next/static/chunks/0stj_next_dist_19zsb-q._.js:776
[ 1559377ms] [LOG] [Fast Refresh] done in 62ms @ http://localhost:3000/_next/static/chunks/0stj_next_dist_19zsb-q._.js:776
[ 1559438ms] [LOG] [Fast Refresh] done in 62ms @ http://localhost:3000/_next/static/chunks/0stj_next_dist_19zsb-q._.js:776
[ 1559502ms] [LOG] [Fast Refresh] done in 62ms @ http://localhost:3000/_next/static/chunks/0stj_next_dist_19zsb-q._.js:776
[ 1559582ms] [LOG] [Fast Refresh] done in 62ms @ http://localhost:3000/_next/static/chunks/0stj_next_dist_19zsb-q._.js:776
[ 1559642ms] [LOG] [Fast Refresh] done in 62ms @ http://localhost:3000/_next/static/chunks/0stj_next_dist_19zsb-q._.js:776
[ 1559705ms] [LOG] [Fast Refresh] done in 62ms @ http://localhost:3000/_next/static/chunks/0stj_next_dist_19zsb-q._.js:776
[ 1559766ms] [LOG] [Fast Refresh] done in 62ms @ http://localhost:3000/_next/static/chunks/0stj_next_dist_19zsb-q._.js:776
[ 1559829ms] [LOG] [Fast Refresh] done in 62ms @ http://localhost:3000/_next/static/chunks/0stj_next_dist_19zsb-q._.js:776
[ 1559890ms] [LOG] [Fast Refresh] done in 62ms @ http://localhost:3000/_next/static/chunks/0stj_next_dist_19zsb-q._.js:776
[ 1559953ms] [LOG] [Fast Refresh] done in 62ms @ http://localhost:3000/_next/static/chunks/0stj_next_dist_19zsb-q._.js:776
[ 1560015ms] [LOG] [Fast Refresh] done in 62ms @ http://localhost:3000/_next/static/chunks/0stj_next_dist_19zsb-q._.js:776
[ 1560076ms] [LOG] [Fast Refresh] done in 62ms @ http://localhost:3000/_next/static/chunks/0stj_next_dist_19zsb-q._.js:776
[ 1560139ms] [LOG] [Fast Refresh] done in 62ms @ http://localhost:3000/_next/static/chunks/0stj_next_dist_19zsb-q._.js:776
[ 1560200ms] [LOG] [Fast Refresh] done in 62ms @ http://localhost:3000/_next/static/chunks/0stj_next_dist_19zsb-q._.js:776
[ 1560262ms] [LOG] [Fast Refresh] done in 62ms @ http://localhost:3000/_next/static/chunks/0stj_next_dist_19zsb-q._.js:776
[ 1560325ms] [LOG] [Fast Refresh] done in 62ms @ http://localhost:3000/_next/static/chunks/0stj_next_dist_19zsb-q._.js:776
[ 1560390ms] [LOG] [Fast Refresh] done in 62ms @ http://localhost:3000/_next/static/chunks/0stj_next_dist_19zsb-q._.js:776
[ 1560450ms] [LOG] [Fast Refresh] done in 62ms @ http://localhost:3000/_next/static/chunks/0stj_next_dist_19zsb-q._.js:776
[ 1560512ms] [LOG] [Fast Refresh] done in 62ms @ http://localhost:3000/_next/static/chunks/0stj_next_dist_19zsb-q._.js:776
[ 1560574ms] [LOG] [Fast Refresh] done in 62ms @ http://localhost:3000/_next/static/chunks/0stj_next_dist_19zsb-q._.js:776
[ 1560636ms] [LOG] [Fast Refresh] done in 62ms @ http://localhost:3000/_next/static/chunks/0stj_next_dist_19zsb-q._.js:776
[ 1560697ms] [LOG] [Fast Refresh] done in 62ms @ http://localhost:3000/_next/static/chunks/0stj_next_dist_19zsb-q._.js:776
[ 1560761ms] [LOG] [Fast Refresh] done in 62ms @ http://localhost:3000/_next/static/chunks/0stj_next_dist_19zsb-q._.js:776
[ 1560821ms] [LOG] [Fast Refresh] done in 62ms @ http://localhost:3000/_next/static/chunks/0stj_next_dist_19zsb-q._.js:776
[ 1560882ms] [LOG] [Fast Refresh] done in 62ms @ http://localhost:3000/_next/static/chunks/0stj_next_dist_19zsb-q._.js:776
[ 1560944ms] [LOG] [Fast Refresh] done in 62ms @ http://localhost:3000/_next/static/chunks/0stj_next_dist_19zsb-q._.js:776
[ 1561006ms] [LOG] [Fast Refresh] done in 62ms @ http://localhost:3000/_next/static/chunks/0stj_next_dist_19zsb-q._.js:776
[ 1561067ms] [LOG] [Fast Refresh] done in 62ms @ http://localhost:3000/_next/static/chunks/0stj_next_dist_19zsb-q._.js:776
[ 1561129ms] [LOG] [Fast Refresh] done in 62ms @ http://localhost:3000/_next/static/chunks/0stj_next_dist_19zsb-q._.js:776
[ 1561191ms] [LOG] [Fast Refresh] done in 62ms @ http://localhost:3000/_next/static/chunks/0stj_next_dist_19zsb-q._.js:776
[ 1561255ms] [LOG] [Fast Refresh] done in 62ms @ http://localhost:3000/_next/static/chunks/0stj_next_dist_19zsb-q._.js:776
[ 1561317ms] [LOG] [Fast Refresh] done in 62ms @ http://localhost:3000/_next/static/chunks/0stj_next_dist_19zsb-q._.js:776
[ 1561381ms] [LOG] [Fast Refresh] done in 62ms @ http://localhost:3000/_next/static/chunks/0stj_next_dist_19zsb-q._.js:776
[ 1561444ms] [LOG] [Fast Refresh] done in 62ms @ http://localhost:3000/_next/static/chunks/0stj_next_dist_19zsb-q._.js:776
[ 1561506ms] [LOG] [Fast Refresh] done in 62ms @ http://localhost:3000/_next/static/chunks/0stj_next_dist_19zsb-q._.js:776
[ 1561568ms] [LOG] [Fast Refresh] done in 62ms @ http://localhost:3000/_next/static/chunks/0stj_next_dist_19zsb-q._.js:776
[ 1561630ms] [LOG] [Fast Refresh] done in 62ms @ http://localhost:3000/_next/static/chunks/0stj_next_dist_19zsb-q._.js:776
[ 1561692ms] [LOG] [Fast Refresh] done in 62ms @ http://localhost:3000/_next/static/chunks/0stj_next_dist_19zsb-q._.js:776
[ 1561754ms] [LOG] [Fast Refresh] done in 62ms @ http://localhost:3000/_next/static/chunks/0stj_next_dist_19zsb-q._.js:776
[ 1561815ms] [LOG] [Fast Refresh] done in 62ms @ http://localhost:3000/_next/static/chunks/0stj_next_dist_19zsb-q._.js:776
[ 1561876ms] [LOG] [Fast Refresh] done in 62ms @ http://localhost:3000/_next/static/chunks/0stj_next_dist_19zsb-q._.js:776
[ 1561945ms] [LOG] [Fast Refresh] done in 62ms @ http://localhost:3000/_next/static/chunks/0stj_next_dist_19zsb-q._.js:776
[ 1562046ms] [LOG] [Fast Refresh] done in 62ms @ http://localhost:3000/_next/static/chunks/0stj_next_dist_19zsb-q._.js:776
[ 1562125ms] [LOG] [Fast Refresh] done in 62ms @ http://localhost:3000/_next/static/chunks/0stj_next_dist_19zsb-q._.js:776
[ 1562203ms] [LOG] [Fast Refresh] done in 62ms @ http://localhost:3000/_next/static/chunks/0stj_next_dist_19zsb-q._.js:776
[ 1562335ms] [LOG] [Fast Refresh] done in 62ms @ http://localhost:3000/_next/static/chunks/0stj_next_dist_19zsb-q._.js:776
[ 1562436ms] [LOG] [Fast Refresh] done in 62ms @ http://localhost:3000/_next/static/chunks/0stj_next_dist_19zsb-q._.js:776
[ 1562499ms] [LOG] [Fast Refresh] done in 62ms @ http://localhost:3000/_next/static/chunks/0stj_next_dist_19zsb-q._.js:776
[ 1562561ms] [LOG] [Fast Refresh] done in 62ms @ http://localhost:3000/_next/static/chunks/0stj_next_dist_19zsb-q._.js:776
[ 1562624ms] [LOG] [Fast Refresh] done in 62ms @ http://localhost:3000/_next/static/chunks/0stj_next_dist_19zsb-q._.js:776
[ 1562687ms] [LOG] [Fast Refresh] done in 62ms @ http://localhost:3000/_next/static/chunks/0stj_next_dist_19zsb-q._.js:776
[ 1562750ms] [LOG] [Fast Refresh] done in 62ms @ http://localhost:3000/_next/static/chunks/0stj_next_dist_19zsb-q._.js:776
[ 1562810ms] [LOG] [Fast Refresh] done in 62ms @ http://localhost:3000/_next/static/chunks/0stj_next_dist_19zsb-q._.js:776
[ 1562873ms] [LOG] [Fast Refresh] done in 62ms @ http://localhost:3000/_next/static/chunks/0stj_next_dist_19zsb-q._.js:776
[ 1562934ms] [LOG] [Fast Refresh] done in 62ms @ http://localhost:3000/_next/static/chunks/0stj_next_dist_19zsb-q._.js:776
[ 1562996ms] [LOG] [Fast Refresh] done in 62ms @ http://localhost:3000/_next/static/chunks/0stj_next_dist_19zsb-q._.js:776
[ 1563060ms] [LOG] [Fast Refresh] done in 62ms @ http://localhost:3000/_next/static/chunks/0stj_next_dist_19zsb-q._.js:776
[ 1563120ms] [LOG] [Fast Refresh] done in 62ms @ http://localhost:3000/_next/static/chunks/0stj_next_dist_19zsb-q._.js:776
[ 1563182ms] [LOG] [Fast Refresh] done in 62ms @ http://localhost:3000/_next/static/chunks/0stj_next_dist_19zsb-q._.js:776
[ 1563244ms] [LOG] [Fast Refresh] done in 62ms @ http://localhost:3000/_next/static/chunks/0stj_next_dist_19zsb-q._.js:776
[ 1563308ms] [LOG] [Fast Refresh] done in 62ms @ http://localhost:3000/_next/static/chunks/0stj_next_dist_19zsb-q._.js:776
[ 1563370ms] [LOG] [Fast Refresh] done in 62ms @ http://localhost:3000/_next/static/chunks/0stj_next_dist_19zsb-q._.js:776
[ 1563434ms] [LOG] [Fast Refresh] done in 62ms @ http://localhost:3000/_next/static/chunks/0stj_next_dist_19zsb-q._.js:776
[ 1563496ms] [LOG] [Fast Refresh] done in 62ms @ http://localhost:3000/_next/static/chunks/0stj_next_dist_19zsb-q._.js:776
[ 1563557ms] [LOG] [Fast Refresh] done in 62ms @ http://localhost:3000/_next/static/chunks/0stj_next_dist_19zsb-q._.js:776
[ 1563620ms] [LOG] [Fast Refresh] done in 62ms @ http://localhost:3000/_next/static/chunks/0stj_next_dist_19zsb-q._.js:776
[ 1563683ms] [LOG] [Fast Refresh] done in 62ms @ http://localhost:3000/_next/static/chunks/0stj_next_dist_19zsb-q._.js:776
[ 1563745ms] [LOG] [Fast Refresh] done in 62ms @ http://localhost:3000/_next/static/chunks/0stj_next_dist_19zsb-q._.js:776
[ 1563806ms] [LOG] [Fast Refresh] done in 62ms @ http://localhost:3000/_next/static/chunks/0stj_next_dist_19zsb-q._.js:776
[ 1563869ms] [LOG] [Fast Refresh] done in 62ms @ http://localhost:3000/_next/static/chunks/0stj_next_dist_19zsb-q._.js:776
[ 1563931ms] [LOG] [Fast Refresh] done in 62ms @ http://localhost:3000/_next/static/chunks/0stj_next_dist_19zsb-q._.js:776
[ 1563993ms] [LOG] [Fast Refresh] done in 62ms @ http://localhost:3000/_next/static/chunks/0stj_next_dist_19zsb-q._.js:776
[ 1564055ms] [LOG] [Fast Refresh] done in 62ms @ http://localhost:3000/_next/static/chunks/0stj_next_dist_19zsb-q._.js:776
[ 1564117ms] [LOG] [Fast Refresh] done in 62ms @ http://localhost:3000/_next/static/chunks/0stj_next_dist_19zsb-q._.js:776
[ 1564180ms] [LOG] [Fast Refresh] done in 62ms @ http://localhost:3000/_next/static/chunks/0stj_next_dist_19zsb-q._.js:776
[ 1564242ms] [LOG] [Fast Refresh] done in 62ms @ http://localhost:3000/_next/static/chunks/0stj_next_dist_19zsb-q._.js:776
[ 1564304ms] [LOG] [Fast Refresh] done in 62ms @ http://localhost:3000/_next/static/chunks/0stj_next_dist_19zsb-q._.js:776
[ 1564368ms] [LOG] [Fast Refresh] done in 62ms @ http://localhost:3000/_next/static/chunks/0stj_next_dist_19zsb-q._.js:776
[ 1564430ms] [LOG] [Fast Refresh] done in 62ms @ http://localhost:3000/_next/static/chunks/0stj_next_dist_19zsb-q._.js:776
[ 1564493ms] [LOG] [Fast Refresh] done in 62ms @ http://localhost:3000/_next/static/chunks/0stj_next_dist_19zsb-q._.js:776
[ 1564556ms] [LOG] [Fast Refresh] done in 62ms @ http://localhost:3000/_next/static/chunks/0stj_next_dist_19zsb-q._.js:776
[ 1564618ms] [LOG] [Fast Refresh] done in 62ms @ http://localhost:3000/_next/static/chunks/0stj_next_dist_19zsb-q._.js:776
[ 1564681ms] [LOG] [Fast Refresh] done in 62ms @ http://localhost:3000/_next/static/chunks/0stj_next_dist_19zsb-q._.js:776
[ 1564744ms] [LOG] [Fast Refresh] done in 62ms @ http://localhost:3000/_next/static/chunks/0stj_next_dist_19zsb-q._.js:776
[ 1564806ms] [LOG] [Fast Refresh] done in 62ms @ http://localhost:3000/_next/static/chunks/0stj_next_dist_19zsb-q._.js:776
[ 1564870ms] [LOG] [Fast Refresh] done in 62ms @ http://localhost:3000/_next/static/chunks/0stj_next_dist_19zsb-q._.js:776
[ 1564933ms] [LOG] [Fast Refresh] done in 62ms @ http://localhost:3000/_next/static/chunks/0stj_next_dist_19zsb-q._.js:776
[ 1564995ms] [LOG] [Fast Refresh] done in 62ms @ http://localhost:3000/_next/static/chunks/0stj_next_dist_19zsb-q._.js:776
[ 1565057ms] [LOG] [Fast Refresh] done in 62ms @ http://localhost:3000/_next/static/chunks/0stj_next_dist_19zsb-q._.js:776
[ 1565120ms] [LOG] [Fast Refresh] done in 62ms @ http://localhost:3000/_next/static/chunks/0stj_next_dist_19zsb-q._.js:776
[ 1565182ms] [LOG] [Fast Refresh] done in 62ms @ http://localhost:3000/_next/static/chunks/0stj_next_dist_19zsb-q._.js:776
[ 1565244ms] [LOG] [Fast Refresh] done in 62ms @ http://localhost:3000/_next/static/chunks/0stj_next_dist_19zsb-q._.js:776
[ 1565307ms] [LOG] [Fast Refresh] done in 62ms @ http://localhost:3000/_next/static/chunks/0stj_next_dist_19zsb-q._.js:776
[ 1565370ms] [LOG] [Fast Refresh] done in 62ms @ http://localhost:3000/_next/static/chunks/0stj_next_dist_19zsb-q._.js:776
[ 1565431ms] [LOG] [Fast Refresh] done in 62ms @ http://localhost:3000/_next/static/chunks/0stj_next_dist_19zsb-q._.js:776
[ 1565493ms] [LOG] [Fast Refresh] done in 62ms @ http://localhost:3000/_next/static/chunks/0stj_next_dist_19zsb-q._.js:776
[ 1565555ms] [LOG] [Fast Refresh] done in 62ms @ http://localhost:3000/_next/static/chunks/0stj_next_dist_19zsb-q._.js:776
[ 1565616ms] [LOG] [Fast Refresh] done in 62ms @ http://localhost:3000/_next/static/chunks/0stj_next_dist_19zsb-q._.js:776
[ 1565679ms] [LOG] [Fast Refresh] done in 62ms @ http://localhost:3000/_next/static/chunks/0stj_next_dist_19zsb-q._.js:776
[ 1565742ms] [LOG] [Fast Refresh] done in 62ms @ http://localhost:3000/_next/static/chunks/0stj_next_dist_19zsb-q._.js:776
[ 1565805ms] [LOG] [Fast Refresh] done in 62ms @ http://localhost:3000/_next/static/chunks/0stj_next_dist_19zsb-q._.js:776
[ 1565868ms] [LOG] [Fast Refresh] done in 62ms @ http://localhost:3000/_next/static/chunks/0stj_next_dist_19zsb-q._.js:776
[ 1565930ms] [LOG] [Fast Refresh] done in 62ms @ http://localhost:3000/_next/static/chunks/0stj_next_dist_19zsb-q._.js:776
[ 1565992ms] [LOG] [Fast Refresh] done in 62ms @ http://localhost:3000/_next/static/chunks/0stj_next_dist_19zsb-q._.js:776
[ 1566054ms] [LOG] [Fast Refresh] done in 62ms @ http://localhost:3000/_next/static/chunks/0stj_next_dist_19zsb-q._.js:776
[ 1566117ms] [LOG] [Fast Refresh] done in 62ms @ http://localhost:3000/_next/static/chunks/0stj_next_dist_19zsb-q._.js:776
[ 1566177ms] [LOG] [Fast Refresh] done in 62ms @ http://localhost:3000/_next/static/chunks/0stj_next_dist_19zsb-q._.js:776
[ 1566239ms] [LOG] [Fast Refresh] done in 62ms @ http://localhost:3000/_next/static/chunks/0stj_next_dist_19zsb-q._.js:776
[ 1566302ms] [LOG] [Fast Refresh] done in 62ms @ http://localhost:3000/_next/static/chunks/0stj_next_dist_19zsb-q._.js:776
[ 1566365ms] [LOG] [Fast Refresh] done in 62ms @ http://localhost:3000/_next/static/chunks/0stj_next_dist_19zsb-q._.js:776
[ 1566443ms] [LOG] [Fast Refresh] done in 62ms @ http://localhost:3000/_next/static/chunks/0stj_next_dist_19zsb-q._.js:776
[ 1566506ms] [LOG] [Fast Refresh] done in 62ms @ http://localhost:3000/_next/static/chunks/0stj_next_dist_19zsb-q._.js:776
[ 1566569ms] [LOG] [Fast Refresh] done in 62ms @ http://localhost:3000/_next/static/chunks/0stj_next_dist_19zsb-q._.js:776
[ 1566633ms] [LOG] [Fast Refresh] done in 62ms @ http://localhost:3000/_next/static/chunks/0stj_next_dist_19zsb-q._.js:776
[ 1566694ms] [LOG] [Fast Refresh] done in 62ms @ http://localhost:3000/_next/static/chunks/0stj_next_dist_19zsb-q._.js:776
[ 1566757ms] [LOG] [Fast Refresh] done in 62ms @ http://localhost:3000/_next/static/chunks/0stj_next_dist_19zsb-q._.js:776
[ 1566818ms] [LOG] [Fast Refresh] done in 62ms @ http://localhost:3000/_next/static/chunks/0stj_next_dist_19zsb-q._.js:776
[ 1566881ms] [LOG] [Fast Refresh] done in 62ms @ http://localhost:3000/_next/static/chunks/0stj_next_dist_19zsb-q._.js:776
[ 1566941ms] [LOG] [Fast Refresh] done in 62ms @ http://localhost:3000/_next/static/chunks/0stj_next_dist_19zsb-q._.js:776
[ 1567005ms] [LOG] [Fast Refresh] done in 62ms @ http://localhost:3000/_next/static/chunks/0stj_next_dist_19zsb-q._.js:776
[ 1567066ms] [LOG] [Fast Refresh] done in 62ms @ http://localhost:3000/_next/static/chunks/0stj_next_dist_19zsb-q._.js:776
[ 1567130ms] [LOG] [Fast Refresh] done in 62ms @ http://localhost:3000/_next/static/chunks/0stj_next_dist_19zsb-q._.js:776
[ 1567192ms] [LOG] [Fast Refresh] done in 62ms @ http://localhost:3000/_next/static/chunks/0stj_next_dist_19zsb-q._.js:776
[ 1567256ms] [LOG] [Fast Refresh] done in 62ms @ http://localhost:3000/_next/static/chunks/0stj_next_dist_19zsb-q._.js:776
[ 1567317ms] [LOG] [Fast Refresh] done in 62ms @ http://localhost:3000/_next/static/chunks/0stj_next_dist_19zsb-q._.js:776
[ 1567380ms] [LOG] [Fast Refresh] done in 62ms @ http://localhost:3000/_next/static/chunks/0stj_next_dist_19zsb-q._.js:776
[ 1567443ms] [LOG] [Fast Refresh] done in 62ms @ http://localhost:3000/_next/static/chunks/0stj_next_dist_19zsb-q._.js:776
[ 1567505ms] [LOG] [Fast Refresh] done in 62ms @ http://localhost:3000/_next/static/chunks/0stj_next_dist_19zsb-q._.js:776
[ 1567568ms] [LOG] [Fast Refresh] done in 62ms @ http://localhost:3000/_next/static/chunks/0stj_next_dist_19zsb-q._.js:776
[ 1567630ms] [LOG] [Fast Refresh] done in 62ms @ http://localhost:3000/_next/static/chunks/0stj_next_dist_19zsb-q._.js:776
[ 1567691ms] [LOG] [Fast Refresh] done in 62ms @ http://localhost:3000/_next/static/chunks/0stj_next_dist_19zsb-q._.js:776
[ 1567755ms] [LOG] [Fast Refresh] done in 62ms @ http://localhost:3000/_next/static/chunks/0stj_next_dist_19zsb-q._.js:776
[ 1567818ms] [LOG] [Fast Refresh] done in 62ms @ http://localhost:3000/_next/static/chunks/0stj_next_dist_19zsb-q._.js:776
[ 1567880ms] [LOG] [Fast Refresh] done in 62ms @ http://localhost:3000/_next/static/chunks/0stj_next_dist_19zsb-q._.js:776
[ 1567942ms] [LOG] [Fast Refresh] done in 62ms @ http://localhost:3000/_next/static/chunks/0stj_next_dist_19zsb-q._.js:776
[ 1568005ms] [LOG] [Fast Refresh] done in 62ms @ http://localhost:3000/_next/static/chunks/0stj_next_dist_19zsb-q._.js:776
[ 1568066ms] [LOG] [Fast Refresh] done in 62ms @ http://localhost:3000/_next/static/chunks/0stj_next_dist_19zsb-q._.js:776
[ 1568128ms] [LOG] [Fast Refresh] done in 62ms @ http://localhost:3000/_next/static/chunks/0stj_next_dist_19zsb-q._.js:776
[ 1568223ms] [LOG] [Fast Refresh] done in 62ms @ http://localhost:3000/_next/static/chunks/0stj_next_dist_19zsb-q._.js:776
[ 1568285ms] [LOG] [Fast Refresh] done in 62ms @ http://localhost:3000/_next/static/chunks/0stj_next_dist_19zsb-q._.js:776
[ 1568346ms] [LOG] [Fast Refresh] done in 62ms @ http://localhost:3000/_next/static/chunks/0stj_next_dist_19zsb-q._.js:776
[ 1568409ms] [LOG] [Fast Refresh] done in 62ms @ http://localhost:3000/_next/static/chunks/0stj_next_dist_19zsb-q._.js:776
[ 1568471ms] [LOG] [Fast Refresh] done in 62ms @ http://localhost:3000/_next/static/chunks/0stj_next_dist_19zsb-q._.js:776
[ 1568533ms] [LOG] [Fast Refresh] done in 62ms @ http://localhost:3000/_next/static/chunks/0stj_next_dist_19zsb-q._.js:776
[ 1568597ms] [LOG] [Fast Refresh] done in 62ms @ http://localhost:3000/_next/static/chunks/0stj_next_dist_19zsb-q._.js:776
[ 1568660ms] [LOG] [Fast Refresh] done in 62ms @ http://localhost:3000/_next/static/chunks/0stj_next_dist_19zsb-q._.js:776
[ 1568722ms] [LOG] [Fast Refresh] done in 62ms @ http://localhost:3000/_next/static/chunks/0stj_next_dist_19zsb-q._.js:776
[ 1568784ms] [LOG] [Fast Refresh] done in 62ms @ http://localhost:3000/_next/static/chunks/0stj_next_dist_19zsb-q._.js:776
[ 1568846ms] [LOG] [Fast Refresh] done in 62ms @ http://localhost:3000/_next/static/chunks/0stj_next_dist_19zsb-q._.js:776
[ 1568911ms] [LOG] [Fast Refresh] done in 62ms @ http://localhost:3000/_next/static/chunks/0stj_next_dist_19zsb-q._.js:776
[ 1568974ms] [LOG] [Fast Refresh] done in 62ms @ http://localhost:3000/_next/static/chunks/0stj_next_dist_19zsb-q._.js:776
[ 1569036ms] [LOG] [Fast Refresh] done in 62ms @ http://localhost:3000/_next/static/chunks/0stj_next_dist_19zsb-q._.js:776
[ 1569099ms] [LOG] [Fast Refresh] done in 62ms @ http://localhost:3000/_next/static/chunks/0stj_next_dist_19zsb-q._.js:776
[ 1569163ms] [LOG] [Fast Refresh] done in 62ms @ http://localhost:3000/_next/static/chunks/0stj_next_dist_19zsb-q._.js:776
[ 1569224ms] [LOG] [Fast Refresh] done in 62ms @ http://localhost:3000/_next/static/chunks/0stj_next_dist_19zsb-q._.js:776
[ 1569286ms] [LOG] [Fast Refresh] done in 62ms @ http://localhost:3000/_next/static/chunks/0stj_next_dist_19zsb-q._.js:776
[ 1569348ms] [LOG] [Fast Refresh] done in 62ms @ http://localhost:3000/_next/static/chunks/0stj_next_dist_19zsb-q._.js:776
[ 1569419ms] [LOG] [Fast Refresh] done in 62ms @ http://localhost:3000/_next/static/chunks/0stj_next_dist_19zsb-q._.js:776
[ 1569473ms] [LOG] [Fast Refresh] done in 62ms @ http://localhost:3000/_next/static/chunks/0stj_next_dist_19zsb-q._.js:776
[ 1569536ms] [LOG] [Fast Refresh] done in 62ms @ http://localhost:3000/_next/static/chunks/0stj_next_dist_19zsb-q._.js:776
[ 1569597ms] [LOG] [Fast Refresh] done in 62ms @ http://localhost:3000/_next/static/chunks/0stj_next_dist_19zsb-q._.js:776
[ 1569665ms] [LOG] [Fast Refresh] done in 62ms @ http://localhost:3000/_next/static/chunks/0stj_next_dist_19zsb-q._.js:776
[ 1569722ms] [LOG] [Fast Refresh] done in 62ms @ http://localhost:3000/_next/static/chunks/0stj_next_dist_19zsb-q._.js:776
[ 1569784ms] [LOG] [Fast Refresh] done in 62ms @ http://localhost:3000/_next/static/chunks/0stj_next_dist_19zsb-q._.js:776
[ 1569847ms] [LOG] [Fast Refresh] done in 62ms @ http://localhost:3000/_next/static/chunks/0stj_next_dist_19zsb-q._.js:776
[ 1569909ms] [LOG] [Fast Refresh] done in 62ms @ http://localhost:3000/_next/static/chunks/0stj_next_dist_19zsb-q._.js:776
[ 1569972ms] [LOG] [Fast Refresh] done in 62ms @ http://localhost:3000/_next/static/chunks/0stj_next_dist_19zsb-q._.js:776
[ 1570034ms] [LOG] [Fast Refresh] done in 62ms @ http://localhost:3000/_next/static/chunks/0stj_next_dist_19zsb-q._.js:776
[ 1570096ms] [LOG] [Fast Refresh] done in 62ms @ http://localhost:3000/_next/static/chunks/0stj_next_dist_19zsb-q._.js:776
[ 1570159ms] [LOG] [Fast Refresh] done in 62ms @ http://localhost:3000/_next/static/chunks/0stj_next_dist_19zsb-q._.js:776
[ 1570221ms] [LOG] [Fast Refresh] done in 62ms @ http://localhost:3000/_next/static/chunks/0stj_next_dist_19zsb-q._.js:776
[ 1570284ms] [LOG] [Fast Refresh] done in 62ms @ http://localhost:3000/_next/static/chunks/0stj_next_dist_19zsb-q._.js:776
[ 1570347ms] [LOG] [Fast Refresh] done in 62ms @ http://localhost:3000/_next/static/chunks/0stj_next_dist_19zsb-q._.js:776
[ 1570410ms] [LOG] [Fast Refresh] done in 62ms @ http://localhost:3000/_next/static/chunks/0stj_next_dist_19zsb-q._.js:776
[ 1570471ms] [LOG] [Fast Refresh] done in 62ms @ http://localhost:3000/_next/static/chunks/0stj_next_dist_19zsb-q._.js:776
[ 1570535ms] [LOG] [Fast Refresh] done in 62ms @ http://localhost:3000/_next/static/chunks/0stj_next_dist_19zsb-q._.js:776
[ 1570596ms] [LOG] [Fast Refresh] done in 62ms @ http://localhost:3000/_next/static/chunks/0stj_next_dist_19zsb-q._.js:776
[ 1570658ms] [LOG] [Fast Refresh] done in 62ms @ http://localhost:3000/_next/static/chunks/0stj_next_dist_19zsb-q._.js:776
[ 1570736ms] [LOG] [Fast Refresh] done in 62ms @ http://localhost:3000/_next/static/chunks/0stj_next_dist_19zsb-q._.js:776
[ 1570798ms] [LOG] [Fast Refresh] done in 62ms @ http://localhost:3000/_next/static/chunks/0stj_next_dist_19zsb-q._.js:776
[ 1570861ms] [LOG] [Fast Refresh] done in 62ms @ http://localhost:3000/_next/static/chunks/0stj_next_dist_19zsb-q._.js:776
[ 1570923ms] [LOG] [Fast Refresh] done in 62ms @ http://localhost:3000/_next/static/chunks/0stj_next_dist_19zsb-q._.js:776
[ 1570983ms] [LOG] [Fast Refresh] done in 62ms @ http://localhost:3000/_next/static/chunks/0stj_next_dist_19zsb-q._.js:776
[ 1571047ms] [LOG] [Fast Refresh] done in 62ms @ http://localhost:3000/_next/static/chunks/0stj_next_dist_19zsb-q._.js:776
[ 1571108ms] [LOG] [Fast Refresh] done in 62ms @ http://localhost:3000/_next/static/chunks/0stj_next_dist_19zsb-q._.js:776
[ 1571171ms] [LOG] [Fast Refresh] done in 62ms @ http://localhost:3000/_next/static/chunks/0stj_next_dist_19zsb-q._.js:776
[ 1571234ms] [LOG] [Fast Refresh] done in 62ms @ http://localhost:3000/_next/static/chunks/0stj_next_dist_19zsb-q._.js:776
[ 1571297ms] [LOG] [Fast Refresh] done in 62ms @ http://localhost:3000/_next/static/chunks/0stj_next_dist_19zsb-q._.js:776
[ 1571360ms] [LOG] [Fast Refresh] done in 62ms @ http://localhost:3000/_next/static/chunks/0stj_next_dist_19zsb-q._.js:776
[ 1571425ms] [LOG] [Fast Refresh] done in 62ms @ http://localhost:3000/_next/static/chunks/0stj_next_dist_19zsb-q._.js:776
[ 1571486ms] [LOG] [Fast Refresh] done in 62ms @ http://localhost:3000/_next/static/chunks/0stj_next_dist_19zsb-q._.js:776
[ 1571549ms] [LOG] [Fast Refresh] done in 62ms @ http://localhost:3000/_next/static/chunks/0stj_next_dist_19zsb-q._.js:776
[ 1571612ms] [LOG] [Fast Refresh] done in 62ms @ http://localhost:3000/_next/static/chunks/0stj_next_dist_19zsb-q._.js:776
[ 1571678ms] [LOG] [Fast Refresh] done in 62ms @ http://localhost:3000/_next/static/chunks/0stj_next_dist_19zsb-q._.js:776
[ 1571739ms] [LOG] [Fast Refresh] done in 62ms @ http://localhost:3000/_next/static/chunks/0stj_next_dist_19zsb-q._.js:776
[ 1571801ms] [LOG] [Fast Refresh] done in 62ms @ http://localhost:3000/_next/static/chunks/0stj_next_dist_19zsb-q._.js:776
[ 1571864ms] [LOG] [Fast Refresh] done in 62ms @ http://localhost:3000/_next/static/chunks/0stj_next_dist_19zsb-q._.js:776
[ 1571927ms] [LOG] [Fast Refresh] done in 62ms @ http://localhost:3000/_next/static/chunks/0stj_next_dist_19zsb-q._.js:776
[ 1571989ms] [LOG] [Fast Refresh] done in 62ms @ http://localhost:3000/_next/static/chunks/0stj_next_dist_19zsb-q._.js:776
[ 1572050ms] [LOG] [Fast Refresh] done in 62ms @ http://localhost:3000/_next/static/chunks/0stj_next_dist_19zsb-q._.js:776
[ 1572111ms] [LOG] [Fast Refresh] done in 62ms @ http://localhost:3000/_next/static/chunks/0stj_next_dist_19zsb-q._.js:776
[ 1572176ms] [LOG] [Fast Refresh] done in 62ms @ http://localhost:3000/_next/static/chunks/0stj_next_dist_19zsb-q._.js:776
[ 1572237ms] [LOG] [Fast Refresh] done in 62ms @ http://localhost:3000/_next/static/chunks/0stj_next_dist_19zsb-q._.js:776
[ 1572301ms] [LOG] [Fast Refresh] done in 62ms @ http://localhost:3000/_next/static/chunks/0stj_next_dist_19zsb-q._.js:776
[ 1572363ms] [LOG] [Fast Refresh] done in 62ms @ http://localhost:3000/_next/static/chunks/0stj_next_dist_19zsb-q._.js:776
[ 1572427ms] [LOG] [Fast Refresh] done in 62ms @ http://localhost:3000/_next/static/chunks/0stj_next_dist_19zsb-q._.js:776
[ 1572488ms] [LOG] [Fast Refresh] done in 62ms @ http://localhost:3000/_next/static/chunks/0stj_next_dist_19zsb-q._.js:776
[ 1572551ms] [LOG] [Fast Refresh] done in 62ms @ http://localhost:3000/_next/static/chunks/0stj_next_dist_19zsb-q._.js:776
[ 1572613ms] [LOG] [Fast Refresh] done in 62ms @ http://localhost:3000/_next/static/chunks/0stj_next_dist_19zsb-q._.js:776
[ 1572677ms] [LOG] [Fast Refresh] done in 62ms @ http://localhost:3000/_next/static/chunks/0stj_next_dist_19zsb-q._.js:776
[ 1572741ms] [LOG] [Fast Refresh] done in 62ms @ http://localhost:3000/_next/static/chunks/0stj_next_dist_19zsb-q._.js:776
[ 1572804ms] [LOG] [Fast Refresh] done in 62ms @ http://localhost:3000/_next/static/chunks/0stj_next_dist_19zsb-q._.js:776
[ 1572866ms] [LOG] [Fast Refresh] done in 62ms @ http://localhost:3000/_next/static/chunks/0stj_next_dist_19zsb-q._.js:776
[ 1572929ms] [LOG] [Fast Refresh] done in 62ms @ http://localhost:3000/_next/static/chunks/0stj_next_dist_19zsb-q._.js:776
[ 1572990ms] [LOG] [Fast Refresh] done in 62ms @ http://localhost:3000/_next/static/chunks/0stj_next_dist_19zsb-q._.js:776
[ 1573052ms] [LOG] [Fast Refresh] done in 62ms @ http://localhost:3000/_next/static/chunks/0stj_next_dist_19zsb-q._.js:776
[ 1573114ms] [LOG] [Fast Refresh] done in 62ms @ http://localhost:3000/_next/static/chunks/0stj_next_dist_19zsb-q._.js:776
[ 1573177ms] [LOG] [Fast Refresh] done in 62ms @ http://localhost:3000/_next/static/chunks/0stj_next_dist_19zsb-q._.js:776
[ 1573240ms] [LOG] [Fast Refresh] done in 62ms @ http://localhost:3000/_next/static/chunks/0stj_next_dist_19zsb-q._.js:776
[ 1573304ms] [LOG] [Fast Refresh] done in 62ms @ http://localhost:3000/_next/static/chunks/0stj_next_dist_19zsb-q._.js:776
[ 1573367ms] [LOG] [Fast Refresh] done in 62ms @ http://localhost:3000/_next/static/chunks/0stj_next_dist_19zsb-q._.js:776
[ 1573433ms] [LOG] [Fast Refresh] done in 62ms @ http://localhost:3000/_next/static/chunks/0stj_next_dist_19zsb-q._.js:776
[ 1573495ms] [LOG] [Fast Refresh] done in 62ms @ http://localhost:3000/_next/static/chunks/0stj_next_dist_19zsb-q._.js:776
[ 1573560ms] [LOG] [Fast Refresh] done in 62ms @ http://localhost:3000/_next/static/chunks/0stj_next_dist_19zsb-q._.js:776
[ 1573621ms] [LOG] [Fast Refresh] done in 62ms @ http://localhost:3000/_next/static/chunks/0stj_next_dist_19zsb-q._.js:776
[ 1573686ms] [LOG] [Fast Refresh] done in 62ms @ http://localhost:3000/_next/static/chunks/0stj_next_dist_19zsb-q._.js:776
[ 1573747ms] [LOG] [Fast Refresh] done in 62ms @ http://localhost:3000/_next/static/chunks/0stj_next_dist_19zsb-q._.js:776
[ 1573809ms] [LOG] [Fast Refresh] done in 62ms @ http://localhost:3000/_next/static/chunks/0stj_next_dist_19zsb-q._.js:776
[ 1573871ms] [LOG] [Fast Refresh] done in 62ms @ http://localhost:3000/_next/static/chunks/0stj_next_dist_19zsb-q._.js:776
[ 1573934ms] [LOG] [Fast Refresh] done in 62ms @ http://localhost:3000/_next/static/chunks/0stj_next_dist_19zsb-q._.js:776
[ 1573995ms] [LOG] [Fast Refresh] done in 62ms @ http://localhost:3000/_next/static/chunks/0stj_next_dist_19zsb-q._.js:776
[ 1574060ms] [LOG] [Fast Refresh] done in 62ms @ http://localhost:3000/_next/static/chunks/0stj_next_dist_19zsb-q._.js:776
[ 1574122ms] [LOG] [Fast Refresh] done in 62ms @ http://localhost:3000/_next/static/chunks/0stj_next_dist_19zsb-q._.js:776
[ 1574188ms] [LOG] [Fast Refresh] done in 62ms @ http://localhost:3000/_next/static/chunks/0stj_next_dist_19zsb-q._.js:776
[ 1574265ms] [LOG] [Fast Refresh] done in 62ms @ http://localhost:3000/_next/static/chunks/0stj_next_dist_19zsb-q._.js:776
[ 1574325ms] [LOG] [Fast Refresh] done in 62ms @ http://localhost:3000/_next/static/chunks/0stj_next_dist_19zsb-q._.js:776
[ 1574388ms] [LOG] [Fast Refresh] done in 62ms @ http://localhost:3000/_next/static/chunks/0stj_next_dist_19zsb-q._.js:776
[ 1574452ms] [LOG] [Fast Refresh] done in 62ms @ http://localhost:3000/_next/static/chunks/0stj_next_dist_19zsb-q._.js:776
[ 1574513ms] [LOG] [Fast Refresh] done in 62ms @ http://localhost:3000/_next/static/chunks/0stj_next_dist_19zsb-q._.js:776
[ 1574574ms] [LOG] [Fast Refresh] done in 62ms @ http://localhost:3000/_next/static/chunks/0stj_next_dist_19zsb-q._.js:776
[ 1574636ms] [LOG] [Fast Refresh] done in 62ms @ http://localhost:3000/_next/static/chunks/0stj_next_dist_19zsb-q._.js:776
[ 1574698ms] [LOG] [Fast Refresh] done in 62ms @ http://localhost:3000/_next/static/chunks/0stj_next_dist_19zsb-q._.js:776
[ 1574760ms] [LOG] [Fast Refresh] done in 62ms @ http://localhost:3000/_next/static/chunks/0stj_next_dist_19zsb-q._.js:776
[ 1574821ms] [LOG] [Fast Refresh] done in 62ms @ http://localhost:3000/_next/static/chunks/0stj_next_dist_19zsb-q._.js:776
[ 1574884ms] [LOG] [Fast Refresh] done in 62ms @ http://localhost:3000/_next/static/chunks/0stj_next_dist_19zsb-q._.js:776
[ 1574947ms] [LOG] [Fast Refresh] done in 62ms @ http://localhost:3000/_next/static/chunks/0stj_next_dist_19zsb-q._.js:776
[ 1575009ms] [LOG] [Fast Refresh] done in 62ms @ http://localhost:3000/_next/static/chunks/0stj_next_dist_19zsb-q._.js:776
[ 1575072ms] [LOG] [Fast Refresh] done in 62ms @ http://localhost:3000/_next/static/chunks/0stj_next_dist_19zsb-q._.js:776
[ 1575134ms] [LOG] [Fast Refresh] done in 62ms @ http://localhost:3000/_next/static/chunks/0stj_next_dist_19zsb-q._.js:776
[ 1575198ms] [LOG] [Fast Refresh] done in 62ms @ http://localhost:3000/_next/static/chunks/0stj_next_dist_19zsb-q._.js:776
[ 1575261ms] [LOG] [Fast Refresh] done in 62ms @ http://localhost:3000/_next/static/chunks/0stj_next_dist_19zsb-q._.js:776
[ 1575323ms] [LOG] [Fast Refresh] done in 62ms @ http://localhost:3000/_next/static/chunks/0stj_next_dist_19zsb-q._.js:776
[ 1575386ms] [LOG] [Fast Refresh] done in 62ms @ http://localhost:3000/_next/static/chunks/0stj_next_dist_19zsb-q._.js:776
[ 1575450ms] [LOG] [Fast Refresh] done in 62ms @ http://localhost:3000/_next/static/chunks/0stj_next_dist_19zsb-q._.js:776
[ 1575511ms] [LOG] [Fast Refresh] done in 62ms @ http://localhost:3000/_next/static/chunks/0stj_next_dist_19zsb-q._.js:776
[ 1575574ms] [LOG] [Fast Refresh] done in 62ms @ http://localhost:3000/_next/static/chunks/0stj_next_dist_19zsb-q._.js:776
[ 1575636ms] [LOG] [Fast Refresh] done in 62ms @ http://localhost:3000/_next/static/chunks/0stj_next_dist_19zsb-q._.js:776
[ 1575697ms] [LOG] [Fast Refresh] done in 62ms @ http://localhost:3000/_next/static/chunks/0stj_next_dist_19zsb-q._.js:776
[ 1575761ms] [LOG] [Fast Refresh] done in 62ms @ http://localhost:3000/_next/static/chunks/0stj_next_dist_19zsb-q._.js:776
[ 1575824ms] [LOG] [Fast Refresh] done in 62ms @ http://localhost:3000/_next/static/chunks/0stj_next_dist_19zsb-q._.js:776
[ 1575886ms] [LOG] [Fast Refresh] done in 62ms @ http://localhost:3000/_next/static/chunks/0stj_next_dist_19zsb-q._.js:776
[ 1575950ms] [LOG] [Fast Refresh] done in 62ms @ http://localhost:3000/_next/static/chunks/0stj_next_dist_19zsb-q._.js:776
[ 1576012ms] [LOG] [Fast Refresh] done in 62ms @ http://localhost:3000/_next/static/chunks/0stj_next_dist_19zsb-q._.js:776
[ 1576075ms] [LOG] [Fast Refresh] done in 62ms @ http://localhost:3000/_next/static/chunks/0stj_next_dist_19zsb-q._.js:776
[ 1576136ms] [LOG] [Fast Refresh] done in 62ms @ http://localhost:3000/_next/static/chunks/0stj_next_dist_19zsb-q._.js:776
[ 1576199ms] [LOG] [Fast Refresh] done in 62ms @ http://localhost:3000/_next/static/chunks/0stj_next_dist_19zsb-q._.js:776
[ 1576261ms] [LOG] [Fast Refresh] done in 62ms @ http://localhost:3000/_next/static/chunks/0stj_next_dist_19zsb-q._.js:776
[ 1576326ms] [LOG] [Fast Refresh] done in 62ms @ http://localhost:3000/_next/static/chunks/0stj_next_dist_19zsb-q._.js:776
[ 1576387ms] [LOG] [Fast Refresh] done in 62ms @ http://localhost:3000/_next/static/chunks/0stj_next_dist_19zsb-q._.js:776
[ 1576450ms] [LOG] [Fast Refresh] done in 62ms @ http://localhost:3000/_next/static/chunks/0stj_next_dist_19zsb-q._.js:776
[ 1576512ms] [LOG] [Fast Refresh] done in 62ms @ http://localhost:3000/_next/static/chunks/0stj_next_dist_19zsb-q._.js:776
[ 1576574ms] [LOG] [Fast Refresh] done in 62ms @ http://localhost:3000/_next/static/chunks/0stj_next_dist_19zsb-q._.js:776
[ 1576637ms] [LOG] [Fast Refresh] done in 62ms @ http://localhost:3000/_next/static/chunks/0stj_next_dist_19zsb-q._.js:776
[ 1576699ms] [LOG] [Fast Refresh] done in 62ms @ http://localhost:3000/_next/static/chunks/0stj_next_dist_19zsb-q._.js:776
[ 1576761ms] [LOG] [Fast Refresh] done in 62ms @ http://localhost:3000/_next/static/chunks/0stj_next_dist_19zsb-q._.js:776
[ 1576822ms] [LOG] [Fast Refresh] done in 62ms @ http://localhost:3000/_next/static/chunks/0stj_next_dist_19zsb-q._.js:776
[ 1576885ms] [LOG] [Fast Refresh] done in 62ms @ http://localhost:3000/_next/static/chunks/0stj_next_dist_19zsb-q._.js:776
[ 1576949ms] [LOG] [Fast Refresh] done in 62ms @ http://localhost:3000/_next/static/chunks/0stj_next_dist_19zsb-q._.js:776
[ 1577011ms] [LOG] [Fast Refresh] done in 62ms @ http://localhost:3000/_next/static/chunks/0stj_next_dist_19zsb-q._.js:776
[ 1577074ms] [LOG] [Fast Refresh] done in 62ms @ http://localhost:3000/_next/static/chunks/0stj_next_dist_19zsb-q._.js:776
[ 1577135ms] [LOG] [Fast Refresh] done in 62ms @ http://localhost:3000/_next/static/chunks/0stj_next_dist_19zsb-q._.js:776
[ 1577200ms] [LOG] [Fast Refresh] done in 62ms @ http://localhost:3000/_next/static/chunks/0stj_next_dist_19zsb-q._.js:776
[ 1577262ms] [LOG] [Fast Refresh] done in 62ms @ http://localhost:3000/_next/static/chunks/0stj_next_dist_19zsb-q._.js:776
[ 1577324ms] [LOG] [Fast Refresh] done in 62ms @ http://localhost:3000/_next/static/chunks/0stj_next_dist_19zsb-q._.js:776
[ 1577386ms] [LOG] [Fast Refresh] done in 62ms @ http://localhost:3000/_next/static/chunks/0stj_next_dist_19zsb-q._.js:776
[ 1577449ms] [LOG] [Fast Refresh] done in 62ms @ http://localhost:3000/_next/static/chunks/0stj_next_dist_19zsb-q._.js:776
[ 1577512ms] [LOG] [Fast Refresh] done in 62ms @ http://localhost:3000/_next/static/chunks/0stj_next_dist_19zsb-q._.js:776
[ 1577575ms] [LOG] [Fast Refresh] done in 62ms @ http://localhost:3000/_next/static/chunks/0stj_next_dist_19zsb-q._.js:776
[ 1577636ms] [LOG] [Fast Refresh] done in 62ms @ http://localhost:3000/_next/static/chunks/0stj_next_dist_19zsb-q._.js:776
[ 1577697ms] [LOG] [Fast Refresh] done in 62ms @ http://localhost:3000/_next/static/chunks/0stj_next_dist_19zsb-q._.js:776
[ 1577760ms] [LOG] [Fast Refresh] done in 62ms @ http://localhost:3000/_next/static/chunks/0stj_next_dist_19zsb-q._.js:776
[ 1577823ms] [LOG] [Fast Refresh] done in 62ms @ http://localhost:3000/_next/static/chunks/0stj_next_dist_19zsb-q._.js:776
[ 1577885ms] [LOG] [Fast Refresh] done in 62ms @ http://localhost:3000/_next/static/chunks/0stj_next_dist_19zsb-q._.js:776
[ 1577947ms] [LOG] [Fast Refresh] done in 62ms @ http://localhost:3000/_next/static/chunks/0stj_next_dist_19zsb-q._.js:776
[ 1578010ms] [LOG] [Fast Refresh] done in 62ms @ http://localhost:3000/_next/static/chunks/0stj_next_dist_19zsb-q._.js:776
[ 1578072ms] [LOG] [Fast Refresh] done in 62ms @ http://localhost:3000/_next/static/chunks/0stj_next_dist_19zsb-q._.js:776
[ 1578134ms] [LOG] [Fast Refresh] done in 62ms @ http://localhost:3000/_next/static/chunks/0stj_next_dist_19zsb-q._.js:776
[ 1578195ms] [LOG] [Fast Refresh] done in 62ms @ http://localhost:3000/_next/static/chunks/0stj_next_dist_19zsb-q._.js:776
[ 1578257ms] [LOG] [Fast Refresh] done in 62ms @ http://localhost:3000/_next/static/chunks/0stj_next_dist_19zsb-q._.js:776
[ 1578321ms] [LOG] [Fast Refresh] done in 62ms @ http://localhost:3000/_next/static/chunks/0stj_next_dist_19zsb-q._.js:776
[ 1578383ms] [LOG] [Fast Refresh] done in 62ms @ http://localhost:3000/_next/static/chunks/0stj_next_dist_19zsb-q._.js:776
[ 1578445ms] [LOG] [Fast Refresh] done in 62ms @ http://localhost:3000/_next/static/chunks/0stj_next_dist_19zsb-q._.js:776
[ 1578508ms] [LOG] [Fast Refresh] done in 62ms @ http://localhost:3000/_next/static/chunks/0stj_next_dist_19zsb-q._.js:776
[ 1578569ms] [LOG] [Fast Refresh] done in 62ms @ http://localhost:3000/_next/static/chunks/0stj_next_dist_19zsb-q._.js:776
[ 1578632ms] [LOG] [Fast Refresh] done in 62ms @ http://localhost:3000/_next/static/chunks/0stj_next_dist_19zsb-q._.js:776
[ 1578694ms] [LOG] [Fast Refresh] done in 62ms @ http://localhost:3000/_next/static/chunks/0stj_next_dist_19zsb-q._.js:776
[ 1578757ms] [LOG] [Fast Refresh] done in 62ms @ http://localhost:3000/_next/static/chunks/0stj_next_dist_19zsb-q._.js:776
[ 1578820ms] [LOG] [Fast Refresh] done in 62ms @ http://localhost:3000/_next/static/chunks/0stj_next_dist_19zsb-q._.js:776
[ 1578883ms] [LOG] [Fast Refresh] done in 62ms @ http://localhost:3000/_next/static/chunks/0stj_next_dist_19zsb-q._.js:776
[ 1578949ms] [LOG] [Fast Refresh] done in 62ms @ http://localhost:3000/_next/static/chunks/0stj_next_dist_19zsb-q._.js:776
[ 1579008ms] [LOG] [Fast Refresh] done in 62ms @ http://localhost:3000/_next/static/chunks/0stj_next_dist_19zsb-q._.js:776
[ 1579070ms] [LOG] [Fast Refresh] done in 62ms @ http://localhost:3000/_next/static/chunks/0stj_next_dist_19zsb-q._.js:776
[ 1579134ms] [LOG] [Fast Refresh] done in 62ms @ http://localhost:3000/_next/static/chunks/0stj_next_dist_19zsb-q._.js:776
[ 1579198ms] [LOG] [Fast Refresh] done in 62ms @ http://localhost:3000/_next/static/chunks/0stj_next_dist_19zsb-q._.js:776
[ 1579261ms] [LOG] [Fast Refresh] done in 62ms @ http://localhost:3000/_next/static/chunks/0stj_next_dist_19zsb-q._.js:776
[ 1579322ms] [LOG] [Fast Refresh] done in 62ms @ http://localhost:3000/_next/static/chunks/0stj_next_dist_19zsb-q._.js:776
[ 1579386ms] [LOG] [Fast Refresh] done in 62ms @ http://localhost:3000/_next/static/chunks/0stj_next_dist_19zsb-q._.js:776
[ 1579449ms] [LOG] [Fast Refresh] done in 62ms @ http://localhost:3000/_next/static/chunks/0stj_next_dist_19zsb-q._.js:776
[ 1579511ms] [LOG] [Fast Refresh] done in 62ms @ http://localhost:3000/_next/static/chunks/0stj_next_dist_19zsb-q._.js:776
[ 1579574ms] [LOG] [Fast Refresh] done in 62ms @ http://localhost:3000/_next/static/chunks/0stj_next_dist_19zsb-q._.js:776
[ 1579637ms] [LOG] [Fast Refresh] done in 62ms @ http://localhost:3000/_next/static/chunks/0stj_next_dist_19zsb-q._.js:776
[ 1579700ms] [LOG] [Fast Refresh] done in 62ms @ http://localhost:3000/_next/static/chunks/0stj_next_dist_19zsb-q._.js:776
[ 1579760ms] [LOG] [Fast Refresh] done in 62ms @ http://localhost:3000/_next/static/chunks/0stj_next_dist_19zsb-q._.js:776
[ 1579823ms] [LOG] [Fast Refresh] done in 62ms @ http://localhost:3000/_next/static/chunks/0stj_next_dist_19zsb-q._.js:776
[ 1579886ms] [LOG] [Fast Refresh] done in 62ms @ http://localhost:3000/_next/static/chunks/0stj_next_dist_19zsb-q._.js:776
[ 1579949ms] [LOG] [Fast Refresh] done in 62ms @ http://localhost:3000/_next/static/chunks/0stj_next_dist_19zsb-q._.js:776
[ 1580011ms] [LOG] [Fast Refresh] done in 62ms @ http://localhost:3000/_next/static/chunks/0stj_next_dist_19zsb-q._.js:776
[ 1580074ms] [LOG] [Fast Refresh] done in 62ms @ http://localhost:3000/_next/static/chunks/0stj_next_dist_19zsb-q._.js:776
[ 1580137ms] [LOG] [Fast Refresh] done in 62ms @ http://localhost:3000/_next/static/chunks/0stj_next_dist_19zsb-q._.js:776
[ 1580201ms] [LOG] [Fast Refresh] done in 62ms @ http://localhost:3000/_next/static/chunks/0stj_next_dist_19zsb-q._.js:776
[ 1580262ms] [LOG] [Fast Refresh] done in 62ms @ http://localhost:3000/_next/static/chunks/0stj_next_dist_19zsb-q._.js:776
[ 1580323ms] [LOG] [Fast Refresh] done in 62ms @ http://localhost:3000/_next/static/chunks/0stj_next_dist_19zsb-q._.js:776
[ 1580385ms] [LOG] [Fast Refresh] done in 62ms @ http://localhost:3000/_next/static/chunks/0stj_next_dist_19zsb-q._.js:776
[ 1580449ms] [LOG] [Fast Refresh] done in 62ms @ http://localhost:3000/_next/static/chunks/0stj_next_dist_19zsb-q._.js:776
[ 1580524ms] [LOG] [Fast Refresh] done in 62ms @ http://localhost:3000/_next/static/chunks/0stj_next_dist_19zsb-q._.js:776
[ 1580587ms] [LOG] [Fast Refresh] done in 62ms @ http://localhost:3000/_next/static/chunks/0stj_next_dist_19zsb-q._.js:776
[ 1580650ms] [LOG] [Fast Refresh] done in 62ms @ http://localhost:3000/_next/static/chunks/0stj_next_dist_19zsb-q._.js:776
[ 1580713ms] [LOG] [Fast Refresh] done in 62ms @ http://localhost:3000/_next/static/chunks/0stj_next_dist_19zsb-q._.js:776
[ 1580775ms] [LOG] [Fast Refresh] done in 62ms @ http://localhost:3000/_next/static/chunks/0stj_next_dist_19zsb-q._.js:776
[ 1580836ms] [LOG] [Fast Refresh] done in 62ms @ http://localhost:3000/_next/static/chunks/0stj_next_dist_19zsb-q._.js:776
[ 1580898ms] [LOG] [Fast Refresh] done in 62ms @ http://localhost:3000/_next/static/chunks/0stj_next_dist_19zsb-q._.js:776
[ 1580963ms] [LOG] [Fast Refresh] done in 62ms @ http://localhost:3000/_next/static/chunks/0stj_next_dist_19zsb-q._.js:776
[ 1581024ms] [LOG] [Fast Refresh] done in 62ms @ http://localhost:3000/_next/static/chunks/0stj_next_dist_19zsb-q._.js:776
[ 1581086ms] [LOG] [Fast Refresh] done in 62ms @ http://localhost:3000/_next/static/chunks/0stj_next_dist_19zsb-q._.js:776
[ 1581147ms] [LOG] [Fast Refresh] done in 62ms @ http://localhost:3000/_next/static/chunks/0stj_next_dist_19zsb-q._.js:776
[ 1581210ms] [LOG] [Fast Refresh] done in 62ms @ http://localhost:3000/_next/static/chunks/0stj_next_dist_19zsb-q._.js:776
[ 1581273ms] [LOG] [Fast Refresh] done in 62ms @ http://localhost:3000/_next/static/chunks/0stj_next_dist_19zsb-q._.js:776
[ 1581337ms] [LOG] [Fast Refresh] done in 62ms @ http://localhost:3000/_next/static/chunks/0stj_next_dist_19zsb-q._.js:776
[ 1581397ms] [LOG] [Fast Refresh] done in 62ms @ http://localhost:3000/_next/static/chunks/0stj_next_dist_19zsb-q._.js:776
[ 1581460ms] [LOG] [Fast Refresh] done in 62ms @ http://localhost:3000/_next/static/chunks/0stj_next_dist_19zsb-q._.js:776
[ 1581523ms] [LOG] [Fast Refresh] done in 62ms @ http://localhost:3000/_next/static/chunks/0stj_next_dist_19zsb-q._.js:776
[ 1581585ms] [LOG] [Fast Refresh] done in 62ms @ http://localhost:3000/_next/static/chunks/0stj_next_dist_19zsb-q._.js:776
[ 1581646ms] [LOG] [Fast Refresh] done in 62ms @ http://localhost:3000/_next/static/chunks/0stj_next_dist_19zsb-q._.js:776
[ 1581709ms] [LOG] [Fast Refresh] done in 62ms @ http://localhost:3000/_next/static/chunks/0stj_next_dist_19zsb-q._.js:776
[ 1581772ms] [LOG] [Fast Refresh] done in 62ms @ http://localhost:3000/_next/static/chunks/0stj_next_dist_19zsb-q._.js:776
[ 1581834ms] [LOG] [Fast Refresh] done in 62ms @ http://localhost:3000/_next/static/chunks/0stj_next_dist_19zsb-q._.js:776
[ 1581895ms] [LOG] [Fast Refresh] done in 62ms @ http://localhost:3000/_next/static/chunks/0stj_next_dist_19zsb-q._.js:776
[ 1581961ms] [LOG] [Fast Refresh] done in 62ms @ http://localhost:3000/_next/static/chunks/0stj_next_dist_19zsb-q._.js:776
[ 1582021ms] [LOG] [Fast Refresh] done in 62ms @ http://localhost:3000/_next/static/chunks/0stj_next_dist_19zsb-q._.js:776
[ 1582083ms] [LOG] [Fast Refresh] done in 62ms @ http://localhost:3000/_next/static/chunks/0stj_next_dist_19zsb-q._.js:776
[ 1582146ms] [LOG] [Fast Refresh] done in 62ms @ http://localhost:3000/_next/static/chunks/0stj_next_dist_19zsb-q._.js:776
[ 1582209ms] [LOG] [Fast Refresh] done in 62ms @ http://localhost:3000/_next/static/chunks/0stj_next_dist_19zsb-q._.js:776
[ 1582271ms] [LOG] [Fast Refresh] done in 62ms @ http://localhost:3000/_next/static/chunks/0stj_next_dist_19zsb-q._.js:776
[ 1582333ms] [LOG] [Fast Refresh] done in 62ms @ http://localhost:3000/_next/static/chunks/0stj_next_dist_19zsb-q._.js:776
[ 1582397ms] [LOG] [Fast Refresh] done in 62ms @ http://localhost:3000/_next/static/chunks/0stj_next_dist_19zsb-q._.js:776
[ 1582461ms] [LOG] [Fast Refresh] done in 62ms @ http://localhost:3000/_next/static/chunks/0stj_next_dist_19zsb-q._.js:776
[ 1582521ms] [LOG] [Fast Refresh] done in 62ms @ http://localhost:3000/_next/static/chunks/0stj_next_dist_19zsb-q._.js:776
[ 1582583ms] [LOG] [Fast Refresh] done in 62ms @ http://localhost:3000/_next/static/chunks/0stj_next_dist_19zsb-q._.js:776
[ 1582646ms] [LOG] [Fast Refresh] done in 62ms @ http://localhost:3000/_next/static/chunks/0stj_next_dist_19zsb-q._.js:776
[ 1582710ms] [LOG] [Fast Refresh] done in 62ms @ http://localhost:3000/_next/static/chunks/0stj_next_dist_19zsb-q._.js:776
[ 1582770ms] [LOG] [Fast Refresh] done in 62ms @ http://localhost:3000/_next/static/chunks/0stj_next_dist_19zsb-q._.js:776
[ 1582832ms] [LOG] [Fast Refresh] done in 62ms @ http://localhost:3000/_next/static/chunks/0stj_next_dist_19zsb-q._.js:776
[ 1582894ms] [LOG] [Fast Refresh] done in 62ms @ http://localhost:3000/_next/static/chunks/0stj_next_dist_19zsb-q._.js:776
[ 1582958ms] [LOG] [Fast Refresh] done in 62ms @ http://localhost:3000/_next/static/chunks/0stj_next_dist_19zsb-q._.js:776
[ 1583020ms] [LOG] [Fast Refresh] done in 62ms @ http://localhost:3000/_next/static/chunks/0stj_next_dist_19zsb-q._.js:776
[ 1583083ms] [LOG] [Fast Refresh] done in 62ms @ http://localhost:3000/_next/static/chunks/0stj_next_dist_19zsb-q._.js:776
[ 1583146ms] [LOG] [Fast Refresh] done in 62ms @ http://localhost:3000/_next/static/chunks/0stj_next_dist_19zsb-q._.js:776
[ 1583211ms] [LOG] [Fast Refresh] done in 62ms @ http://localhost:3000/_next/static/chunks/0stj_next_dist_19zsb-q._.js:776
[ 1583273ms] [LOG] [Fast Refresh] done in 62ms @ http://localhost:3000/_next/static/chunks/0stj_next_dist_19zsb-q._.js:776
[ 1583335ms] [LOG] [Fast Refresh] done in 62ms @ http://localhost:3000/_next/static/chunks/0stj_next_dist_19zsb-q._.js:776
[ 1583399ms] [LOG] [Fast Refresh] done in 62ms @ http://localhost:3000/_next/static/chunks/0stj_next_dist_19zsb-q._.js:776
[ 1583463ms] [LOG] [Fast Refresh] done in 62ms @ http://localhost:3000/_next/static/chunks/0stj_next_dist_19zsb-q._.js:776
[ 1583524ms] [LOG] [Fast Refresh] done in 62ms @ http://localhost:3000/_next/static/chunks/0stj_next_dist_19zsb-q._.js:776
[ 1583586ms] [LOG] [Fast Refresh] done in 62ms @ http://localhost:3000/_next/static/chunks/0stj_next_dist_19zsb-q._.js:776
[ 1583649ms] [LOG] [Fast Refresh] done in 62ms @ http://localhost:3000/_next/static/chunks/0stj_next_dist_19zsb-q._.js:776
[ 1583711ms] [LOG] [Fast Refresh] done in 62ms @ http://localhost:3000/_next/static/chunks/0stj_next_dist_19zsb-q._.js:776
[ 1583787ms] [LOG] [Fast Refresh] done in 62ms @ http://localhost:3000/_next/static/chunks/0stj_next_dist_19zsb-q._.js:776
[ 1583849ms] [LOG] [Fast Refresh] done in 62ms @ http://localhost:3000/_next/static/chunks/0stj_next_dist_19zsb-q._.js:776
[ 1583911ms] [LOG] [Fast Refresh] done in 62ms @ http://localhost:3000/_next/static/chunks/0stj_next_dist_19zsb-q._.js:776
[ 1583975ms] [LOG] [Fast Refresh] done in 62ms @ http://localhost:3000/_next/static/chunks/0stj_next_dist_19zsb-q._.js:776
[ 1584038ms] [LOG] [Fast Refresh] done in 62ms @ http://localhost:3000/_next/static/chunks/0stj_next_dist_19zsb-q._.js:776
[ 1584101ms] [LOG] [Fast Refresh] done in 62ms @ http://localhost:3000/_next/static/chunks/0stj_next_dist_19zsb-q._.js:776
[ 1584162ms] [LOG] [Fast Refresh] done in 62ms @ http://localhost:3000/_next/static/chunks/0stj_next_dist_19zsb-q._.js:776
[ 1584225ms] [LOG] [Fast Refresh] done in 62ms @ http://localhost:3000/_next/static/chunks/0stj_next_dist_19zsb-q._.js:776
[ 1584302ms] [LOG] [Fast Refresh] done in 62ms @ http://localhost:3000/_next/static/chunks/0stj_next_dist_19zsb-q._.js:776
[ 1584365ms] [LOG] [Fast Refresh] done in 62ms @ http://localhost:3000/_next/static/chunks/0stj_next_dist_19zsb-q._.js:776
[ 1584428ms] [LOG] [Fast Refresh] done in 62ms @ http://localhost:3000/_next/static/chunks/0stj_next_dist_19zsb-q._.js:776
[ 1584494ms] [LOG] [Fast Refresh] done in 62ms @ http://localhost:3000/_next/static/chunks/0stj_next_dist_19zsb-q._.js:776
[ 1584554ms] [LOG] [Fast Refresh] done in 62ms @ http://localhost:3000/_next/static/chunks/0stj_next_dist_19zsb-q._.js:776
[ 1584618ms] [LOG] [Fast Refresh] done in 62ms @ http://localhost:3000/_next/static/chunks/0stj_next_dist_19zsb-q._.js:776
[ 1584681ms] [LOG] [Fast Refresh] done in 62ms @ http://localhost:3000/_next/static/chunks/0stj_next_dist_19zsb-q._.js:776
[ 1584744ms] [LOG] [Fast Refresh] done in 62ms @ http://localhost:3000/_next/static/chunks/0stj_next_dist_19zsb-q._.js:776
[ 1584806ms] [LOG] [Fast Refresh] done in 62ms @ http://localhost:3000/_next/static/chunks/0stj_next_dist_19zsb-q._.js:776
[ 1584868ms] [LOG] [Fast Refresh] done in 62ms @ http://localhost:3000/_next/static/chunks/0stj_next_dist_19zsb-q._.js:776
[ 1584931ms] [LOG] [Fast Refresh] done in 62ms @ http://localhost:3000/_next/static/chunks/0stj_next_dist_19zsb-q._.js:776
[ 1584994ms] [LOG] [Fast Refresh] done in 62ms @ http://localhost:3000/_next/static/chunks/0stj_next_dist_19zsb-q._.js:776
[ 1585057ms] [LOG] [Fast Refresh] done in 62ms @ http://localhost:3000/_next/static/chunks/0stj_next_dist_19zsb-q._.js:776
[ 1585121ms] [LOG] [Fast Refresh] done in 62ms @ http://localhost:3000/_next/static/chunks/0stj_next_dist_19zsb-q._.js:776
[ 1585183ms] [LOG] [Fast Refresh] done in 62ms @ http://localhost:3000/_next/static/chunks/0stj_next_dist_19zsb-q._.js:776
[ 1585246ms] [LOG] [Fast Refresh] done in 62ms @ http://localhost:3000/_next/static/chunks/0stj_next_dist_19zsb-q._.js:776
[ 1585309ms] [LOG] [Fast Refresh] done in 62ms @ http://localhost:3000/_next/static/chunks/0stj_next_dist_19zsb-q._.js:776
[ 1585370ms] [LOG] [Fast Refresh] done in 62ms @ http://localhost:3000/_next/static/chunks/0stj_next_dist_19zsb-q._.js:776
[ 1585433ms] [LOG] [Fast Refresh] done in 62ms @ http://localhost:3000/_next/static/chunks/0stj_next_dist_19zsb-q._.js:776
[ 1585495ms] [LOG] [Fast Refresh] done in 62ms @ http://localhost:3000/_next/static/chunks/0stj_next_dist_19zsb-q._.js:776
[ 1585556ms] [LOG] [Fast Refresh] done in 62ms @ http://localhost:3000/_next/static/chunks/0stj_next_dist_19zsb-q._.js:776
[ 1585620ms] [LOG] [Fast Refresh] done in 62ms @ http://localhost:3000/_next/static/chunks/0stj_next_dist_19zsb-q._.js:776
[ 1585682ms] [LOG] [Fast Refresh] done in 62ms @ http://localhost:3000/_next/static/chunks/0stj_next_dist_19zsb-q._.js:776
[ 1585744ms] [LOG] [Fast Refresh] done in 62ms @ http://localhost:3000/_next/static/chunks/0stj_next_dist_19zsb-q._.js:776
[ 1585806ms] [LOG] [Fast Refresh] done in 62ms @ http://localhost:3000/_next/static/chunks/0stj_next_dist_19zsb-q._.js:776
[ 1585868ms] [LOG] [Fast Refresh] done in 62ms @ http://localhost:3000/_next/static/chunks/0stj_next_dist_19zsb-q._.js:776
[ 1585931ms] [LOG] [Fast Refresh] done in 62ms @ http://localhost:3000/_next/static/chunks/0stj_next_dist_19zsb-q._.js:776
[ 1585996ms] [LOG] [Fast Refresh] done in 62ms @ http://localhost:3000/_next/static/chunks/0stj_next_dist_19zsb-q._.js:776
[ 1586057ms] [LOG] [Fast Refresh] done in 62ms @ http://localhost:3000/_next/static/chunks/0stj_next_dist_19zsb-q._.js:776
[ 1586119ms] [LOG] [Fast Refresh] done in 62ms @ http://localhost:3000/_next/static/chunks/0stj_next_dist_19zsb-q._.js:776
[ 1586181ms] [LOG] [Fast Refresh] done in 62ms @ http://localhost:3000/_next/static/chunks/0stj_next_dist_19zsb-q._.js:776
[ 1586245ms] [LOG] [Fast Refresh] done in 62ms @ http://localhost:3000/_next/static/chunks/0stj_next_dist_19zsb-q._.js:776
[ 1586305ms] [LOG] [Fast Refresh] done in 62ms @ http://localhost:3000/_next/static/chunks/0stj_next_dist_19zsb-q._.js:776
[ 1586367ms] [LOG] [Fast Refresh] done in 62ms @ http://localhost:3000/_next/static/chunks/0stj_next_dist_19zsb-q._.js:776
[ 1586428ms] [LOG] [Fast Refresh] done in 62ms @ http://localhost:3000/_next/static/chunks/0stj_next_dist_19zsb-q._.js:776
[ 1586492ms] [LOG] [Fast Refresh] done in 62ms @ http://localhost:3000/_next/static/chunks/0stj_next_dist_19zsb-q._.js:776
[ 1586554ms] [LOG] [Fast Refresh] done in 62ms @ http://localhost:3000/_next/static/chunks/0stj_next_dist_19zsb-q._.js:776
[ 1586616ms] [LOG] [Fast Refresh] done in 62ms @ http://localhost:3000/_next/static/chunks/0stj_next_dist_19zsb-q._.js:776
[ 1586679ms] [LOG] [Fast Refresh] done in 62ms @ http://localhost:3000/_next/static/chunks/0stj_next_dist_19zsb-q._.js:776
[ 1586743ms] [LOG] [Fast Refresh] done in 62ms @ http://localhost:3000/_next/static/chunks/0stj_next_dist_19zsb-q._.js:776
[ 1586803ms] [LOG] [Fast Refresh] done in 62ms @ http://localhost:3000/_next/static/chunks/0stj_next_dist_19zsb-q._.js:776
[ 1586865ms] [LOG] [Fast Refresh] done in 62ms @ http://localhost:3000/_next/static/chunks/0stj_next_dist_19zsb-q._.js:776
[ 1586928ms] [LOG] [Fast Refresh] done in 62ms @ http://localhost:3000/_next/static/chunks/0stj_next_dist_19zsb-q._.js:776
[ 1586993ms] [LOG] [Fast Refresh] done in 62ms @ http://localhost:3000/_next/static/chunks/0stj_next_dist_19zsb-q._.js:776
[ 1587052ms] [LOG] [Fast Refresh] done in 62ms @ http://localhost:3000/_next/static/chunks/0stj_next_dist_19zsb-q._.js:776
[ 1587115ms] [LOG] [Fast Refresh] done in 62ms @ http://localhost:3000/_next/static/chunks/0stj_next_dist_19zsb-q._.js:776
[ 1587179ms] [LOG] [Fast Refresh] done in 62ms @ http://localhost:3000/_next/static/chunks/0stj_next_dist_19zsb-q._.js:776
[ 1587245ms] [LOG] [Fast Refresh] done in 62ms @ http://localhost:3000/_next/static/chunks/0stj_next_dist_19zsb-q._.js:776
[ 1587305ms] [LOG] [Fast Refresh] done in 62ms @ http://localhost:3000/_next/static/chunks/0stj_next_dist_19zsb-q._.js:776
[ 1587366ms] [LOG] [Fast Refresh] done in 62ms @ http://localhost:3000/_next/static/chunks/0stj_next_dist_19zsb-q._.js:776
[ 1587427ms] [LOG] [Fast Refresh] done in 62ms @ http://localhost:3000/_next/static/chunks/0stj_next_dist_19zsb-q._.js:776
[ 1587490ms] [LOG] [Fast Refresh] done in 62ms @ http://localhost:3000/_next/static/chunks/0stj_next_dist_19zsb-q._.js:776
[ 1587551ms] [LOG] [Fast Refresh] done in 62ms @ http://localhost:3000/_next/static/chunks/0stj_next_dist_19zsb-q._.js:776
[ 1587613ms] [LOG] [Fast Refresh] done in 62ms @ http://localhost:3000/_next/static/chunks/0stj_next_dist_19zsb-q._.js:776
[ 1587676ms] [LOG] [Fast Refresh] done in 62ms @ http://localhost:3000/_next/static/chunks/0stj_next_dist_19zsb-q._.js:776
[ 1587739ms] [LOG] [Fast Refresh] done in 62ms @ http://localhost:3000/_next/static/chunks/0stj_next_dist_19zsb-q._.js:776
[ 1587800ms] [LOG] [Fast Refresh] done in 62ms @ http://localhost:3000/_next/static/chunks/0stj_next_dist_19zsb-q._.js:776
[ 1587862ms] [LOG] [Fast Refresh] done in 62ms @ http://localhost:3000/_next/static/chunks/0stj_next_dist_19zsb-q._.js:776
[ 1587924ms] [LOG] [Fast Refresh] done in 62ms @ http://localhost:3000/_next/static/chunks/0stj_next_dist_19zsb-q._.js:776
[ 1587986ms] [LOG] [Fast Refresh] done in 62ms @ http://localhost:3000/_next/static/chunks/0stj_next_dist_19zsb-q._.js:776
[ 1588048ms] [LOG] [Fast Refresh] done in 62ms @ http://localhost:3000/_next/static/chunks/0stj_next_dist_19zsb-q._.js:776
[ 1588111ms] [LOG] [Fast Refresh] done in 62ms @ http://localhost:3000/_next/static/chunks/0stj_next_dist_19zsb-q._.js:776
[ 1588174ms] [LOG] [Fast Refresh] done in 62ms @ http://localhost:3000/_next/static/chunks/0stj_next_dist_19zsb-q._.js:776
[ 1588235ms] [LOG] [Fast Refresh] done in 62ms @ http://localhost:3000/_next/static/chunks/0stj_next_dist_19zsb-q._.js:776
[ 1588295ms] [LOG] [Fast Refresh] done in 62ms @ http://localhost:3000/_next/static/chunks/0stj_next_dist_19zsb-q._.js:776
[ 1588358ms] [LOG] [Fast Refresh] done in 62ms @ http://localhost:3000/_next/static/chunks/0stj_next_dist_19zsb-q._.js:776
[ 1588421ms] [LOG] [Fast Refresh] done in 62ms @ http://localhost:3000/_next/static/chunks/0stj_next_dist_19zsb-q._.js:776
[ 1588484ms] [LOG] [Fast Refresh] done in 62ms @ http://localhost:3000/_next/static/chunks/0stj_next_dist_19zsb-q._.js:776
[ 1588547ms] [LOG] [Fast Refresh] done in 62ms @ http://localhost:3000/_next/static/chunks/0stj_next_dist_19zsb-q._.js:776
[ 1588610ms] [LOG] [Fast Refresh] done in 62ms @ http://localhost:3000/_next/static/chunks/0stj_next_dist_19zsb-q._.js:776
[ 1588673ms] [LOG] [Fast Refresh] done in 62ms @ http://localhost:3000/_next/static/chunks/0stj_next_dist_19zsb-q._.js:776
[ 1588737ms] [LOG] [Fast Refresh] done in 62ms @ http://localhost:3000/_next/static/chunks/0stj_next_dist_19zsb-q._.js:776
[ 1588799ms] [LOG] [Fast Refresh] done in 62ms @ http://localhost:3000/_next/static/chunks/0stj_next_dist_19zsb-q._.js:776
[ 1588861ms] [LOG] [Fast Refresh] done in 62ms @ http://localhost:3000/_next/static/chunks/0stj_next_dist_19zsb-q._.js:776
[ 1588923ms] [LOG] [Fast Refresh] done in 62ms @ http://localhost:3000/_next/static/chunks/0stj_next_dist_19zsb-q._.js:776
[ 1588986ms] [LOG] [Fast Refresh] done in 62ms @ http://localhost:3000/_next/static/chunks/0stj_next_dist_19zsb-q._.js:776
[ 1589048ms] [LOG] [Fast Refresh] done in 62ms @ http://localhost:3000/_next/static/chunks/0stj_next_dist_19zsb-q._.js:776
[ 1589111ms] [LOG] [Fast Refresh] done in 62ms @ http://localhost:3000/_next/static/chunks/0stj_next_dist_19zsb-q._.js:776
[ 1589174ms] [LOG] [Fast Refresh] done in 62ms @ http://localhost:3000/_next/static/chunks/0stj_next_dist_19zsb-q._.js:776
[ 1589236ms] [LOG] [Fast Refresh] done in 62ms @ http://localhost:3000/_next/static/chunks/0stj_next_dist_19zsb-q._.js:776
[ 1589300ms] [LOG] [Fast Refresh] done in 62ms @ http://localhost:3000/_next/static/chunks/0stj_next_dist_19zsb-q._.js:776
[ 1589362ms] [LOG] [Fast Refresh] done in 62ms @ http://localhost:3000/_next/static/chunks/0stj_next_dist_19zsb-q._.js:776
[ 1589425ms] [LOG] [Fast Refresh] done in 62ms @ http://localhost:3000/_next/static/chunks/0stj_next_dist_19zsb-q._.js:776
[ 1589488ms] [LOG] [Fast Refresh] done in 62ms @ http://localhost:3000/_next/static/chunks/0stj_next_dist_19zsb-q._.js:776
[ 1589549ms] [LOG] [Fast Refresh] done in 62ms @ http://localhost:3000/_next/static/chunks/0stj_next_dist_19zsb-q._.js:776
[ 1589611ms] [LOG] [Fast Refresh] done in 62ms @ http://localhost:3000/_next/static/chunks/0stj_next_dist_19zsb-q._.js:776
[ 1589673ms] [LOG] [Fast Refresh] done in 62ms @ http://localhost:3000/_next/static/chunks/0stj_next_dist_19zsb-q._.js:776
[ 1589735ms] [LOG] [Fast Refresh] done in 62ms @ http://localhost:3000/_next/static/chunks/0stj_next_dist_19zsb-q._.js:776
[ 1589798ms] [LOG] [Fast Refresh] done in 62ms @ http://localhost:3000/_next/static/chunks/0stj_next_dist_19zsb-q._.js:776
[ 1589861ms] [LOG] [Fast Refresh] done in 62ms @ http://localhost:3000/_next/static/chunks/0stj_next_dist_19zsb-q._.js:776
[ 1589922ms] [LOG] [Fast Refresh] done in 62ms @ http://localhost:3000/_next/static/chunks/0stj_next_dist_19zsb-q._.js:776
[ 1589985ms] [LOG] [Fast Refresh] done in 62ms @ http://localhost:3000/_next/static/chunks/0stj_next_dist_19zsb-q._.js:776
[ 1590048ms] [LOG] [Fast Refresh] done in 62ms @ http://localhost:3000/_next/static/chunks/0stj_next_dist_19zsb-q._.js:776
[ 1590112ms] [LOG] [Fast Refresh] done in 62ms @ http://localhost:3000/_next/static/chunks/0stj_next_dist_19zsb-q._.js:776
[ 1590174ms] [LOG] [Fast Refresh] done in 62ms @ http://localhost:3000/_next/static/chunks/0stj_next_dist_19zsb-q._.js:776
[ 1590236ms] [LOG] [Fast Refresh] done in 62ms @ http://localhost:3000/_next/static/chunks/0stj_next_dist_19zsb-q._.js:776
[ 1590299ms] [LOG] [Fast Refresh] done in 62ms @ http://localhost:3000/_next/static/chunks/0stj_next_dist_19zsb-q._.js:776
[ 1590361ms] [LOG] [Fast Refresh] done in 62ms @ http://localhost:3000/_next/static/chunks/0stj_next_dist_19zsb-q._.js:776
[ 1590424ms] [LOG] [Fast Refresh] done in 62ms @ http://localhost:3000/_next/static/chunks/0stj_next_dist_19zsb-q._.js:776
[ 1590487ms] [LOG] [Fast Refresh] done in 62ms @ http://localhost:3000/_next/static/chunks/0stj_next_dist_19zsb-q._.js:776
[ 1590548ms] [LOG] [Fast Refresh] done in 62ms @ http://localhost:3000/_next/static/chunks/0stj_next_dist_19zsb-q._.js:776
[ 1590609ms] [LOG] [Fast Refresh] done in 62ms @ http://localhost:3000/_next/static/chunks/0stj_next_dist_19zsb-q._.js:776
[ 1590672ms] [LOG] [Fast Refresh] done in 62ms @ http://localhost:3000/_next/static/chunks/0stj_next_dist_19zsb-q._.js:776
[ 1590733ms] [LOG] [Fast Refresh] done in 62ms @ http://localhost:3000/_next/static/chunks/0stj_next_dist_19zsb-q._.js:776
[ 1590794ms] [LOG] [Fast Refresh] done in 62ms @ http://localhost:3000/_next/static/chunks/0stj_next_dist_19zsb-q._.js:776
[ 1590856ms] [LOG] [Fast Refresh] done in 62ms @ http://localhost:3000/_next/static/chunks/0stj_next_dist_19zsb-q._.js:776
[ 1590918ms] [LOG] [Fast Refresh] done in 62ms @ http://localhost:3000/_next/static/chunks/0stj_next_dist_19zsb-q._.js:776
[ 1590981ms] [LOG] [Fast Refresh] done in 62ms @ http://localhost:3000/_next/static/chunks/0stj_next_dist_19zsb-q._.js:776
[ 1591043ms] [LOG] [Fast Refresh] done in 62ms @ http://localhost:3000/_next/static/chunks/0stj_next_dist_19zsb-q._.js:776
[ 1591105ms] [LOG] [Fast Refresh] done in 62ms @ http://localhost:3000/_next/static/chunks/0stj_next_dist_19zsb-q._.js:776
[ 1591167ms] [LOG] [Fast Refresh] done in 62ms @ http://localhost:3000/_next/static/chunks/0stj_next_dist_19zsb-q._.js:776
[ 1591228ms] [LOG] [Fast Refresh] done in 62ms @ http://localhost:3000/_next/static/chunks/0stj_next_dist_19zsb-q._.js:776
[ 1591291ms] [LOG] [Fast Refresh] done in 62ms @ http://localhost:3000/_next/static/chunks/0stj_next_dist_19zsb-q._.js:776
[ 1591354ms] [LOG] [Fast Refresh] done in 62ms @ http://localhost:3000/_next/static/chunks/0stj_next_dist_19zsb-q._.js:776
[ 1591417ms] [LOG] [Fast Refresh] done in 62ms @ http://localhost:3000/_next/static/chunks/0stj_next_dist_19zsb-q._.js:776
[ 1591480ms] [LOG] [Fast Refresh] done in 62ms @ http://localhost:3000/_next/static/chunks/0stj_next_dist_19zsb-q._.js:776
[ 1591543ms] [LOG] [Fast Refresh] done in 62ms @ http://localhost:3000/_next/static/chunks/0stj_next_dist_19zsb-q._.js:776
[ 1591604ms] [LOG] [Fast Refresh] done in 62ms @ http://localhost:3000/_next/static/chunks/0stj_next_dist_19zsb-q._.js:776
[ 1591666ms] [LOG] [Fast Refresh] done in 62ms @ http://localhost:3000/_next/static/chunks/0stj_next_dist_19zsb-q._.js:776
[ 1591729ms] [LOG] [Fast Refresh] done in 62ms @ http://localhost:3000/_next/static/chunks/0stj_next_dist_19zsb-q._.js:776
[ 1591791ms] [LOG] [Fast Refresh] done in 62ms @ http://localhost:3000/_next/static/chunks/0stj_next_dist_19zsb-q._.js:776
[ 1591854ms] [LOG] [Fast Refresh] done in 62ms @ http://localhost:3000/_next/static/chunks/0stj_next_dist_19zsb-q._.js:776
[ 1591916ms] [LOG] [Fast Refresh] done in 62ms @ http://localhost:3000/_next/static/chunks/0stj_next_dist_19zsb-q._.js:776
[ 1591978ms] [LOG] [Fast Refresh] done in 62ms @ http://localhost:3000/_next/static/chunks/0stj_next_dist_19zsb-q._.js:776
[ 1592042ms] [LOG] [Fast Refresh] done in 62ms @ http://localhost:3000/_next/static/chunks/0stj_next_dist_19zsb-q._.js:776
[ 1592104ms] [LOG] [Fast Refresh] done in 62ms @ http://localhost:3000/_next/static/chunks/0stj_next_dist_19zsb-q._.js:776
[ 1592165ms] [LOG] [Fast Refresh] done in 62ms @ http://localhost:3000/_next/static/chunks/0stj_next_dist_19zsb-q._.js:776
[ 1592228ms] [LOG] [Fast Refresh] done in 62ms @ http://localhost:3000/_next/static/chunks/0stj_next_dist_19zsb-q._.js:776
[ 1592289ms] [LOG] [Fast Refresh] done in 62ms @ http://localhost:3000/_next/static/chunks/0stj_next_dist_19zsb-q._.js:776
[ 1592352ms] [LOG] [Fast Refresh] done in 62ms @ http://localhost:3000/_next/static/chunks/0stj_next_dist_19zsb-q._.js:776
[ 1592414ms] [LOG] [Fast Refresh] done in 62ms @ http://localhost:3000/_next/static/chunks/0stj_next_dist_19zsb-q._.js:776
[ 1592477ms] [LOG] [Fast Refresh] done in 62ms @ http://localhost:3000/_next/static/chunks/0stj_next_dist_19zsb-q._.js:776
[ 1592539ms] [LOG] [Fast Refresh] done in 62ms @ http://localhost:3000/_next/static/chunks/0stj_next_dist_19zsb-q._.js:776
[ 1592602ms] [LOG] [Fast Refresh] done in 62ms @ http://localhost:3000/_next/static/chunks/0stj_next_dist_19zsb-q._.js:776
[ 1592663ms] [LOG] [Fast Refresh] done in 62ms @ http://localhost:3000/_next/static/chunks/0stj_next_dist_19zsb-q._.js:776
[ 1592726ms] [LOG] [Fast Refresh] done in 62ms @ http://localhost:3000/_next/static/chunks/0stj_next_dist_19zsb-q._.js:776
[ 1592789ms] [LOG] [Fast Refresh] done in 62ms @ http://localhost:3000/_next/static/chunks/0stj_next_dist_19zsb-q._.js:776
[ 1592852ms] [LOG] [Fast Refresh] done in 62ms @ http://localhost:3000/_next/static/chunks/0stj_next_dist_19zsb-q._.js:776
[ 1592915ms] [LOG] [Fast Refresh] done in 62ms @ http://localhost:3000/_next/static/chunks/0stj_next_dist_19zsb-q._.js:776
[ 1592978ms] [LOG] [Fast Refresh] done in 62ms @ http://localhost:3000/_next/static/chunks/0stj_next_dist_19zsb-q._.js:776
[ 1593041ms] [LOG] [Fast Refresh] done in 62ms @ http://localhost:3000/_next/static/chunks/0stj_next_dist_19zsb-q._.js:776
[ 1593104ms] [LOG] [Fast Refresh] done in 62ms @ http://localhost:3000/_next/static/chunks/0stj_next_dist_19zsb-q._.js:776
[ 1593166ms] [LOG] [Fast Refresh] done in 62ms @ http://localhost:3000/_next/static/chunks/0stj_next_dist_19zsb-q._.js:776
[ 1593228ms] [LOG] [Fast Refresh] done in 62ms @ http://localhost:3000/_next/static/chunks/0stj_next_dist_19zsb-q._.js:776
[ 1593291ms] [LOG] [Fast Refresh] done in 62ms @ http://localhost:3000/_next/static/chunks/0stj_next_dist_19zsb-q._.js:776
[ 1593354ms] [LOG] [Fast Refresh] done in 62ms @ http://localhost:3000/_next/static/chunks/0stj_next_dist_19zsb-q._.js:776
[ 1593415ms] [LOG] [Fast Refresh] done in 62ms @ http://localhost:3000/_next/static/chunks/0stj_next_dist_19zsb-q._.js:776
[ 1593478ms] [LOG] [Fast Refresh] done in 62ms @ http://localhost:3000/_next/static/chunks/0stj_next_dist_19zsb-q._.js:776
[ 1593542ms] [LOG] [Fast Refresh] done in 62ms @ http://localhost:3000/_next/static/chunks/0stj_next_dist_19zsb-q._.js:776
[ 1593606ms] [LOG] [Fast Refresh] done in 62ms @ http://localhost:3000/_next/static/chunks/0stj_next_dist_19zsb-q._.js:776
[ 1593668ms] [LOG] [Fast Refresh] done in 62ms @ http://localhost:3000/_next/static/chunks/0stj_next_dist_19zsb-q._.js:776
[ 1593729ms] [LOG] [Fast Refresh] done in 62ms @ http://localhost:3000/_next/static/chunks/0stj_next_dist_19zsb-q._.js:776
[ 1593791ms] [LOG] [Fast Refresh] done in 62ms @ http://localhost:3000/_next/static/chunks/0stj_next_dist_19zsb-q._.js:776
[ 1593853ms] [LOG] [Fast Refresh] done in 62ms @ http://localhost:3000/_next/static/chunks/0stj_next_dist_19zsb-q._.js:776
[ 1593915ms] [LOG] [Fast Refresh] done in 62ms @ http://localhost:3000/_next/static/chunks/0stj_next_dist_19zsb-q._.js:776
[ 1593979ms] [LOG] [Fast Refresh] done in 62ms @ http://localhost:3000/_next/static/chunks/0stj_next_dist_19zsb-q._.js:776
[ 1594041ms] [LOG] [Fast Refresh] done in 62ms @ http://localhost:3000/_next/static/chunks/0stj_next_dist_19zsb-q._.js:776
[ 1594104ms] [LOG] [Fast Refresh] done in 62ms @ http://localhost:3000/_next/static/chunks/0stj_next_dist_19zsb-q._.js:776
[ 1594167ms] [LOG] [Fast Refresh] done in 62ms @ http://localhost:3000/_next/static/chunks/0stj_next_dist_19zsb-q._.js:776
[ 1594229ms] [LOG] [Fast Refresh] done in 62ms @ http://localhost:3000/_next/static/chunks/0stj_next_dist_19zsb-q._.js:776
[ 1594293ms] [LOG] [Fast Refresh] done in 62ms @ http://localhost:3000/_next/static/chunks/0stj_next_dist_19zsb-q._.js:776
[ 1594355ms] [LOG] [Fast Refresh] done in 62ms @ http://localhost:3000/_next/static/chunks/0stj_next_dist_19zsb-q._.js:776
[ 1594417ms] [LOG] [Fast Refresh] done in 62ms @ http://localhost:3000/_next/static/chunks/0stj_next_dist_19zsb-q._.js:776
[ 1594480ms] [LOG] [Fast Refresh] done in 62ms @ http://localhost:3000/_next/static/chunks/0stj_next_dist_19zsb-q._.js:776
[ 1594541ms] [LOG] [Fast Refresh] done in 62ms @ http://localhost:3000/_next/static/chunks/0stj_next_dist_19zsb-q._.js:776
[ 1594604ms] [LOG] [Fast Refresh] done in 62ms @ http://localhost:3000/_next/static/chunks/0stj_next_dist_19zsb-q._.js:776
[ 1594666ms] [LOG] [Fast Refresh] done in 62ms @ http://localhost:3000/_next/static/chunks/0stj_next_dist_19zsb-q._.js:776
[ 1594728ms] [LOG] [Fast Refresh] done in 62ms @ http://localhost:3000/_next/static/chunks/0stj_next_dist_19zsb-q._.js:776
[ 1594791ms] [LOG] [Fast Refresh] done in 62ms @ http://localhost:3000/_next/static/chunks/0stj_next_dist_19zsb-q._.js:776
[ 1594854ms] [LOG] [Fast Refresh] done in 62ms @ http://localhost:3000/_next/static/chunks/0stj_next_dist_19zsb-q._.js:776
[ 1594916ms] [LOG] [Fast Refresh] done in 62ms @ http://localhost:3000/_next/static/chunks/0stj_next_dist_19zsb-q._.js:776
[ 1594977ms] [LOG] [Fast Refresh] done in 62ms @ http://localhost:3000/_next/static/chunks/0stj_next_dist_19zsb-q._.js:776
[ 1595040ms] [LOG] [Fast Refresh] done in 62ms @ http://localhost:3000/_next/static/chunks/0stj_next_dist_19zsb-q._.js:776
[ 1595102ms] [LOG] [Fast Refresh] done in 62ms @ http://localhost:3000/_next/static/chunks/0stj_next_dist_19zsb-q._.js:776
[ 1595165ms] [LOG] [Fast Refresh] done in 62ms @ http://localhost:3000/_next/static/chunks/0stj_next_dist_19zsb-q._.js:776
[ 1595228ms] [LOG] [Fast Refresh] done in 62ms @ http://localhost:3000/_next/static/chunks/0stj_next_dist_19zsb-q._.js:776
[ 1595290ms] [LOG] [Fast Refresh] done in 62ms @ http://localhost:3000/_next/static/chunks/0stj_next_dist_19zsb-q._.js:776
[ 1595354ms] [LOG] [Fast Refresh] done in 62ms @ http://localhost:3000/_next/static/chunks/0stj_next_dist_19zsb-q._.js:776
[ 1595416ms] [LOG] [Fast Refresh] done in 62ms @ http://localhost:3000/_next/static/chunks/0stj_next_dist_19zsb-q._.js:776
[ 1595480ms] [LOG] [Fast Refresh] done in 62ms @ http://localhost:3000/_next/static/chunks/0stj_next_dist_19zsb-q._.js:776
[ 1595543ms] [LOG] [Fast Refresh] done in 62ms @ http://localhost:3000/_next/static/chunks/0stj_next_dist_19zsb-q._.js:776
[ 1595604ms] [LOG] [Fast Refresh] done in 62ms @ http://localhost:3000/_next/static/chunks/0stj_next_dist_19zsb-q._.js:776
[ 1595667ms] [LOG] [Fast Refresh] done in 62ms @ http://localhost:3000/_next/static/chunks/0stj_next_dist_19zsb-q._.js:776
[ 1595728ms] [LOG] [Fast Refresh] done in 62ms @ http://localhost:3000/_next/static/chunks/0stj_next_dist_19zsb-q._.js:776
[ 1595789ms] [LOG] [Fast Refresh] done in 62ms @ http://localhost:3000/_next/static/chunks/0stj_next_dist_19zsb-q._.js:776
[ 1595851ms] [LOG] [Fast Refresh] done in 62ms @ http://localhost:3000/_next/static/chunks/0stj_next_dist_19zsb-q._.js:776
[ 1595913ms] [LOG] [Fast Refresh] done in 62ms @ http://localhost:3000/_next/static/chunks/0stj_next_dist_19zsb-q._.js:776
[ 1595975ms] [LOG] [Fast Refresh] done in 62ms @ http://localhost:3000/_next/static/chunks/0stj_next_dist_19zsb-q._.js:776
[ 1596035ms] [LOG] [Fast Refresh] done in 62ms @ http://localhost:3000/_next/static/chunks/0stj_next_dist_19zsb-q._.js:776
[ 1596096ms] [LOG] [Fast Refresh] done in 62ms @ http://localhost:3000/_next/static/chunks/0stj_next_dist_19zsb-q._.js:776
[ 1596158ms] [LOG] [Fast Refresh] done in 62ms @ http://localhost:3000/_next/static/chunks/0stj_next_dist_19zsb-q._.js:776
[ 1596221ms] [LOG] [Fast Refresh] done in 62ms @ http://localhost:3000/_next/static/chunks/0stj_next_dist_19zsb-q._.js:776
[ 1596282ms] [LOG] [Fast Refresh] done in 62ms @ http://localhost:3000/_next/static/chunks/0stj_next_dist_19zsb-q._.js:776
[ 1596344ms] [LOG] [Fast Refresh] done in 62ms @ http://localhost:3000/_next/static/chunks/0stj_next_dist_19zsb-q._.js:776
[ 1596407ms] [LOG] [Fast Refresh] done in 62ms @ http://localhost:3000/_next/static/chunks/0stj_next_dist_19zsb-q._.js:776
[ 1596470ms] [LOG] [Fast Refresh] done in 62ms @ http://localhost:3000/_next/static/chunks/0stj_next_dist_19zsb-q._.js:776
[ 1596532ms] [LOG] [Fast Refresh] done in 62ms @ http://localhost:3000/_next/static/chunks/0stj_next_dist_19zsb-q._.js:776
[ 1596595ms] [LOG] [Fast Refresh] done in 62ms @ http://localhost:3000/_next/static/chunks/0stj_next_dist_19zsb-q._.js:776
[ 1596659ms] [LOG] [Fast Refresh] done in 62ms @ http://localhost:3000/_next/static/chunks/0stj_next_dist_19zsb-q._.js:776
[ 1596720ms] [LOG] [Fast Refresh] done in 62ms @ http://localhost:3000/_next/static/chunks/0stj_next_dist_19zsb-q._.js:776
[ 1596783ms] [LOG] [Fast Refresh] done in 62ms @ http://localhost:3000/_next/static/chunks/0stj_next_dist_19zsb-q._.js:776
[ 1596845ms] [LOG] [Fast Refresh] done in 62ms @ http://localhost:3000/_next/static/chunks/0stj_next_dist_19zsb-q._.js:776
[ 1596907ms] [LOG] [Fast Refresh] done in 62ms @ http://localhost:3000/_next/static/chunks/0stj_next_dist_19zsb-q._.js:776
[ 1596970ms] [LOG] [Fast Refresh] done in 62ms @ http://localhost:3000/_next/static/chunks/0stj_next_dist_19zsb-q._.js:776
[ 1597031ms] [LOG] [Fast Refresh] done in 62ms @ http://localhost:3000/_next/static/chunks/0stj_next_dist_19zsb-q._.js:776
[ 1597094ms] [LOG] [Fast Refresh] done in 62ms @ http://localhost:3000/_next/static/chunks/0stj_next_dist_19zsb-q._.js:776
[ 1597156ms] [LOG] [Fast Refresh] done in 62ms @ http://localhost:3000/_next/static/chunks/0stj_next_dist_19zsb-q._.js:776
[ 1597219ms] [LOG] [Fast Refresh] done in 62ms @ http://localhost:3000/_next/static/chunks/0stj_next_dist_19zsb-q._.js:776
[ 1597281ms] [LOG] [Fast Refresh] done in 62ms @ http://localhost:3000/_next/static/chunks/0stj_next_dist_19zsb-q._.js:776
[ 1597344ms] [LOG] [Fast Refresh] done in 62ms @ http://localhost:3000/_next/static/chunks/0stj_next_dist_19zsb-q._.js:776
[ 1597406ms] [LOG] [Fast Refresh] done in 62ms @ http://localhost:3000/_next/static/chunks/0stj_next_dist_19zsb-q._.js:776
[ 1597468ms] [LOG] [Fast Refresh] done in 62ms @ http://localhost:3000/_next/static/chunks/0stj_next_dist_19zsb-q._.js:776
[ 1597531ms] [LOG] [Fast Refresh] done in 62ms @ http://localhost:3000/_next/static/chunks/0stj_next_dist_19zsb-q._.js:776
[ 1597594ms] [LOG] [Fast Refresh] done in 62ms @ http://localhost:3000/_next/static/chunks/0stj_next_dist_19zsb-q._.js:776
[ 1597656ms] [LOG] [Fast Refresh] done in 62ms @ http://localhost:3000/_next/static/chunks/0stj_next_dist_19zsb-q._.js:776
[ 1597718ms] [LOG] [Fast Refresh] done in 62ms @ http://localhost:3000/_next/static/chunks/0stj_next_dist_19zsb-q._.js:776
[ 1597781ms] [LOG] [Fast Refresh] done in 62ms @ http://localhost:3000/_next/static/chunks/0stj_next_dist_19zsb-q._.js:776
[ 1597842ms] [LOG] [Fast Refresh] done in 62ms @ http://localhost:3000/_next/static/chunks/0stj_next_dist_19zsb-q._.js:776
[ 1597905ms] [LOG] [Fast Refresh] done in 62ms @ http://localhost:3000/_next/static/chunks/0stj_next_dist_19zsb-q._.js:776
[ 1597968ms] [LOG] [Fast Refresh] done in 62ms @ http://localhost:3000/_next/static/chunks/0stj_next_dist_19zsb-q._.js:776
[ 1598030ms] [LOG] [Fast Refresh] done in 62ms @ http://localhost:3000/_next/static/chunks/0stj_next_dist_19zsb-q._.js:776
[ 1598094ms] [LOG] [Fast Refresh] done in 62ms @ http://localhost:3000/_next/static/chunks/0stj_next_dist_19zsb-q._.js:776
[ 1598157ms] [LOG] [Fast Refresh] done in 62ms @ http://localhost:3000/_next/static/chunks/0stj_next_dist_19zsb-q._.js:776
[ 1598219ms] [LOG] [Fast Refresh] done in 62ms @ http://localhost:3000/_next/static/chunks/0stj_next_dist_19zsb-q._.js:776
[ 1598283ms] [LOG] [Fast Refresh] done in 62ms @ http://localhost:3000/_next/static/chunks/0stj_next_dist_19zsb-q._.js:776
[ 1598345ms] [LOG] [Fast Refresh] done in 62ms @ http://localhost:3000/_next/static/chunks/0stj_next_dist_19zsb-q._.js:776
[ 1598407ms] [LOG] [Fast Refresh] done in 62ms @ http://localhost:3000/_next/static/chunks/0stj_next_dist_19zsb-q._.js:776
[ 1598470ms] [LOG] [Fast Refresh] done in 62ms @ http://localhost:3000/_next/static/chunks/0stj_next_dist_19zsb-q._.js:776
[ 1598533ms] [LOG] [Fast Refresh] done in 62ms @ http://localhost:3000/_next/static/chunks/0stj_next_dist_19zsb-q._.js:776
[ 1598596ms] [LOG] [Fast Refresh] done in 62ms @ http://localhost:3000/_next/static/chunks/0stj_next_dist_19zsb-q._.js:776
[ 1598658ms] [LOG] [Fast Refresh] done in 62ms @ http://localhost:3000/_next/static/chunks/0stj_next_dist_19zsb-q._.js:776
[ 1598720ms] [LOG] [Fast Refresh] done in 62ms @ http://localhost:3000/_next/static/chunks/0stj_next_dist_19zsb-q._.js:776
[ 1598783ms] [LOG] [Fast Refresh] done in 62ms @ http://localhost:3000/_next/static/chunks/0stj_next_dist_19zsb-q._.js:776
[ 1598844ms] [LOG] [Fast Refresh] done in 62ms @ http://localhost:3000/_next/static/chunks/0stj_next_dist_19zsb-q._.js:776
[ 1598907ms] [LOG] [Fast Refresh] done in 62ms @ http://localhost:3000/_next/static/chunks/0stj_next_dist_19zsb-q._.js:776
[ 1598969ms] [LOG] [Fast Refresh] done in 62ms @ http://localhost:3000/_next/static/chunks/0stj_next_dist_19zsb-q._.js:776
[ 1599032ms] [LOG] [Fast Refresh] done in 62ms @ http://localhost:3000/_next/static/chunks/0stj_next_dist_19zsb-q._.js:776
[ 1599095ms] [LOG] [Fast Refresh] done in 62ms @ http://localhost:3000/_next/static/chunks/0stj_next_dist_19zsb-q._.js:776
[ 1599158ms] [LOG] [Fast Refresh] done in 62ms @ http://localhost:3000/_next/static/chunks/0stj_next_dist_19zsb-q._.js:776
[ 1599220ms] [LOG] [Fast Refresh] done in 62ms @ http://localhost:3000/_next/static/chunks/0stj_next_dist_19zsb-q._.js:776
[ 1599283ms] [LOG] [Fast Refresh] done in 62ms @ http://localhost:3000/_next/static/chunks/0stj_next_dist_19zsb-q._.js:776
[ 1599346ms] [LOG] [Fast Refresh] done in 62ms @ http://localhost:3000/_next/static/chunks/0stj_next_dist_19zsb-q._.js:776
[ 1599409ms] [LOG] [Fast Refresh] done in 62ms @ http://localhost:3000/_next/static/chunks/0stj_next_dist_19zsb-q._.js:776
[ 1599473ms] [LOG] [Fast Refresh] done in 62ms @ http://localhost:3000/_next/static/chunks/0stj_next_dist_19zsb-q._.js:776
[ 1599535ms] [LOG] [Fast Refresh] done in 62ms @ http://localhost:3000/_next/static/chunks/0stj_next_dist_19zsb-q._.js:776
[ 1599597ms] [LOG] [Fast Refresh] done in 62ms @ http://localhost:3000/_next/static/chunks/0stj_next_dist_19zsb-q._.js:776
[ 1599660ms] [LOG] [Fast Refresh] done in 62ms @ http://localhost:3000/_next/static/chunks/0stj_next_dist_19zsb-q._.js:776
[ 1599723ms] [LOG] [Fast Refresh] done in 62ms @ http://localhost:3000/_next/static/chunks/0stj_next_dist_19zsb-q._.js:776
[ 1599785ms] [LOG] [Fast Refresh] done in 62ms @ http://localhost:3000/_next/static/chunks/0stj_next_dist_19zsb-q._.js:776
[ 1599848ms] [LOG] [Fast Refresh] done in 62ms @ http://localhost:3000/_next/static/chunks/0stj_next_dist_19zsb-q._.js:776
[ 1599912ms] [LOG] [Fast Refresh] done in 62ms @ http://localhost:3000/_next/static/chunks/0stj_next_dist_19zsb-q._.js:776
[ 1599975ms] [LOG] [Fast Refresh] done in 62ms @ http://localhost:3000/_next/static/chunks/0stj_next_dist_19zsb-q._.js:776
[ 1600037ms] [LOG] [Fast Refresh] done in 62ms @ http://localhost:3000/_next/static/chunks/0stj_next_dist_19zsb-q._.js:776
[ 1600099ms] [LOG] [Fast Refresh] done in 62ms @ http://localhost:3000/_next/static/chunks/0stj_next_dist_19zsb-q._.js:776
[ 1600161ms] [LOG] [Fast Refresh] done in 62ms @ http://localhost:3000/_next/static/chunks/0stj_next_dist_19zsb-q._.js:776
[ 1600224ms] [LOG] [Fast Refresh] done in 62ms @ http://localhost:3000/_next/static/chunks/0stj_next_dist_19zsb-q._.js:776
[ 1600287ms] [LOG] [Fast Refresh] done in 62ms @ http://localhost:3000/_next/static/chunks/0stj_next_dist_19zsb-q._.js:776
[ 1600349ms] [LOG] [Fast Refresh] done in 62ms @ http://localhost:3000/_next/static/chunks/0stj_next_dist_19zsb-q._.js:776
[ 1600412ms] [LOG] [Fast Refresh] done in 62ms @ http://localhost:3000/_next/static/chunks/0stj_next_dist_19zsb-q._.js:776
[ 1600475ms] [LOG] [Fast Refresh] done in 62ms @ http://localhost:3000/_next/static/chunks/0stj_next_dist_19zsb-q._.js:776
[ 1600538ms] [LOG] [Fast Refresh] done in 62ms @ http://localhost:3000/_next/static/chunks/0stj_next_dist_19zsb-q._.js:776
[ 1600599ms] [LOG] [Fast Refresh] done in 62ms @ http://localhost:3000/_next/static/chunks/0stj_next_dist_19zsb-q._.js:776
[ 1600662ms] [LOG] [Fast Refresh] done in 62ms @ http://localhost:3000/_next/static/chunks/0stj_next_dist_19zsb-q._.js:776
[ 1600724ms] [LOG] [Fast Refresh] done in 62ms @ http://localhost:3000/_next/static/chunks/0stj_next_dist_19zsb-q._.js:776
[ 1600786ms] [LOG] [Fast Refresh] done in 62ms @ http://localhost:3000/_next/static/chunks/0stj_next_dist_19zsb-q._.js:776
[ 1600848ms] [LOG] [Fast Refresh] done in 62ms @ http://localhost:3000/_next/static/chunks/0stj_next_dist_19zsb-q._.js:776
[ 1600912ms] [LOG] [Fast Refresh] done in 62ms @ http://localhost:3000/_next/static/chunks/0stj_next_dist_19zsb-q._.js:776
[ 1600974ms] [LOG] [Fast Refresh] done in 62ms @ http://localhost:3000/_next/static/chunks/0stj_next_dist_19zsb-q._.js:776
[ 1601036ms] [LOG] [Fast Refresh] done in 62ms @ http://localhost:3000/_next/static/chunks/0stj_next_dist_19zsb-q._.js:776
[ 1601098ms] [LOG] [Fast Refresh] done in 62ms @ http://localhost:3000/_next/static/chunks/0stj_next_dist_19zsb-q._.js:776
[ 1601161ms] [LOG] [Fast Refresh] done in 62ms @ http://localhost:3000/_next/static/chunks/0stj_next_dist_19zsb-q._.js:776
[ 1601224ms] [LOG] [Fast Refresh] done in 62ms @ http://localhost:3000/_next/static/chunks/0stj_next_dist_19zsb-q._.js:776
[ 1601288ms] [LOG] [Fast Refresh] done in 62ms @ http://localhost:3000/_next/static/chunks/0stj_next_dist_19zsb-q._.js:776
[ 1601351ms] [LOG] [Fast Refresh] done in 62ms @ http://localhost:3000/_next/static/chunks/0stj_next_dist_19zsb-q._.js:776
[ 1601413ms] [LOG] [Fast Refresh] done in 62ms @ http://localhost:3000/_next/static/chunks/0stj_next_dist_19zsb-q._.js:776
[ 1601474ms] [LOG] [Fast Refresh] done in 62ms @ http://localhost:3000/_next/static/chunks/0stj_next_dist_19zsb-q._.js:776
[ 1601537ms] [LOG] [Fast Refresh] done in 62ms @ http://localhost:3000/_next/static/chunks/0stj_next_dist_19zsb-q._.js:776
[ 1601599ms] [LOG] [Fast Refresh] done in 62ms @ http://localhost:3000/_next/static/chunks/0stj_next_dist_19zsb-q._.js:776
[ 1601661ms] [LOG] [Fast Refresh] done in 62ms @ http://localhost:3000/_next/static/chunks/0stj_next_dist_19zsb-q._.js:776
[ 1601725ms] [LOG] [Fast Refresh] done in 62ms @ http://localhost:3000/_next/static/chunks/0stj_next_dist_19zsb-q._.js:776
[ 1601787ms] [LOG] [Fast Refresh] done in 62ms @ http://localhost:3000/_next/static/chunks/0stj_next_dist_19zsb-q._.js:776
[ 1601850ms] [LOG] [Fast Refresh] done in 62ms @ http://localhost:3000/_next/static/chunks/0stj_next_dist_19zsb-q._.js:776
[ 1601912ms] [LOG] [Fast Refresh] done in 62ms @ http://localhost:3000/_next/static/chunks/0stj_next_dist_19zsb-q._.js:776
[ 1601975ms] [LOG] [Fast Refresh] done in 62ms @ http://localhost:3000/_next/static/chunks/0stj_next_dist_19zsb-q._.js:776
[ 1602037ms] [LOG] [Fast Refresh] done in 62ms @ http://localhost:3000/_next/static/chunks/0stj_next_dist_19zsb-q._.js:776
[ 1602099ms] [LOG] [Fast Refresh] done in 62ms @ http://localhost:3000/_next/static/chunks/0stj_next_dist_19zsb-q._.js:776
[ 1602162ms] [LOG] [Fast Refresh] done in 62ms @ http://localhost:3000/_next/static/chunks/0stj_next_dist_19zsb-q._.js:776
[ 1602224ms] [LOG] [Fast Refresh] done in 62ms @ http://localhost:3000/_next/static/chunks/0stj_next_dist_19zsb-q._.js:776
[ 1602286ms] [LOG] [Fast Refresh] done in 62ms @ http://localhost:3000/_next/static/chunks/0stj_next_dist_19zsb-q._.js:776
[ 1602348ms] [LOG] [Fast Refresh] done in 62ms @ http://localhost:3000/_next/static/chunks/0stj_next_dist_19zsb-q._.js:776
[ 1602410ms] [LOG] [Fast Refresh] done in 62ms @ http://localhost:3000/_next/static/chunks/0stj_next_dist_19zsb-q._.js:776
[ 1602473ms] [LOG] [Fast Refresh] done in 62ms @ http://localhost:3000/_next/static/chunks/0stj_next_dist_19zsb-q._.js:776
[ 1602537ms] [LOG] [Fast Refresh] done in 62ms @ http://localhost:3000/_next/static/chunks/0stj_next_dist_19zsb-q._.js:776
[ 1602598ms] [LOG] [Fast Refresh] done in 62ms @ http://localhost:3000/_next/static/chunks/0stj_next_dist_19zsb-q._.js:776
[ 1602660ms] [LOG] [Fast Refresh] done in 62ms @ http://localhost:3000/_next/static/chunks/0stj_next_dist_19zsb-q._.js:776
[ 1602722ms] [LOG] [Fast Refresh] done in 62ms @ http://localhost:3000/_next/static/chunks/0stj_next_dist_19zsb-q._.js:776
[ 1602785ms] [LOG] [Fast Refresh] done in 62ms @ http://localhost:3000/_next/static/chunks/0stj_next_dist_19zsb-q._.js:776
[ 1602847ms] [LOG] [Fast Refresh] done in 62ms @ http://localhost:3000/_next/static/chunks/0stj_next_dist_19zsb-q._.js:776
[ 1602910ms] [LOG] [Fast Refresh] done in 62ms @ http://localhost:3000/_next/static/chunks/0stj_next_dist_19zsb-q._.js:776
[ 1602973ms] [LOG] [Fast Refresh] done in 62ms @ http://localhost:3000/_next/static/chunks/0stj_next_dist_19zsb-q._.js:776
[ 1603034ms] [LOG] [Fast Refresh] done in 62ms @ http://localhost:3000/_next/static/chunks/0stj_next_dist_19zsb-q._.js:776
[ 1603097ms] [LOG] [Fast Refresh] done in 62ms @ http://localhost:3000/_next/static/chunks/0stj_next_dist_19zsb-q._.js:776
[ 1603160ms] [LOG] [Fast Refresh] done in 62ms @ http://localhost:3000/_next/static/chunks/0stj_next_dist_19zsb-q._.js:776
[ 1603222ms] [LOG] [Fast Refresh] done in 62ms @ http://localhost:3000/_next/static/chunks/0stj_next_dist_19zsb-q._.js:776
[ 1603284ms] [LOG] [Fast Refresh] done in 62ms @ http://localhost:3000/_next/static/chunks/0stj_next_dist_19zsb-q._.js:776
[ 1603347ms] [LOG] [Fast Refresh] done in 62ms @ http://localhost:3000/_next/static/chunks/0stj_next_dist_19zsb-q._.js:776
[ 1603409ms] [LOG] [Fast Refresh] done in 62ms @ http://localhost:3000/_next/static/chunks/0stj_next_dist_19zsb-q._.js:776
[ 1603472ms] [LOG] [Fast Refresh] done in 62ms @ http://localhost:3000/_next/static/chunks/0stj_next_dist_19zsb-q._.js:776
[ 1603534ms] [LOG] [Fast Refresh] done in 62ms @ http://localhost:3000/_next/static/chunks/0stj_next_dist_19zsb-q._.js:776
[ 1603596ms] [LOG] [Fast Refresh] done in 62ms @ http://localhost:3000/_next/static/chunks/0stj_next_dist_19zsb-q._.js:776
[ 1603658ms] [LOG] [Fast Refresh] done in 62ms @ http://localhost:3000/_next/static/chunks/0stj_next_dist_19zsb-q._.js:776
[ 1603721ms] [LOG] [Fast Refresh] done in 62ms @ http://localhost:3000/_next/static/chunks/0stj_next_dist_19zsb-q._.js:776
[ 1603784ms] [LOG] [Fast Refresh] done in 62ms @ http://localhost:3000/_next/static/chunks/0stj_next_dist_19zsb-q._.js:776
[ 1603847ms] [LOG] [Fast Refresh] done in 62ms @ http://localhost:3000/_next/static/chunks/0stj_next_dist_19zsb-q._.js:776
[ 1603910ms] [LOG] [Fast Refresh] done in 62ms @ http://localhost:3000/_next/static/chunks/0stj_next_dist_19zsb-q._.js:776
[ 1603974ms] [LOG] [Fast Refresh] done in 62ms @ http://localhost:3000/_next/static/chunks/0stj_next_dist_19zsb-q._.js:776
[ 1604036ms] [LOG] [Fast Refresh] done in 62ms @ http://localhost:3000/_next/static/chunks/0stj_next_dist_19zsb-q._.js:776
[ 1604098ms] [LOG] [Fast Refresh] done in 62ms @ http://localhost:3000/_next/static/chunks/0stj_next_dist_19zsb-q._.js:776
[ 1604160ms] [LOG] [Fast Refresh] done in 62ms @ http://localhost:3000/_next/static/chunks/0stj_next_dist_19zsb-q._.js:776
[ 1604221ms] [LOG] [Fast Refresh] done in 62ms @ http://localhost:3000/_next/static/chunks/0stj_next_dist_19zsb-q._.js:776
[ 1604283ms] [LOG] [Fast Refresh] done in 62ms @ http://localhost:3000/_next/static/chunks/0stj_next_dist_19zsb-q._.js:776
[ 1604347ms] [LOG] [Fast Refresh] done in 62ms @ http://localhost:3000/_next/static/chunks/0stj_next_dist_19zsb-q._.js:776
[ 1604406ms] [LOG] [Fast Refresh] done in 62ms @ http://localhost:3000/_next/static/chunks/0stj_next_dist_19zsb-q._.js:776
[ 1604470ms] [LOG] [Fast Refresh] done in 62ms @ http://localhost:3000/_next/static/chunks/0stj_next_dist_19zsb-q._.js:776
[ 1604548ms] [LOG] [Fast Refresh] done in 62ms @ http://localhost:3000/_next/static/chunks/0stj_next_dist_19zsb-q._.js:776
[ 1604610ms] [LOG] [Fast Refresh] done in 62ms @ http://localhost:3000/_next/static/chunks/0stj_next_dist_19zsb-q._.js:776
[ 1604671ms] [LOG] [Fast Refresh] done in 62ms @ http://localhost:3000/_next/static/chunks/0stj_next_dist_19zsb-q._.js:776
[ 1604733ms] [LOG] [Fast Refresh] done in 62ms @ http://localhost:3000/_next/static/chunks/0stj_next_dist_19zsb-q._.js:776
[ 1604794ms] [LOG] [Fast Refresh] done in 62ms @ http://localhost:3000/_next/static/chunks/0stj_next_dist_19zsb-q._.js:776
[ 1604856ms] [LOG] [Fast Refresh] done in 62ms @ http://localhost:3000/_next/static/chunks/0stj_next_dist_19zsb-q._.js:776
[ 1604918ms] [LOG] [Fast Refresh] done in 62ms @ http://localhost:3000/_next/static/chunks/0stj_next_dist_19zsb-q._.js:776
[ 1604980ms] [LOG] [Fast Refresh] done in 62ms @ http://localhost:3000/_next/static/chunks/0stj_next_dist_19zsb-q._.js:776
[ 1605043ms] [LOG] [Fast Refresh] done in 62ms @ http://localhost:3000/_next/static/chunks/0stj_next_dist_19zsb-q._.js:776
[ 1605103ms] [LOG] [Fast Refresh] done in 62ms @ http://localhost:3000/_next/static/chunks/0stj_next_dist_19zsb-q._.js:776
[ 1605166ms] [LOG] [Fast Refresh] done in 62ms @ http://localhost:3000/_next/static/chunks/0stj_next_dist_19zsb-q._.js:776
[ 1605228ms] [LOG] [Fast Refresh] done in 62ms @ http://localhost:3000/_next/static/chunks/0stj_next_dist_19zsb-q._.js:776
[ 1605289ms] [LOG] [Fast Refresh] done in 62ms @ http://localhost:3000/_next/static/chunks/0stj_next_dist_19zsb-q._.js:776
[ 1605351ms] [LOG] [Fast Refresh] done in 62ms @ http://localhost:3000/_next/static/chunks/0stj_next_dist_19zsb-q._.js:776
[ 1605413ms] [LOG] [Fast Refresh] done in 62ms @ http://localhost:3000/_next/static/chunks/0stj_next_dist_19zsb-q._.js:776
[ 1605475ms] [LOG] [Fast Refresh] done in 62ms @ http://localhost:3000/_next/static/chunks/0stj_next_dist_19zsb-q._.js:776
[ 1605539ms] [LOG] [Fast Refresh] done in 62ms @ http://localhost:3000/_next/static/chunks/0stj_next_dist_19zsb-q._.js:776
[ 1605601ms] [LOG] [Fast Refresh] done in 62ms @ http://localhost:3000/_next/static/chunks/0stj_next_dist_19zsb-q._.js:776
[ 1605665ms] [LOG] [Fast Refresh] done in 62ms @ http://localhost:3000/_next/static/chunks/0stj_next_dist_19zsb-q._.js:776
[ 1605727ms] [LOG] [Fast Refresh] done in 62ms @ http://localhost:3000/_next/static/chunks/0stj_next_dist_19zsb-q._.js:776
[ 1605789ms] [LOG] [Fast Refresh] done in 62ms @ http://localhost:3000/_next/static/chunks/0stj_next_dist_19zsb-q._.js:776
[ 1605851ms] [LOG] [Fast Refresh] done in 62ms @ http://localhost:3000/_next/static/chunks/0stj_next_dist_19zsb-q._.js:776
[ 1605913ms] [LOG] [Fast Refresh] done in 62ms @ http://localhost:3000/_next/static/chunks/0stj_next_dist_19zsb-q._.js:776
[ 1605975ms] [LOG] [Fast Refresh] done in 62ms @ http://localhost:3000/_next/static/chunks/0stj_next_dist_19zsb-q._.js:776
[ 1606035ms] [LOG] [Fast Refresh] done in 62ms @ http://localhost:3000/_next/static/chunks/0stj_next_dist_19zsb-q._.js:776
[ 1606096ms] [LOG] [Fast Refresh] done in 62ms @ http://localhost:3000/_next/static/chunks/0stj_next_dist_19zsb-q._.js:776
[ 1606159ms] [LOG] [Fast Refresh] done in 62ms @ http://localhost:3000/_next/static/chunks/0stj_next_dist_19zsb-q._.js:776
[ 1606221ms] [LOG] [Fast Refresh] done in 62ms @ http://localhost:3000/_next/static/chunks/0stj_next_dist_19zsb-q._.js:776
[ 1606283ms] [LOG] [Fast Refresh] done in 62ms @ http://localhost:3000/_next/static/chunks/0stj_next_dist_19zsb-q._.js:776
[ 1606345ms] [LOG] [Fast Refresh] done in 62ms @ http://localhost:3000/_next/static/chunks/0stj_next_dist_19zsb-q._.js:776
[ 1606408ms] [LOG] [Fast Refresh] done in 62ms @ http://localhost:3000/_next/static/chunks/0stj_next_dist_19zsb-q._.js:776
[ 1606471ms] [LOG] [Fast Refresh] done in 62ms @ http://localhost:3000/_next/static/chunks/0stj_next_dist_19zsb-q._.js:776
[ 1606533ms] [LOG] [Fast Refresh] done in 62ms @ http://localhost:3000/_next/static/chunks/0stj_next_dist_19zsb-q._.js:776
[ 1606594ms] [LOG] [Fast Refresh] done in 62ms @ http://localhost:3000/_next/static/chunks/0stj_next_dist_19zsb-q._.js:776
[ 1606656ms] [LOG] [Fast Refresh] done in 62ms @ http://localhost:3000/_next/static/chunks/0stj_next_dist_19zsb-q._.js:776
[ 1606719ms] [LOG] [Fast Refresh] done in 62ms @ http://localhost:3000/_next/static/chunks/0stj_next_dist_19zsb-q._.js:776
[ 1606781ms] [LOG] [Fast Refresh] done in 62ms @ http://localhost:3000/_next/static/chunks/0stj_next_dist_19zsb-q._.js:776
[ 1606843ms] [LOG] [Fast Refresh] done in 62ms @ http://localhost:3000/_next/static/chunks/0stj_next_dist_19zsb-q._.js:776
[ 1606905ms] [LOG] [Fast Refresh] done in 62ms @ http://localhost:3000/_next/static/chunks/0stj_next_dist_19zsb-q._.js:776
[ 1606967ms] [LOG] [Fast Refresh] done in 62ms @ http://localhost:3000/_next/static/chunks/0stj_next_dist_19zsb-q._.js:776
[ 1607030ms] [LOG] [Fast Refresh] done in 62ms @ http://localhost:3000/_next/static/chunks/0stj_next_dist_19zsb-q._.js:776
[ 1607094ms] [LOG] [Fast Refresh] done in 62ms @ http://localhost:3000/_next/static/chunks/0stj_next_dist_19zsb-q._.js:776
[ 1607157ms] [LOG] [Fast Refresh] done in 62ms @ http://localhost:3000/_next/static/chunks/0stj_next_dist_19zsb-q._.js:776
[ 1607219ms] [LOG] [Fast Refresh] done in 62ms @ http://localhost:3000/_next/static/chunks/0stj_next_dist_19zsb-q._.js:776
[ 1607281ms] [LOG] [Fast Refresh] done in 62ms @ http://localhost:3000/_next/static/chunks/0stj_next_dist_19zsb-q._.js:776
[ 1607342ms] [LOG] [Fast Refresh] done in 62ms @ http://localhost:3000/_next/static/chunks/0stj_next_dist_19zsb-q._.js:776
[ 1607405ms] [LOG] [Fast Refresh] done in 62ms @ http://localhost:3000/_next/static/chunks/0stj_next_dist_19zsb-q._.js:776
[ 1607468ms] [LOG] [Fast Refresh] done in 62ms @ http://localhost:3000/_next/static/chunks/0stj_next_dist_19zsb-q._.js:776
[ 1607529ms] [LOG] [Fast Refresh] done in 62ms @ http://localhost:3000/_next/static/chunks/0stj_next_dist_19zsb-q._.js:776
[ 1607593ms] [LOG] [Fast Refresh] done in 62ms @ http://localhost:3000/_next/static/chunks/0stj_next_dist_19zsb-q._.js:776
[ 1607655ms] [LOG] [Fast Refresh] done in 62ms @ http://localhost:3000/_next/static/chunks/0stj_next_dist_19zsb-q._.js:776
[ 1607717ms] [LOG] [Fast Refresh] done in 62ms @ http://localhost:3000/_next/static/chunks/0stj_next_dist_19zsb-q._.js:776
[ 1607779ms] [LOG] [Fast Refresh] done in 62ms @ http://localhost:3000/_next/static/chunks/0stj_next_dist_19zsb-q._.js:776
[ 1607841ms] [LOG] [Fast Refresh] done in 62ms @ http://localhost:3000/_next/static/chunks/0stj_next_dist_19zsb-q._.js:776
[ 1607903ms] [LOG] [Fast Refresh] done in 62ms @ http://localhost:3000/_next/static/chunks/0stj_next_dist_19zsb-q._.js:776
[ 1607964ms] [LOG] [Fast Refresh] done in 62ms @ http://localhost:3000/_next/static/chunks/0stj_next_dist_19zsb-q._.js:776
[ 1608026ms] [LOG] [Fast Refresh] done in 62ms @ http://localhost:3000/_next/static/chunks/0stj_next_dist_19zsb-q._.js:776
[ 1608090ms] [LOG] [Fast Refresh] done in 62ms @ http://localhost:3000/_next/static/chunks/0stj_next_dist_19zsb-q._.js:776
[ 1608152ms] [LOG] [Fast Refresh] done in 62ms @ http://localhost:3000/_next/static/chunks/0stj_next_dist_19zsb-q._.js:776
[ 1608214ms] [LOG] [Fast Refresh] done in 62ms @ http://localhost:3000/_next/static/chunks/0stj_next_dist_19zsb-q._.js:776
[ 1608276ms] [LOG] [Fast Refresh] done in 62ms @ http://localhost:3000/_next/static/chunks/0stj_next_dist_19zsb-q._.js:776
[ 1608339ms] [LOG] [Fast Refresh] done in 62ms @ http://localhost:3000/_next/static/chunks/0stj_next_dist_19zsb-q._.js:776
[ 1608400ms] [LOG] [Fast Refresh] done in 62ms @ http://localhost:3000/_next/static/chunks/0stj_next_dist_19zsb-q._.js:776
[ 1608463ms] [LOG] [Fast Refresh] done in 62ms @ http://localhost:3000/_next/static/chunks/0stj_next_dist_19zsb-q._.js:776
[ 1608525ms] [LOG] [Fast Refresh] done in 62ms @ http://localhost:3000/_next/static/chunks/0stj_next_dist_19zsb-q._.js:776
[ 1608588ms] [LOG] [Fast Refresh] done in 62ms @ http://localhost:3000/_next/static/chunks/0stj_next_dist_19zsb-q._.js:776
[ 1608649ms] [LOG] [Fast Refresh] done in 62ms @ http://localhost:3000/_next/static/chunks/0stj_next_dist_19zsb-q._.js:776
[ 1608711ms] [LOG] [Fast Refresh] done in 62ms @ http://localhost:3000/_next/static/chunks/0stj_next_dist_19zsb-q._.js:776
[ 1608774ms] [LOG] [Fast Refresh] done in 62ms @ http://localhost:3000/_next/static/chunks/0stj_next_dist_19zsb-q._.js:776
[ 1608837ms] [LOG] [Fast Refresh] done in 62ms @ http://localhost:3000/_next/static/chunks/0stj_next_dist_19zsb-q._.js:776
[ 1608899ms] [LOG] [Fast Refresh] done in 62ms @ http://localhost:3000/_next/static/chunks/0stj_next_dist_19zsb-q._.js:776
[ 1608962ms] [LOG] [Fast Refresh] done in 62ms @ http://localhost:3000/_next/static/chunks/0stj_next_dist_19zsb-q._.js:776
[ 1609025ms] [LOG] [Fast Refresh] done in 62ms @ http://localhost:3000/_next/static/chunks/0stj_next_dist_19zsb-q._.js:776
[ 1609087ms] [LOG] [Fast Refresh] done in 62ms @ http://localhost:3000/_next/static/chunks/0stj_next_dist_19zsb-q._.js:776
[ 1609149ms] [LOG] [Fast Refresh] done in 62ms @ http://localhost:3000/_next/static/chunks/0stj_next_dist_19zsb-q._.js:776
[ 1609211ms] [LOG] [Fast Refresh] done in 62ms @ http://localhost:3000/_next/static/chunks/0stj_next_dist_19zsb-q._.js:776
[ 1609273ms] [LOG] [Fast Refresh] done in 62ms @ http://localhost:3000/_next/static/chunks/0stj_next_dist_19zsb-q._.js:776
[ 1609335ms] [LOG] [Fast Refresh] done in 62ms @ http://localhost:3000/_next/static/chunks/0stj_next_dist_19zsb-q._.js:776
[ 1609397ms] [LOG] [Fast Refresh] done in 62ms @ http://localhost:3000/_next/static/chunks/0stj_next_dist_19zsb-q._.js:776
[ 1609459ms] [LOG] [Fast Refresh] done in 62ms @ http://localhost:3000/_next/static/chunks/0stj_next_dist_19zsb-q._.js:776
[ 1609521ms] [LOG] [Fast Refresh] done in 62ms @ http://localhost:3000/_next/static/chunks/0stj_next_dist_19zsb-q._.js:776
[ 1609584ms] [LOG] [Fast Refresh] done in 62ms @ http://localhost:3000/_next/static/chunks/0stj_next_dist_19zsb-q._.js:776
[ 1609646ms] [LOG] [Fast Refresh] done in 62ms @ http://localhost:3000/_next/static/chunks/0stj_next_dist_19zsb-q._.js:776
[ 1609709ms] [LOG] [Fast Refresh] done in 62ms @ http://localhost:3000/_next/static/chunks/0stj_next_dist_19zsb-q._.js:776
[ 1609771ms] [LOG] [Fast Refresh] done in 62ms @ http://localhost:3000/_next/static/chunks/0stj_next_dist_19zsb-q._.js:776
[ 1609834ms] [LOG] [Fast Refresh] done in 62ms @ http://localhost:3000/_next/static/chunks/0stj_next_dist_19zsb-q._.js:776
[ 1609895ms] [LOG] [Fast Refresh] done in 62ms @ http://localhost:3000/_next/static/chunks/0stj_next_dist_19zsb-q._.js:776
[ 1609957ms] [LOG] [Fast Refresh] done in 62ms @ http://localhost:3000/_next/static/chunks/0stj_next_dist_19zsb-q._.js:776
[ 1610019ms] [LOG] [Fast Refresh] done in 62ms @ http://localhost:3000/_next/static/chunks/0stj_next_dist_19zsb-q._.js:776
[ 1610081ms] [LOG] [Fast Refresh] done in 62ms @ http://localhost:3000/_next/static/chunks/0stj_next_dist_19zsb-q._.js:776
[ 1610144ms] [LOG] [Fast Refresh] done in 62ms @ http://localhost:3000/_next/static/chunks/0stj_next_dist_19zsb-q._.js:776
[ 1610207ms] [LOG] [Fast Refresh] done in 62ms @ http://localhost:3000/_next/static/chunks/0stj_next_dist_19zsb-q._.js:776
[ 1610270ms] [LOG] [Fast Refresh] done in 62ms @ http://localhost:3000/_next/static/chunks/0stj_next_dist_19zsb-q._.js:776
[ 1610332ms] [LOG] [Fast Refresh] done in 62ms @ http://localhost:3000/_next/static/chunks/0stj_next_dist_19zsb-q._.js:776
[ 1610394ms] [LOG] [Fast Refresh] done in 62ms @ http://localhost:3000/_next/static/chunks/0stj_next_dist_19zsb-q._.js:776
[ 1610456ms] [LOG] [Fast Refresh] done in 62ms @ http://localhost:3000/_next/static/chunks/0stj_next_dist_19zsb-q._.js:776
[ 1610518ms] [LOG] [Fast Refresh] done in 62ms @ http://localhost:3000/_next/static/chunks/0stj_next_dist_19zsb-q._.js:776
[ 1610580ms] [LOG] [Fast Refresh] done in 62ms @ http://localhost:3000/_next/static/chunks/0stj_next_dist_19zsb-q._.js:776
[ 1610642ms] [LOG] [Fast Refresh] done in 62ms @ http://localhost:3000/_next/static/chunks/0stj_next_dist_19zsb-q._.js:776
[ 1610705ms] [LOG] [Fast Refresh] done in 62ms @ http://localhost:3000/_next/static/chunks/0stj_next_dist_19zsb-q._.js:776
[ 1610768ms] [LOG] [Fast Refresh] done in 62ms @ http://localhost:3000/_next/static/chunks/0stj_next_dist_19zsb-q._.js:776
[ 1610831ms] [LOG] [Fast Refresh] done in 62ms @ http://localhost:3000/_next/static/chunks/0stj_next_dist_19zsb-q._.js:776
[ 1610894ms] [LOG] [Fast Refresh] done in 62ms @ http://localhost:3000/_next/static/chunks/0stj_next_dist_19zsb-q._.js:776
[ 1610958ms] [LOG] [Fast Refresh] done in 62ms @ http://localhost:3000/_next/static/chunks/0stj_next_dist_19zsb-q._.js:776
[ 1611024ms] [LOG] [Fast Refresh] done in 62ms @ http://localhost:3000/_next/static/chunks/0stj_next_dist_19zsb-q._.js:776
[ 1611097ms] [LOG] [Fast Refresh] done in 62ms @ http://localhost:3000/_next/static/chunks/0stj_next_dist_19zsb-q._.js:776
[ 1611160ms] [LOG] [Fast Refresh] done in 62ms @ http://localhost:3000/_next/static/chunks/0stj_next_dist_19zsb-q._.js:776
[ 1611222ms] [LOG] [Fast Refresh] done in 62ms @ http://localhost:3000/_next/static/chunks/0stj_next_dist_19zsb-q._.js:776
[ 1611284ms] [LOG] [Fast Refresh] done in 62ms @ http://localhost:3000/_next/static/chunks/0stj_next_dist_19zsb-q._.js:776
[ 1611347ms] [LOG] [Fast Refresh] done in 62ms @ http://localhost:3000/_next/static/chunks/0stj_next_dist_19zsb-q._.js:776
[ 1611412ms] [LOG] [Fast Refresh] done in 62ms @ http://localhost:3000/_next/static/chunks/0stj_next_dist_19zsb-q._.js:776
[ 1611505ms] [LOG] [Fast Refresh] done in 62ms @ http://localhost:3000/_next/static/chunks/0stj_next_dist_19zsb-q._.js:776
[ 1611568ms] [LOG] [Fast Refresh] done in 62ms @ http://localhost:3000/_next/static/chunks/0stj_next_dist_19zsb-q._.js:776
[ 1611632ms] [LOG] [Fast Refresh] done in 62ms @ http://localhost:3000/_next/static/chunks/0stj_next_dist_19zsb-q._.js:776
[ 1611695ms] [LOG] [Fast Refresh] done in 62ms @ http://localhost:3000/_next/static/chunks/0stj_next_dist_19zsb-q._.js:776
[ 1611756ms] [LOG] [Fast Refresh] done in 62ms @ http://localhost:3000/_next/static/chunks/0stj_next_dist_19zsb-q._.js:776
[ 1611819ms] [LOG] [Fast Refresh] done in 62ms @ http://localhost:3000/_next/static/chunks/0stj_next_dist_19zsb-q._.js:776
[ 1611882ms] [LOG] [Fast Refresh] done in 62ms @ http://localhost:3000/_next/static/chunks/0stj_next_dist_19zsb-q._.js:776
[ 1611944ms] [LOG] [Fast Refresh] done in 62ms @ http://localhost:3000/_next/static/chunks/0stj_next_dist_19zsb-q._.js:776
[ 1612006ms] [LOG] [Fast Refresh] done in 62ms @ http://localhost:3000/_next/static/chunks/0stj_next_dist_19zsb-q._.js:776
[ 1612069ms] [LOG] [Fast Refresh] done in 62ms @ http://localhost:3000/_next/static/chunks/0stj_next_dist_19zsb-q._.js:776
[ 1612132ms] [LOG] [Fast Refresh] done in 62ms @ http://localhost:3000/_next/static/chunks/0stj_next_dist_19zsb-q._.js:776
[ 1612194ms] [LOG] [Fast Refresh] done in 62ms @ http://localhost:3000/_next/static/chunks/0stj_next_dist_19zsb-q._.js:776
[ 1612256ms] [LOG] [Fast Refresh] done in 62ms @ http://localhost:3000/_next/static/chunks/0stj_next_dist_19zsb-q._.js:776
[ 1612320ms] [LOG] [Fast Refresh] done in 62ms @ http://localhost:3000/_next/static/chunks/0stj_next_dist_19zsb-q._.js:776
[ 1612382ms] [LOG] [Fast Refresh] done in 62ms @ http://localhost:3000/_next/static/chunks/0stj_next_dist_19zsb-q._.js:776
[ 1612445ms] [LOG] [Fast Refresh] done in 62ms @ http://localhost:3000/_next/static/chunks/0stj_next_dist_19zsb-q._.js:776
[ 1612507ms] [LOG] [Fast Refresh] done in 62ms @ http://localhost:3000/_next/static/chunks/0stj_next_dist_19zsb-q._.js:776
[ 1612570ms] [LOG] [Fast Refresh] done in 62ms @ http://localhost:3000/_next/static/chunks/0stj_next_dist_19zsb-q._.js:776
[ 1612631ms] [LOG] [Fast Refresh] done in 62ms @ http://localhost:3000/_next/static/chunks/0stj_next_dist_19zsb-q._.js:776
[ 1612694ms] [LOG] [Fast Refresh] done in 62ms @ http://localhost:3000/_next/static/chunks/0stj_next_dist_19zsb-q._.js:776
[ 1612756ms] [LOG] [Fast Refresh] done in 62ms @ http://localhost:3000/_next/static/chunks/0stj_next_dist_19zsb-q._.js:776
[ 1612819ms] [LOG] [Fast Refresh] done in 62ms @ http://localhost:3000/_next/static/chunks/0stj_next_dist_19zsb-q._.js:776
[ 1612881ms] [LOG] [Fast Refresh] done in 62ms @ http://localhost:3000/_next/static/chunks/0stj_next_dist_19zsb-q._.js:776
[ 1612944ms] [LOG] [Fast Refresh] done in 62ms @ http://localhost:3000/_next/static/chunks/0stj_next_dist_19zsb-q._.js:776
[ 1613007ms] [LOG] [Fast Refresh] done in 62ms @ http://localhost:3000/_next/static/chunks/0stj_next_dist_19zsb-q._.js:776
[ 1613071ms] [LOG] [Fast Refresh] done in 62ms @ http://localhost:3000/_next/static/chunks/0stj_next_dist_19zsb-q._.js:776
[ 1613134ms] [LOG] [Fast Refresh] done in 62ms @ http://localhost:3000/_next/static/chunks/0stj_next_dist_19zsb-q._.js:776
[ 1613196ms] [LOG] [Fast Refresh] done in 62ms @ http://localhost:3000/_next/static/chunks/0stj_next_dist_19zsb-q._.js:776
[ 1613258ms] [LOG] [Fast Refresh] done in 62ms @ http://localhost:3000/_next/static/chunks/0stj_next_dist_19zsb-q._.js:776
[ 1613322ms] [LOG] [Fast Refresh] done in 62ms @ http://localhost:3000/_next/static/chunks/0stj_next_dist_19zsb-q._.js:776
[ 1613383ms] [LOG] [Fast Refresh] done in 62ms @ http://localhost:3000/_next/static/chunks/0stj_next_dist_19zsb-q._.js:776
[ 1613446ms] [LOG] [Fast Refresh] done in 62ms @ http://localhost:3000/_next/static/chunks/0stj_next_dist_19zsb-q._.js:776
[ 1613508ms] [LOG] [Fast Refresh] done in 62ms @ http://localhost:3000/_next/static/chunks/0stj_next_dist_19zsb-q._.js:776
[ 1613570ms] [LOG] [Fast Refresh] done in 62ms @ http://localhost:3000/_next/static/chunks/0stj_next_dist_19zsb-q._.js:776
[ 1613633ms] [LOG] [Fast Refresh] done in 62ms @ http://localhost:3000/_next/static/chunks/0stj_next_dist_19zsb-q._.js:776
[ 1613696ms] [LOG] [Fast Refresh] done in 62ms @ http://localhost:3000/_next/static/chunks/0stj_next_dist_19zsb-q._.js:776
[ 1613758ms] [LOG] [Fast Refresh] done in 62ms @ http://localhost:3000/_next/static/chunks/0stj_next_dist_19zsb-q._.js:776
[ 1613820ms] [LOG] [Fast Refresh] done in 62ms @ http://localhost:3000/_next/static/chunks/0stj_next_dist_19zsb-q._.js:776
[ 1613884ms] [LOG] [Fast Refresh] done in 62ms @ http://localhost:3000/_next/static/chunks/0stj_next_dist_19zsb-q._.js:776
[ 1613945ms] [LOG] [Fast Refresh] done in 62ms @ http://localhost:3000/_next/static/chunks/0stj_next_dist_19zsb-q._.js:776
[ 1614008ms] [LOG] [Fast Refresh] done in 62ms @ http://localhost:3000/_next/static/chunks/0stj_next_dist_19zsb-q._.js:776
[ 1614069ms] [LOG] [Fast Refresh] done in 62ms @ http://localhost:3000/_next/static/chunks/0stj_next_dist_19zsb-q._.js:776
[ 1614132ms] [LOG] [Fast Refresh] done in 62ms @ http://localhost:3000/_next/static/chunks/0stj_next_dist_19zsb-q._.js:776
[ 1614195ms] [LOG] [Fast Refresh] done in 62ms @ http://localhost:3000/_next/static/chunks/0stj_next_dist_19zsb-q._.js:776
[ 1614256ms] [LOG] [Fast Refresh] done in 62ms @ http://localhost:3000/_next/static/chunks/0stj_next_dist_19zsb-q._.js:776
[ 1614319ms] [LOG] [Fast Refresh] done in 62ms @ http://localhost:3000/_next/static/chunks/0stj_next_dist_19zsb-q._.js:776
[ 1614380ms] [LOG] [Fast Refresh] done in 62ms @ http://localhost:3000/_next/static/chunks/0stj_next_dist_19zsb-q._.js:776
[ 1614442ms] [LOG] [Fast Refresh] done in 62ms @ http://localhost:3000/_next/static/chunks/0stj_next_dist_19zsb-q._.js:776
[ 1614505ms] [LOG] [Fast Refresh] done in 62ms @ http://localhost:3000/_next/static/chunks/0stj_next_dist_19zsb-q._.js:776
[ 1614568ms] [LOG] [Fast Refresh] done in 62ms @ http://localhost:3000/_next/static/chunks/0stj_next_dist_19zsb-q._.js:776
[ 1614630ms] [LOG] [Fast Refresh] done in 62ms @ http://localhost:3000/_next/static/chunks/0stj_next_dist_19zsb-q._.js:776
[ 1614692ms] [LOG] [Fast Refresh] done in 62ms @ http://localhost:3000/_next/static/chunks/0stj_next_dist_19zsb-q._.js:776
[ 1614755ms] [LOG] [Fast Refresh] done in 62ms @ http://localhost:3000/_next/static/chunks/0stj_next_dist_19zsb-q._.js:776
[ 1614818ms] [LOG] [Fast Refresh] done in 62ms @ http://localhost:3000/_next/static/chunks/0stj_next_dist_19zsb-q._.js:776
[ 1614881ms] [LOG] [Fast Refresh] done in 62ms @ http://localhost:3000/_next/static/chunks/0stj_next_dist_19zsb-q._.js:776
[ 1614943ms] [LOG] [Fast Refresh] done in 62ms @ http://localhost:3000/_next/static/chunks/0stj_next_dist_19zsb-q._.js:776
[ 1615005ms] [LOG] [Fast Refresh] done in 62ms @ http://localhost:3000/_next/static/chunks/0stj_next_dist_19zsb-q._.js:776
[ 1615067ms] [LOG] [Fast Refresh] done in 62ms @ http://localhost:3000/_next/static/chunks/0stj_next_dist_19zsb-q._.js:776
[ 1615130ms] [LOG] [Fast Refresh] done in 62ms @ http://localhost:3000/_next/static/chunks/0stj_next_dist_19zsb-q._.js:776
[ 1615191ms] [LOG] [Fast Refresh] done in 62ms @ http://localhost:3000/_next/static/chunks/0stj_next_dist_19zsb-q._.js:776
[ 1615255ms] [LOG] [Fast Refresh] done in 62ms @ http://localhost:3000/_next/static/chunks/0stj_next_dist_19zsb-q._.js:776
[ 1615318ms] [LOG] [Fast Refresh] done in 62ms @ http://localhost:3000/_next/static/chunks/0stj_next_dist_19zsb-q._.js:776
[ 1615380ms] [LOG] [Fast Refresh] done in 62ms @ http://localhost:3000/_next/static/chunks/0stj_next_dist_19zsb-q._.js:776
[ 1615442ms] [LOG] [Fast Refresh] done in 62ms @ http://localhost:3000/_next/static/chunks/0stj_next_dist_19zsb-q._.js:776
[ 1615505ms] [LOG] [Fast Refresh] done in 62ms @ http://localhost:3000/_next/static/chunks/0stj_next_dist_19zsb-q._.js:776
[ 1615567ms] [LOG] [Fast Refresh] done in 62ms @ http://localhost:3000/_next/static/chunks/0stj_next_dist_19zsb-q._.js:776
[ 1615631ms] [LOG] [Fast Refresh] done in 62ms @ http://localhost:3000/_next/static/chunks/0stj_next_dist_19zsb-q._.js:776
[ 1615693ms] [LOG] [Fast Refresh] done in 62ms @ http://localhost:3000/_next/static/chunks/0stj_next_dist_19zsb-q._.js:776
[ 1615756ms] [LOG] [Fast Refresh] done in 62ms @ http://localhost:3000/_next/static/chunks/0stj_next_dist_19zsb-q._.js:776
[ 1615818ms] [LOG] [Fast Refresh] done in 62ms @ http://localhost:3000/_next/static/chunks/0stj_next_dist_19zsb-q._.js:776
[ 1615881ms] [LOG] [Fast Refresh] done in 62ms @ http://localhost:3000/_next/static/chunks/0stj_next_dist_19zsb-q._.js:776
[ 1615943ms] [LOG] [Fast Refresh] done in 62ms @ http://localhost:3000/_next/static/chunks/0stj_next_dist_19zsb-q._.js:776
[ 1616005ms] [LOG] [Fast Refresh] done in 62ms @ http://localhost:3000/_next/static/chunks/0stj_next_dist_19zsb-q._.js:776
[ 1616067ms] [LOG] [Fast Refresh] done in 62ms @ http://localhost:3000/_next/static/chunks/0stj_next_dist_19zsb-q._.js:776
[ 1616130ms] [LOG] [Fast Refresh] done in 62ms @ http://localhost:3000/_next/static/chunks/0stj_next_dist_19zsb-q._.js:776
[ 1616192ms] [LOG] [Fast Refresh] done in 62ms @ http://localhost:3000/_next/static/chunks/0stj_next_dist_19zsb-q._.js:776
[ 1616254ms] [LOG] [Fast Refresh] done in 62ms @ http://localhost:3000/_next/static/chunks/0stj_next_dist_19zsb-q._.js:776
[ 1616316ms] [LOG] [Fast Refresh] done in 62ms @ http://localhost:3000/_next/static/chunks/0stj_next_dist_19zsb-q._.js:776
[ 1616380ms] [LOG] [Fast Refresh] done in 62ms @ http://localhost:3000/_next/static/chunks/0stj_next_dist_19zsb-q._.js:776
[ 1616444ms] [LOG] [Fast Refresh] done in 62ms @ http://localhost:3000/_next/static/chunks/0stj_next_dist_19zsb-q._.js:776
[ 1616506ms] [LOG] [Fast Refresh] done in 62ms @ http://localhost:3000/_next/static/chunks/0stj_next_dist_19zsb-q._.js:776
[ 1616568ms] [LOG] [Fast Refresh] done in 62ms @ http://localhost:3000/_next/static/chunks/0stj_next_dist_19zsb-q._.js:776
[ 1616631ms] [LOG] [Fast Refresh] done in 62ms @ http://localhost:3000/_next/static/chunks/0stj_next_dist_19zsb-q._.js:776
[ 1616694ms] [LOG] [Fast Refresh] done in 62ms @ http://localhost:3000/_next/static/chunks/0stj_next_dist_19zsb-q._.js:776
[ 1616756ms] [LOG] [Fast Refresh] done in 62ms @ http://localhost:3000/_next/static/chunks/0stj_next_dist_19zsb-q._.js:776
[ 1616820ms] [LOG] [Fast Refresh] done in 62ms @ http://localhost:3000/_next/static/chunks/0stj_next_dist_19zsb-q._.js:776
[ 1616882ms] [LOG] [Fast Refresh] done in 62ms @ http://localhost:3000/_next/static/chunks/0stj_next_dist_19zsb-q._.js:776
[ 1616946ms] [LOG] [Fast Refresh] done in 62ms @ http://localhost:3000/_next/static/chunks/0stj_next_dist_19zsb-q._.js:776
[ 1617008ms] [LOG] [Fast Refresh] done in 62ms @ http://localhost:3000/_next/static/chunks/0stj_next_dist_19zsb-q._.js:776
[ 1617071ms] [LOG] [Fast Refresh] done in 62ms @ http://localhost:3000/_next/static/chunks/0stj_next_dist_19zsb-q._.js:776
[ 1617133ms] [LOG] [Fast Refresh] done in 62ms @ http://localhost:3000/_next/static/chunks/0stj_next_dist_19zsb-q._.js:776
[ 1617196ms] [LOG] [Fast Refresh] done in 62ms @ http://localhost:3000/_next/static/chunks/0stj_next_dist_19zsb-q._.js:776
[ 1617257ms] [LOG] [Fast Refresh] done in 62ms @ http://localhost:3000/_next/static/chunks/0stj_next_dist_19zsb-q._.js:776
[ 1617319ms] [LOG] [Fast Refresh] done in 62ms @ http://localhost:3000/_next/static/chunks/0stj_next_dist_19zsb-q._.js:776
[ 1617381ms] [LOG] [Fast Refresh] done in 62ms @ http://localhost:3000/_next/static/chunks/0stj_next_dist_19zsb-q._.js:776
[ 1617442ms] [LOG] [Fast Refresh] done in 62ms @ http://localhost:3000/_next/static/chunks/0stj_next_dist_19zsb-q._.js:776
[ 1617505ms] [LOG] [Fast Refresh] done in 62ms @ http://localhost:3000/_next/static/chunks/0stj_next_dist_19zsb-q._.js:776
[ 1617567ms] [LOG] [Fast Refresh] done in 62ms @ http://localhost:3000/_next/static/chunks/0stj_next_dist_19zsb-q._.js:776
[ 1617630ms] [LOG] [Fast Refresh] done in 62ms @ http://localhost:3000/_next/static/chunks/0stj_next_dist_19zsb-q._.js:776
[ 1617691ms] [LOG] [Fast Refresh] done in 62ms @ http://localhost:3000/_next/static/chunks/0stj_next_dist_19zsb-q._.js:776
[ 1617754ms] [LOG] [Fast Refresh] done in 62ms @ http://localhost:3000/_next/static/chunks/0stj_next_dist_19zsb-q._.js:776
[ 1617817ms] [LOG] [Fast Refresh] done in 62ms @ http://localhost:3000/_next/static/chunks/0stj_next_dist_19zsb-q._.js:776
[ 1617880ms] [LOG] [Fast Refresh] done in 62ms @ http://localhost:3000/_next/static/chunks/0stj_next_dist_19zsb-q._.js:776
[ 1617942ms] [LOG] [Fast Refresh] done in 62ms @ http://localhost:3000/_next/static/chunks/0stj_next_dist_19zsb-q._.js:776
[ 1618005ms] [LOG] [Fast Refresh] done in 62ms @ http://localhost:3000/_next/static/chunks/0stj_next_dist_19zsb-q._.js:776
[ 1618066ms] [LOG] [Fast Refresh] done in 62ms @ http://localhost:3000/_next/static/chunks/0stj_next_dist_19zsb-q._.js:776
[ 1618128ms] [LOG] [Fast Refresh] done in 62ms @ http://localhost:3000/_next/static/chunks/0stj_next_dist_19zsb-q._.js:776
[ 1618191ms] [LOG] [Fast Refresh] done in 62ms @ http://localhost:3000/_next/static/chunks/0stj_next_dist_19zsb-q._.js:776
[ 1618253ms] [LOG] [Fast Refresh] done in 62ms @ http://localhost:3000/_next/static/chunks/0stj_next_dist_19zsb-q._.js:776
[ 1618316ms] [LOG] [Fast Refresh] done in 62ms @ http://localhost:3000/_next/static/chunks/0stj_next_dist_19zsb-q._.js:776
[ 1618378ms] [LOG] [Fast Refresh] done in 62ms @ http://localhost:3000/_next/static/chunks/0stj_next_dist_19zsb-q._.js:776
[ 1618440ms] [LOG] [Fast Refresh] done in 62ms @ http://localhost:3000/_next/static/chunks/0stj_next_dist_19zsb-q._.js:776
[ 1618503ms] [LOG] [Fast Refresh] done in 62ms @ http://localhost:3000/_next/static/chunks/0stj_next_dist_19zsb-q._.js:776
[ 1618565ms] [LOG] [Fast Refresh] done in 62ms @ http://localhost:3000/_next/static/chunks/0stj_next_dist_19zsb-q._.js:776
[ 1618627ms] [LOG] [Fast Refresh] done in 62ms @ http://localhost:3000/_next/static/chunks/0stj_next_dist_19zsb-q._.js:776
[ 1618688ms] [LOG] [Fast Refresh] done in 62ms @ http://localhost:3000/_next/static/chunks/0stj_next_dist_19zsb-q._.js:776
[ 1618750ms] [LOG] [Fast Refresh] done in 62ms @ http://localhost:3000/_next/static/chunks/0stj_next_dist_19zsb-q._.js:776
[ 1618812ms] [LOG] [Fast Refresh] done in 62ms @ http://localhost:3000/_next/static/chunks/0stj_next_dist_19zsb-q._.js:776
[ 1618874ms] [LOG] [Fast Refresh] done in 62ms @ http://localhost:3000/_next/static/chunks/0stj_next_dist_19zsb-q._.js:776
[ 1618938ms] [LOG] [Fast Refresh] done in 62ms @ http://localhost:3000/_next/static/chunks/0stj_next_dist_19zsb-q._.js:776
[ 1619000ms] [LOG] [Fast Refresh] done in 62ms @ http://localhost:3000/_next/static/chunks/0stj_next_dist_19zsb-q._.js:776
[ 1619062ms] [LOG] [Fast Refresh] done in 62ms @ http://localhost:3000/_next/static/chunks/0stj_next_dist_19zsb-q._.js:776
[ 1619126ms] [LOG] [Fast Refresh] done in 62ms @ http://localhost:3000/_next/static/chunks/0stj_next_dist_19zsb-q._.js:776
[ 1619189ms] [LOG] [Fast Refresh] done in 62ms @ http://localhost:3000/_next/static/chunks/0stj_next_dist_19zsb-q._.js:776
[ 1619252ms] [LOG] [Fast Refresh] done in 62ms @ http://localhost:3000/_next/static/chunks/0stj_next_dist_19zsb-q._.js:776
[ 1619314ms] [LOG] [Fast Refresh] done in 62ms @ http://localhost:3000/_next/static/chunks/0stj_next_dist_19zsb-q._.js:776
[ 1619377ms] [LOG] [Fast Refresh] done in 62ms @ http://localhost:3000/_next/static/chunks/0stj_next_dist_19zsb-q._.js:776
[ 1619440ms] [LOG] [Fast Refresh] done in 62ms @ http://localhost:3000/_next/static/chunks/0stj_next_dist_19zsb-q._.js:776
[ 1619502ms] [LOG] [Fast Refresh] done in 62ms @ http://localhost:3000/_next/static/chunks/0stj_next_dist_19zsb-q._.js:776
[ 1619563ms] [LOG] [Fast Refresh] done in 62ms @ http://localhost:3000/_next/static/chunks/0stj_next_dist_19zsb-q._.js:776
[ 1619625ms] [LOG] [Fast Refresh] done in 62ms @ http://localhost:3000/_next/static/chunks/0stj_next_dist_19zsb-q._.js:776
[ 1619687ms] [LOG] [Fast Refresh] done in 62ms @ http://localhost:3000/_next/static/chunks/0stj_next_dist_19zsb-q._.js:776
[ 1619749ms] [LOG] [Fast Refresh] done in 62ms @ http://localhost:3000/_next/static/chunks/0stj_next_dist_19zsb-q._.js:776
[ 1619810ms] [LOG] [Fast Refresh] done in 62ms @ http://localhost:3000/_next/static/chunks/0stj_next_dist_19zsb-q._.js:776
[ 1619873ms] [LOG] [Fast Refresh] done in 62ms @ http://localhost:3000/_next/static/chunks/0stj_next_dist_19zsb-q._.js:776
[ 1619934ms] [LOG] [Fast Refresh] done in 62ms @ http://localhost:3000/_next/static/chunks/0stj_next_dist_19zsb-q._.js:776
[ 1619998ms] [LOG] [Fast Refresh] done in 62ms @ http://localhost:3000/_next/static/chunks/0stj_next_dist_19zsb-q._.js:776
[ 1620058ms] [LOG] [Fast Refresh] done in 62ms @ http://localhost:3000/_next/static/chunks/0stj_next_dist_19zsb-q._.js:776
[ 1620122ms] [LOG] [Fast Refresh] done in 62ms @ http://localhost:3000/_next/static/chunks/0stj_next_dist_19zsb-q._.js:776
[ 1620184ms] [LOG] [Fast Refresh] done in 62ms @ http://localhost:3000/_next/static/chunks/0stj_next_dist_19zsb-q._.js:776
[ 1620246ms] [LOG] [Fast Refresh] done in 62ms @ http://localhost:3000/_next/static/chunks/0stj_next_dist_19zsb-q._.js:776
[ 1620309ms] [LOG] [Fast Refresh] done in 62ms @ http://localhost:3000/_next/static/chunks/0stj_next_dist_19zsb-q._.js:776
[ 1620370ms] [LOG] [Fast Refresh] done in 62ms @ http://localhost:3000/_next/static/chunks/0stj_next_dist_19zsb-q._.js:776
[ 1620433ms] [LOG] [Fast Refresh] done in 62ms @ http://localhost:3000/_next/static/chunks/0stj_next_dist_19zsb-q._.js:776
[ 1620495ms] [LOG] [Fast Refresh] done in 62ms @ http://localhost:3000/_next/static/chunks/0stj_next_dist_19zsb-q._.js:776
[ 1620557ms] [LOG] [Fast Refresh] done in 62ms @ http://localhost:3000/_next/static/chunks/0stj_next_dist_19zsb-q._.js:776
[ 1620619ms] [LOG] [Fast Refresh] done in 62ms @ http://localhost:3000/_next/static/chunks/0stj_next_dist_19zsb-q._.js:776
[ 1620681ms] [LOG] [Fast Refresh] done in 62ms @ http://localhost:3000/_next/static/chunks/0stj_next_dist_19zsb-q._.js:776
[ 1620743ms] [LOG] [Fast Refresh] done in 62ms @ http://localhost:3000/_next/static/chunks/0stj_next_dist_19zsb-q._.js:776
[ 1620807ms] [LOG] [Fast Refresh] done in 62ms @ http://localhost:3000/_next/static/chunks/0stj_next_dist_19zsb-q._.js:776
[ 1620869ms] [LOG] [Fast Refresh] done in 62ms @ http://localhost:3000/_next/static/chunks/0stj_next_dist_19zsb-q._.js:776
[ 1620930ms] [LOG] [Fast Refresh] done in 62ms @ http://localhost:3000/_next/static/chunks/0stj_next_dist_19zsb-q._.js:776
[ 1620992ms] [LOG] [Fast Refresh] done in 62ms @ http://localhost:3000/_next/static/chunks/0stj_next_dist_19zsb-q._.js:776
[ 1621054ms] [LOG] [Fast Refresh] done in 62ms @ http://localhost:3000/_next/static/chunks/0stj_next_dist_19zsb-q._.js:776
[ 1621116ms] [LOG] [Fast Refresh] done in 62ms @ http://localhost:3000/_next/static/chunks/0stj_next_dist_19zsb-q._.js:776
[ 1621178ms] [LOG] [Fast Refresh] done in 62ms @ http://localhost:3000/_next/static/chunks/0stj_next_dist_19zsb-q._.js:776
[ 1621241ms] [LOG] [Fast Refresh] done in 62ms @ http://localhost:3000/_next/static/chunks/0stj_next_dist_19zsb-q._.js:776
[ 1621302ms] [LOG] [Fast Refresh] done in 62ms @ http://localhost:3000/_next/static/chunks/0stj_next_dist_19zsb-q._.js:776
[ 1621364ms] [LOG] [Fast Refresh] done in 62ms @ http://localhost:3000/_next/static/chunks/0stj_next_dist_19zsb-q._.js:776
[ 1621427ms] [LOG] [Fast Refresh] done in 62ms @ http://localhost:3000/_next/static/chunks/0stj_next_dist_19zsb-q._.js:776
[ 1621489ms] [LOG] [Fast Refresh] done in 62ms @ http://localhost:3000/_next/static/chunks/0stj_next_dist_19zsb-q._.js:776
[ 1621552ms] [LOG] [Fast Refresh] done in 62ms @ http://localhost:3000/_next/static/chunks/0stj_next_dist_19zsb-q._.js:776
[ 1621614ms] [LOG] [Fast Refresh] done in 62ms @ http://localhost:3000/_next/static/chunks/0stj_next_dist_19zsb-q._.js:776
[ 1621677ms] [LOG] [Fast Refresh] done in 62ms @ http://localhost:3000/_next/static/chunks/0stj_next_dist_19zsb-q._.js:776
[ 1621740ms] [LOG] [Fast Refresh] done in 62ms @ http://localhost:3000/_next/static/chunks/0stj_next_dist_19zsb-q._.js:776
[ 1621802ms] [LOG] [Fast Refresh] done in 62ms @ http://localhost:3000/_next/static/chunks/0stj_next_dist_19zsb-q._.js:776
[ 1621865ms] [LOG] [Fast Refresh] done in 62ms @ http://localhost:3000/_next/static/chunks/0stj_next_dist_19zsb-q._.js:776
[ 1621927ms] [LOG] [Fast Refresh] done in 62ms @ http://localhost:3000/_next/static/chunks/0stj_next_dist_19zsb-q._.js:776
[ 1621991ms] [LOG] [Fast Refresh] done in 62ms @ http://localhost:3000/_next/static/chunks/0stj_next_dist_19zsb-q._.js:776
[ 1622054ms] [LOG] [Fast Refresh] done in 62ms @ http://localhost:3000/_next/static/chunks/0stj_next_dist_19zsb-q._.js:776
[ 1622116ms] [LOG] [Fast Refresh] done in 62ms @ http://localhost:3000/_next/static/chunks/0stj_next_dist_19zsb-q._.js:776
[ 1622178ms] [LOG] [Fast Refresh] done in 62ms @ http://localhost:3000/_next/static/chunks/0stj_next_dist_19zsb-q._.js:776
[ 1622240ms] [LOG] [Fast Refresh] done in 62ms @ http://localhost:3000/_next/static/chunks/0stj_next_dist_19zsb-q._.js:776
[ 1622304ms] [LOG] [Fast Refresh] done in 62ms @ http://localhost:3000/_next/static/chunks/0stj_next_dist_19zsb-q._.js:776
[ 1622365ms] [LOG] [Fast Refresh] done in 62ms @ http://localhost:3000/_next/static/chunks/0stj_next_dist_19zsb-q._.js:776
[ 1622427ms] [LOG] [Fast Refresh] done in 62ms @ http://localhost:3000/_next/static/chunks/0stj_next_dist_19zsb-q._.js:776
[ 1622490ms] [LOG] [Fast Refresh] done in 62ms @ http://localhost:3000/_next/static/chunks/0stj_next_dist_19zsb-q._.js:776
[ 1622551ms] [LOG] [Fast Refresh] done in 62ms @ http://localhost:3000/_next/static/chunks/0stj_next_dist_19zsb-q._.js:776
[ 1622613ms] [LOG] [Fast Refresh] done in 62ms @ http://localhost:3000/_next/static/chunks/0stj_next_dist_19zsb-q._.js:776
[ 1622675ms] [LOG] [Fast Refresh] done in 62ms @ http://localhost:3000/_next/static/chunks/0stj_next_dist_19zsb-q._.js:776
[ 1622738ms] [LOG] [Fast Refresh] done in 62ms @ http://localhost:3000/_next/static/chunks/0stj_next_dist_19zsb-q._.js:776
[ 1622802ms] [LOG] [Fast Refresh] done in 62ms @ http://localhost:3000/_next/static/chunks/0stj_next_dist_19zsb-q._.js:776
[ 1622864ms] [LOG] [Fast Refresh] done in 62ms @ http://localhost:3000/_next/static/chunks/0stj_next_dist_19zsb-q._.js:776
[ 1622926ms] [LOG] [Fast Refresh] done in 62ms @ http://localhost:3000/_next/static/chunks/0stj_next_dist_19zsb-q._.js:776
[ 1622988ms] [LOG] [Fast Refresh] done in 62ms @ http://localhost:3000/_next/static/chunks/0stj_next_dist_19zsb-q._.js:776
[ 1623052ms] [LOG] [Fast Refresh] done in 62ms @ http://localhost:3000/_next/static/chunks/0stj_next_dist_19zsb-q._.js:776
[ 1623114ms] [LOG] [Fast Refresh] done in 62ms @ http://localhost:3000/_next/static/chunks/0stj_next_dist_19zsb-q._.js:776
[ 1623176ms] [LOG] [Fast Refresh] done in 62ms @ http://localhost:3000/_next/static/chunks/0stj_next_dist_19zsb-q._.js:776
[ 1623239ms] [LOG] [Fast Refresh] done in 62ms @ http://localhost:3000/_next/static/chunks/0stj_next_dist_19zsb-q._.js:776
[ 1623302ms] [LOG] [Fast Refresh] done in 62ms @ http://localhost:3000/_next/static/chunks/0stj_next_dist_19zsb-q._.js:776
[ 1623364ms] [LOG] [Fast Refresh] done in 62ms @ http://localhost:3000/_next/static/chunks/0stj_next_dist_19zsb-q._.js:776
[ 1623426ms] [LOG] [Fast Refresh] done in 62ms @ http://localhost:3000/_next/static/chunks/0stj_next_dist_19zsb-q._.js:776
[ 1623489ms] [LOG] [Fast Refresh] done in 62ms @ http://localhost:3000/_next/static/chunks/0stj_next_dist_19zsb-q._.js:776
[ 1623550ms] [LOG] [Fast Refresh] done in 62ms @ http://localhost:3000/_next/static/chunks/0stj_next_dist_19zsb-q._.js:776
[ 1623613ms] [LOG] [Fast Refresh] done in 62ms @ http://localhost:3000/_next/static/chunks/0stj_next_dist_19zsb-q._.js:776
[ 1623674ms] [LOG] [Fast Refresh] done in 62ms @ http://localhost:3000/_next/static/chunks/0stj_next_dist_19zsb-q._.js:776
[ 1623737ms] [LOG] [Fast Refresh] done in 62ms @ http://localhost:3000/_next/static/chunks/0stj_next_dist_19zsb-q._.js:776
[ 1623799ms] [LOG] [Fast Refresh] done in 62ms @ http://localhost:3000/_next/static/chunks/0stj_next_dist_19zsb-q._.js:776
[ 1623861ms] [LOG] [Fast Refresh] done in 62ms @ http://localhost:3000/_next/static/chunks/0stj_next_dist_19zsb-q._.js:776
[ 1623921ms] [LOG] [Fast Refresh] done in 62ms @ http://localhost:3000/_next/static/chunks/0stj_next_dist_19zsb-q._.js:776
[ 1623984ms] [LOG] [Fast Refresh] done in 62ms @ http://localhost:3000/_next/static/chunks/0stj_next_dist_19zsb-q._.js:776
[ 1624046ms] [LOG] [Fast Refresh] done in 62ms @ http://localhost:3000/_next/static/chunks/0stj_next_dist_19zsb-q._.js:776
[ 1624110ms] [LOG] [Fast Refresh] done in 62ms @ http://localhost:3000/_next/static/chunks/0stj_next_dist_19zsb-q._.js:776
[ 1624171ms] [LOG] [Fast Refresh] done in 62ms @ http://localhost:3000/_next/static/chunks/0stj_next_dist_19zsb-q._.js:776
[ 1624235ms] [LOG] [Fast Refresh] done in 62ms @ http://localhost:3000/_next/static/chunks/0stj_next_dist_19zsb-q._.js:776
[ 1624297ms] [LOG] [Fast Refresh] done in 62ms @ http://localhost:3000/_next/static/chunks/0stj_next_dist_19zsb-q._.js:776
[ 1624358ms] [LOG] [Fast Refresh] done in 62ms @ http://localhost:3000/_next/static/chunks/0stj_next_dist_19zsb-q._.js:776
[ 1624422ms] [LOG] [Fast Refresh] done in 62ms @ http://localhost:3000/_next/static/chunks/0stj_next_dist_19zsb-q._.js:776
[ 1624485ms] [LOG] [Fast Refresh] done in 62ms @ http://localhost:3000/_next/static/chunks/0stj_next_dist_19zsb-q._.js:776
[ 1624546ms] [LOG] [Fast Refresh] done in 62ms @ http://localhost:3000/_next/static/chunks/0stj_next_dist_19zsb-q._.js:776
[ 1624607ms] [LOG] [Fast Refresh] done in 62ms @ http://localhost:3000/_next/static/chunks/0stj_next_dist_19zsb-q._.js:776
[ 1624672ms] [LOG] [Fast Refresh] done in 62ms @ http://localhost:3000/_next/static/chunks/0stj_next_dist_19zsb-q._.js:776
[ 1624734ms] [LOG] [Fast Refresh] done in 62ms @ http://localhost:3000/_next/static/chunks/0stj_next_dist_19zsb-q._.js:776
[ 1624795ms] [LOG] [Fast Refresh] done in 62ms @ http://localhost:3000/_next/static/chunks/0stj_next_dist_19zsb-q._.js:776
[ 1624860ms] [LOG] [Fast Refresh] done in 62ms @ http://localhost:3000/_next/static/chunks/0stj_next_dist_19zsb-q._.js:776
[ 1624923ms] [LOG] [Fast Refresh] done in 62ms @ http://localhost:3000/_next/static/chunks/0stj_next_dist_19zsb-q._.js:776
[ 1624986ms] [LOG] [Fast Refresh] done in 62ms @ http://localhost:3000/_next/static/chunks/0stj_next_dist_19zsb-q._.js:776
[ 1625048ms] [LOG] [Fast Refresh] done in 62ms @ http://localhost:3000/_next/static/chunks/0stj_next_dist_19zsb-q._.js:776
[ 1625109ms] [LOG] [Fast Refresh] done in 62ms @ http://localhost:3000/_next/static/chunks/0stj_next_dist_19zsb-q._.js:776
[ 1625172ms] [LOG] [Fast Refresh] done in 62ms @ http://localhost:3000/_next/static/chunks/0stj_next_dist_19zsb-q._.js:776
[ 1625234ms] [LOG] [Fast Refresh] done in 62ms @ http://localhost:3000/_next/static/chunks/0stj_next_dist_19zsb-q._.js:776
[ 1625295ms] [LOG] [Fast Refresh] done in 62ms @ http://localhost:3000/_next/static/chunks/0stj_next_dist_19zsb-q._.js:776
[ 1625356ms] [LOG] [Fast Refresh] done in 62ms @ http://localhost:3000/_next/static/chunks/0stj_next_dist_19zsb-q._.js:776
[ 1625418ms] [LOG] [Fast Refresh] done in 62ms @ http://localhost:3000/_next/static/chunks/0stj_next_dist_19zsb-q._.js:776
[ 1625481ms] [LOG] [Fast Refresh] done in 62ms @ http://localhost:3000/_next/static/chunks/0stj_next_dist_19zsb-q._.js:776
[ 1625543ms] [LOG] [Fast Refresh] done in 62ms @ http://localhost:3000/_next/static/chunks/0stj_next_dist_19zsb-q._.js:776
[ 1625606ms] [LOG] [Fast Refresh] done in 62ms @ http://localhost:3000/_next/static/chunks/0stj_next_dist_19zsb-q._.js:776
[ 1625668ms] [LOG] [Fast Refresh] done in 62ms @ http://localhost:3000/_next/static/chunks/0stj_next_dist_19zsb-q._.js:776
[ 1625731ms] [LOG] [Fast Refresh] done in 62ms @ http://localhost:3000/_next/static/chunks/0stj_next_dist_19zsb-q._.js:776
[ 1625793ms] [LOG] [Fast Refresh] done in 62ms @ http://localhost:3000/_next/static/chunks/0stj_next_dist_19zsb-q._.js:776
[ 1625855ms] [LOG] [Fast Refresh] done in 62ms @ http://localhost:3000/_next/static/chunks/0stj_next_dist_19zsb-q._.js:776
[ 1625918ms] [LOG] [Fast Refresh] done in 62ms @ http://localhost:3000/_next/static/chunks/0stj_next_dist_19zsb-q._.js:776
[ 1625981ms] [LOG] [Fast Refresh] done in 62ms @ http://localhost:3000/_next/static/chunks/0stj_next_dist_19zsb-q._.js:776
[ 1626042ms] [LOG] [Fast Refresh] done in 62ms @ http://localhost:3000/_next/static/chunks/0stj_next_dist_19zsb-q._.js:776
[ 1626105ms] [LOG] [Fast Refresh] done in 62ms @ http://localhost:3000/_next/static/chunks/0stj_next_dist_19zsb-q._.js:776
[ 1626167ms] [LOG] [Fast Refresh] done in 62ms @ http://localhost:3000/_next/static/chunks/0stj_next_dist_19zsb-q._.js:776
[ 1626229ms] [LOG] [Fast Refresh] done in 62ms @ http://localhost:3000/_next/static/chunks/0stj_next_dist_19zsb-q._.js:776
[ 1626291ms] [LOG] [Fast Refresh] done in 62ms @ http://localhost:3000/_next/static/chunks/0stj_next_dist_19zsb-q._.js:776
[ 1626353ms] [LOG] [Fast Refresh] done in 62ms @ http://localhost:3000/_next/static/chunks/0stj_next_dist_19zsb-q._.js:776
[ 1626416ms] [LOG] [Fast Refresh] done in 62ms @ http://localhost:3000/_next/static/chunks/0stj_next_dist_19zsb-q._.js:776
[ 1626479ms] [LOG] [Fast Refresh] done in 62ms @ http://localhost:3000/_next/static/chunks/0stj_next_dist_19zsb-q._.js:776
[ 1626542ms] [LOG] [Fast Refresh] done in 62ms @ http://localhost:3000/_next/static/chunks/0stj_next_dist_19zsb-q._.js:776
[ 1626604ms] [LOG] [Fast Refresh] done in 62ms @ http://localhost:3000/_next/static/chunks/0stj_next_dist_19zsb-q._.js:776
[ 1626668ms] [LOG] [Fast Refresh] done in 62ms @ http://localhost:3000/_next/static/chunks/0stj_next_dist_19zsb-q._.js:776
[ 1626730ms] [LOG] [Fast Refresh] done in 62ms @ http://localhost:3000/_next/static/chunks/0stj_next_dist_19zsb-q._.js:776
[ 1626792ms] [LOG] [Fast Refresh] done in 62ms @ http://localhost:3000/_next/static/chunks/0stj_next_dist_19zsb-q._.js:776
[ 1626854ms] [LOG] [Fast Refresh] done in 62ms @ http://localhost:3000/_next/static/chunks/0stj_next_dist_19zsb-q._.js:776
[ 1626915ms] [LOG] [Fast Refresh] done in 62ms @ http://localhost:3000/_next/static/chunks/0stj_next_dist_19zsb-q._.js:776
[ 1626978ms] [LOG] [Fast Refresh] done in 62ms @ http://localhost:3000/_next/static/chunks/0stj_next_dist_19zsb-q._.js:776
[ 1627039ms] [LOG] [Fast Refresh] done in 62ms @ http://localhost:3000/_next/static/chunks/0stj_next_dist_19zsb-q._.js:776
[ 1627103ms] [LOG] [Fast Refresh] done in 62ms @ http://localhost:3000/_next/static/chunks/0stj_next_dist_19zsb-q._.js:776
[ 1627165ms] [LOG] [Fast Refresh] done in 62ms @ http://localhost:3000/_next/static/chunks/0stj_next_dist_19zsb-q._.js:776
[ 1627228ms] [LOG] [Fast Refresh] done in 62ms @ http://localhost:3000/_next/static/chunks/0stj_next_dist_19zsb-q._.js:776
[ 1627290ms] [LOG] [Fast Refresh] done in 62ms @ http://localhost:3000/_next/static/chunks/0stj_next_dist_19zsb-q._.js:776
[ 1627353ms] [LOG] [Fast Refresh] done in 62ms @ http://localhost:3000/_next/static/chunks/0stj_next_dist_19zsb-q._.js:776
[ 1627415ms] [LOG] [Fast Refresh] done in 62ms @ http://localhost:3000/_next/static/chunks/0stj_next_dist_19zsb-q._.js:776
[ 1627478ms] [LOG] [Fast Refresh] done in 62ms @ http://localhost:3000/_next/static/chunks/0stj_next_dist_19zsb-q._.js:776
[ 1627540ms] [LOG] [Fast Refresh] done in 62ms @ http://localhost:3000/_next/static/chunks/0stj_next_dist_19zsb-q._.js:776
[ 1627602ms] [LOG] [Fast Refresh] done in 62ms @ http://localhost:3000/_next/static/chunks/0stj_next_dist_19zsb-q._.js:776
[ 1627664ms] [LOG] [Fast Refresh] done in 62ms @ http://localhost:3000/_next/static/chunks/0stj_next_dist_19zsb-q._.js:776
[ 1627726ms] [LOG] [Fast Refresh] done in 62ms @ http://localhost:3000/_next/static/chunks/0stj_next_dist_19zsb-q._.js:776
[ 1627789ms] [LOG] [Fast Refresh] done in 62ms @ http://localhost:3000/_next/static/chunks/0stj_next_dist_19zsb-q._.js:776
[ 1627852ms] [LOG] [Fast Refresh] done in 62ms @ http://localhost:3000/_next/static/chunks/0stj_next_dist_19zsb-q._.js:776
[ 1627915ms] [LOG] [Fast Refresh] done in 62ms @ http://localhost:3000/_next/static/chunks/0stj_next_dist_19zsb-q._.js:776
[ 1627978ms] [LOG] [Fast Refresh] done in 62ms @ http://localhost:3000/_next/static/chunks/0stj_next_dist_19zsb-q._.js:776
[ 1628040ms] [LOG] [Fast Refresh] done in 62ms @ http://localhost:3000/_next/static/chunks/0stj_next_dist_19zsb-q._.js:776
[ 1628102ms] [LOG] [Fast Refresh] done in 62ms @ http://localhost:3000/_next/static/chunks/0stj_next_dist_19zsb-q._.js:776
[ 1628165ms] [LOG] [Fast Refresh] done in 62ms @ http://localhost:3000/_next/static/chunks/0stj_next_dist_19zsb-q._.js:776
[ 1628227ms] [LOG] [Fast Refresh] done in 62ms @ http://localhost:3000/_next/static/chunks/0stj_next_dist_19zsb-q._.js:776
[ 1628288ms] [LOG] [Fast Refresh] done in 62ms @ http://localhost:3000/_next/static/chunks/0stj_next_dist_19zsb-q._.js:776
[ 1628351ms] [LOG] [Fast Refresh] done in 62ms @ http://localhost:3000/_next/static/chunks/0stj_next_dist_19zsb-q._.js:776
[ 1628412ms] [LOG] [Fast Refresh] done in 62ms @ http://localhost:3000/_next/static/chunks/0stj_next_dist_19zsb-q._.js:776
[ 1628475ms] [LOG] [Fast Refresh] done in 62ms @ http://localhost:3000/_next/static/chunks/0stj_next_dist_19zsb-q._.js:776
[ 1628536ms] [LOG] [Fast Refresh] done in 62ms @ http://localhost:3000/_next/static/chunks/0stj_next_dist_19zsb-q._.js:776
[ 1628599ms] [LOG] [Fast Refresh] done in 62ms @ http://localhost:3000/_next/static/chunks/0stj_next_dist_19zsb-q._.js:776
[ 1628662ms] [LOG] [Fast Refresh] done in 62ms @ http://localhost:3000/_next/static/chunks/0stj_next_dist_19zsb-q._.js:776
[ 1628725ms] [LOG] [Fast Refresh] done in 62ms @ http://localhost:3000/_next/static/chunks/0stj_next_dist_19zsb-q._.js:776
[ 1628787ms] [LOG] [Fast Refresh] done in 62ms @ http://localhost:3000/_next/static/chunks/0stj_next_dist_19zsb-q._.js:776
[ 1628850ms] [LOG] [Fast Refresh] done in 62ms @ http://localhost:3000/_next/static/chunks/0stj_next_dist_19zsb-q._.js:776
[ 1628912ms] [LOG] [Fast Refresh] done in 62ms @ http://localhost:3000/_next/static/chunks/0stj_next_dist_19zsb-q._.js:776
[ 1628974ms] [LOG] [Fast Refresh] done in 62ms @ http://localhost:3000/_next/static/chunks/0stj_next_dist_19zsb-q._.js:776
[ 1629036ms] [LOG] [Fast Refresh] done in 62ms @ http://localhost:3000/_next/static/chunks/0stj_next_dist_19zsb-q._.js:776
[ 1629100ms] [LOG] [Fast Refresh] done in 62ms @ http://localhost:3000/_next/static/chunks/0stj_next_dist_19zsb-q._.js:776
[ 1629163ms] [LOG] [Fast Refresh] done in 62ms @ http://localhost:3000/_next/static/chunks/0stj_next_dist_19zsb-q._.js:776
[ 1629225ms] [LOG] [Fast Refresh] done in 62ms @ http://localhost:3000/_next/static/chunks/0stj_next_dist_19zsb-q._.js:776
[ 1629287ms] [LOG] [Fast Refresh] done in 62ms @ http://localhost:3000/_next/static/chunks/0stj_next_dist_19zsb-q._.js:776
[ 1629350ms] [LOG] [Fast Refresh] done in 62ms @ http://localhost:3000/_next/static/chunks/0stj_next_dist_19zsb-q._.js:776
[ 1629412ms] [LOG] [Fast Refresh] done in 62ms @ http://localhost:3000/_next/static/chunks/0stj_next_dist_19zsb-q._.js:776
[ 1629476ms] [LOG] [Fast Refresh] done in 62ms @ http://localhost:3000/_next/static/chunks/0stj_next_dist_19zsb-q._.js:776
[ 1629539ms] [LOG] [Fast Refresh] done in 62ms @ http://localhost:3000/_next/static/chunks/0stj_next_dist_19zsb-q._.js:776
[ 1629601ms] [LOG] [Fast Refresh] done in 62ms @ http://localhost:3000/_next/static/chunks/0stj_next_dist_19zsb-q._.js:776
[ 1629665ms] [LOG] [Fast Refresh] done in 62ms @ http://localhost:3000/_next/static/chunks/0stj_next_dist_19zsb-q._.js:776
[ 1629727ms] [LOG] [Fast Refresh] done in 62ms @ http://localhost:3000/_next/static/chunks/0stj_next_dist_19zsb-q._.js:776
[ 1629791ms] [LOG] [Fast Refresh] done in 62ms @ http://localhost:3000/_next/static/chunks/0stj_next_dist_19zsb-q._.js:776
[ 1629852ms] [LOG] [Fast Refresh] done in 62ms @ http://localhost:3000/_next/static/chunks/0stj_next_dist_19zsb-q._.js:776
[ 1629915ms] [LOG] [Fast Refresh] done in 62ms @ http://localhost:3000/_next/static/chunks/0stj_next_dist_19zsb-q._.js:776
[ 1629978ms] [LOG] [Fast Refresh] done in 62ms @ http://localhost:3000/_next/static/chunks/0stj_next_dist_19zsb-q._.js:776
[ 1630043ms] [LOG] [Fast Refresh] done in 62ms @ http://localhost:3000/_next/static/chunks/0stj_next_dist_19zsb-q._.js:776
[ 1630105ms] [LOG] [Fast Refresh] done in 62ms @ http://localhost:3000/_next/static/chunks/0stj_next_dist_19zsb-q._.js:776
[ 1630167ms] [LOG] [Fast Refresh] done in 62ms @ http://localhost:3000/_next/static/chunks/0stj_next_dist_19zsb-q._.js:776
[ 1630230ms] [LOG] [Fast Refresh] done in 62ms @ http://localhost:3000/_next/static/chunks/0stj_next_dist_19zsb-q._.js:776
[ 1630292ms] [LOG] [Fast Refresh] done in 62ms @ http://localhost:3000/_next/static/chunks/0stj_next_dist_19zsb-q._.js:776
[ 1630355ms] [LOG] [Fast Refresh] done in 62ms @ http://localhost:3000/_next/static/chunks/0stj_next_dist_19zsb-q._.js:776
[ 1630418ms] [LOG] [Fast Refresh] done in 62ms @ http://localhost:3000/_next/static/chunks/0stj_next_dist_19zsb-q._.js:776
[ 1630481ms] [LOG] [Fast Refresh] done in 62ms @ http://localhost:3000/_next/static/chunks/0stj_next_dist_19zsb-q._.js:776
[ 1630542ms] [LOG] [Fast Refresh] done in 62ms @ http://localhost:3000/_next/static/chunks/0stj_next_dist_19zsb-q._.js:776
[ 1630604ms] [LOG] [Fast Refresh] done in 62ms @ http://localhost:3000/_next/static/chunks/0stj_next_dist_19zsb-q._.js:776
[ 1630667ms] [LOG] [Fast Refresh] done in 62ms @ http://localhost:3000/_next/static/chunks/0stj_next_dist_19zsb-q._.js:776
[ 1630730ms] [LOG] [Fast Refresh] done in 62ms @ http://localhost:3000/_next/static/chunks/0stj_next_dist_19zsb-q._.js:776
[ 1630793ms] [LOG] [Fast Refresh] done in 62ms @ http://localhost:3000/_next/static/chunks/0stj_next_dist_19zsb-q._.js:776
[ 1630855ms] [LOG] [Fast Refresh] done in 62ms @ http://localhost:3000/_next/static/chunks/0stj_next_dist_19zsb-q._.js:776
[ 1630917ms] [LOG] [Fast Refresh] done in 62ms @ http://localhost:3000/_next/static/chunks/0stj_next_dist_19zsb-q._.js:776
[ 1630981ms] [LOG] [Fast Refresh] done in 62ms @ http://localhost:3000/_next/static/chunks/0stj_next_dist_19zsb-q._.js:776
[ 1631043ms] [LOG] [Fast Refresh] done in 62ms @ http://localhost:3000/_next/static/chunks/0stj_next_dist_19zsb-q._.js:776
[ 1631105ms] [LOG] [Fast Refresh] done in 62ms @ http://localhost:3000/_next/static/chunks/0stj_next_dist_19zsb-q._.js:776
[ 1631169ms] [LOG] [Fast Refresh] done in 62ms @ http://localhost:3000/_next/static/chunks/0stj_next_dist_19zsb-q._.js:776
[ 1631231ms] [LOG] [Fast Refresh] done in 62ms @ http://localhost:3000/_next/static/chunks/0stj_next_dist_19zsb-q._.js:776
[ 1631292ms] [LOG] [Fast Refresh] done in 62ms @ http://localhost:3000/_next/static/chunks/0stj_next_dist_19zsb-q._.js:776
[ 1631355ms] [LOG] [Fast Refresh] done in 62ms @ http://localhost:3000/_next/static/chunks/0stj_next_dist_19zsb-q._.js:776
[ 1631415ms] [LOG] [Fast Refresh] done in 62ms @ http://localhost:3000/_next/static/chunks/0stj_next_dist_19zsb-q._.js:776
[ 1631478ms] [LOG] [Fast Refresh] done in 62ms @ http://localhost:3000/_next/static/chunks/0stj_next_dist_19zsb-q._.js:776
[ 1631541ms] [LOG] [Fast Refresh] done in 62ms @ http://localhost:3000/_next/static/chunks/0stj_next_dist_19zsb-q._.js:776
[ 1631603ms] [LOG] [Fast Refresh] done in 62ms @ http://localhost:3000/_next/static/chunks/0stj_next_dist_19zsb-q._.js:776
[ 1631666ms] [LOG] [Fast Refresh] done in 62ms @ http://localhost:3000/_next/static/chunks/0stj_next_dist_19zsb-q._.js:776
[ 1631729ms] [LOG] [Fast Refresh] done in 62ms @ http://localhost:3000/_next/static/chunks/0stj_next_dist_19zsb-q._.js:776
[ 1631793ms] [LOG] [Fast Refresh] done in 62ms @ http://localhost:3000/_next/static/chunks/0stj_next_dist_19zsb-q._.js:776
[ 1631855ms] [LOG] [Fast Refresh] done in 62ms @ http://localhost:3000/_next/static/chunks/0stj_next_dist_19zsb-q._.js:776
[ 1631919ms] [LOG] [Fast Refresh] done in 62ms @ http://localhost:3000/_next/static/chunks/0stj_next_dist_19zsb-q._.js:776
[ 1631981ms] [LOG] [Fast Refresh] done in 62ms @ http://localhost:3000/_next/static/chunks/0stj_next_dist_19zsb-q._.js:776
[ 1632044ms] [LOG] [Fast Refresh] done in 62ms @ http://localhost:3000/_next/static/chunks/0stj_next_dist_19zsb-q._.js:776
[ 1632105ms] [LOG] [Fast Refresh] done in 62ms @ http://localhost:3000/_next/static/chunks/0stj_next_dist_19zsb-q._.js:776
[ 1632168ms] [LOG] [Fast Refresh] done in 62ms @ http://localhost:3000/_next/static/chunks/0stj_next_dist_19zsb-q._.js:776
[ 1632230ms] [LOG] [Fast Refresh] done in 62ms @ http://localhost:3000/_next/static/chunks/0stj_next_dist_19zsb-q._.js:776
[ 1632292ms] [LOG] [Fast Refresh] done in 62ms @ http://localhost:3000/_next/static/chunks/0stj_next_dist_19zsb-q._.js:776
[ 1632355ms] [LOG] [Fast Refresh] done in 62ms @ http://localhost:3000/_next/static/chunks/0stj_next_dist_19zsb-q._.js:776
[ 1632417ms] [LOG] [Fast Refresh] done in 62ms @ http://localhost:3000/_next/static/chunks/0stj_next_dist_19zsb-q._.js:776
[ 1632480ms] [LOG] [Fast Refresh] done in 62ms @ http://localhost:3000/_next/static/chunks/0stj_next_dist_19zsb-q._.js:776
[ 1632542ms] [LOG] [Fast Refresh] done in 62ms @ http://localhost:3000/_next/static/chunks/0stj_next_dist_19zsb-q._.js:776
[ 1632604ms] [LOG] [Fast Refresh] done in 62ms @ http://localhost:3000/_next/static/chunks/0stj_next_dist_19zsb-q._.js:776
[ 1632666ms] [LOG] [Fast Refresh] done in 62ms @ http://localhost:3000/_next/static/chunks/0stj_next_dist_19zsb-q._.js:776
[ 1632730ms] [LOG] [Fast Refresh] done in 62ms @ http://localhost:3000/_next/static/chunks/0stj_next_dist_19zsb-q._.js:776
[ 1632793ms] [LOG] [Fast Refresh] done in 62ms @ http://localhost:3000/_next/static/chunks/0stj_next_dist_19zsb-q._.js:776
[ 1632855ms] [LOG] [Fast Refresh] done in 62ms @ http://localhost:3000/_next/static/chunks/0stj_next_dist_19zsb-q._.js:776
[ 1632916ms] [LOG] [Fast Refresh] done in 62ms @ http://localhost:3000/_next/static/chunks/0stj_next_dist_19zsb-q._.js:776
[ 1632979ms] [LOG] [Fast Refresh] done in 62ms @ http://localhost:3000/_next/static/chunks/0stj_next_dist_19zsb-q._.js:776
[ 1633041ms] [LOG] [Fast Refresh] done in 62ms @ http://localhost:3000/_next/static/chunks/0stj_next_dist_19zsb-q._.js:776
[ 1633104ms] [LOG] [Fast Refresh] done in 62ms @ http://localhost:3000/_next/static/chunks/0stj_next_dist_19zsb-q._.js:776
[ 1633167ms] [LOG] [Fast Refresh] done in 62ms @ http://localhost:3000/_next/static/chunks/0stj_next_dist_19zsb-q._.js:776
[ 1633230ms] [LOG] [Fast Refresh] done in 62ms @ http://localhost:3000/_next/static/chunks/0stj_next_dist_19zsb-q._.js:776
[ 1633292ms] [LOG] [Fast Refresh] done in 62ms @ http://localhost:3000/_next/static/chunks/0stj_next_dist_19zsb-q._.js:776
[ 1633354ms] [LOG] [Fast Refresh] done in 62ms @ http://localhost:3000/_next/static/chunks/0stj_next_dist_19zsb-q._.js:776
[ 1633417ms] [LOG] [Fast Refresh] done in 62ms @ http://localhost:3000/_next/static/chunks/0stj_next_dist_19zsb-q._.js:776
[ 1633480ms] [LOG] [Fast Refresh] done in 62ms @ http://localhost:3000/_next/static/chunks/0stj_next_dist_19zsb-q._.js:776
[ 1633544ms] [LOG] [Fast Refresh] done in 62ms @ http://localhost:3000/_next/static/chunks/0stj_next_dist_19zsb-q._.js:776
[ 1633607ms] [LOG] [Fast Refresh] done in 62ms @ http://localhost:3000/_next/static/chunks/0stj_next_dist_19zsb-q._.js:776
[ 1633669ms] [LOG] [Fast Refresh] done in 62ms @ http://localhost:3000/_next/static/chunks/0stj_next_dist_19zsb-q._.js:776
[ 1633733ms] [LOG] [Fast Refresh] done in 62ms @ http://localhost:3000/_next/static/chunks/0stj_next_dist_19zsb-q._.js:776
[ 1633795ms] [LOG] [Fast Refresh] done in 62ms @ http://localhost:3000/_next/static/chunks/0stj_next_dist_19zsb-q._.js:776
[ 1633859ms] [LOG] [Fast Refresh] done in 62ms @ http://localhost:3000/_next/static/chunks/0stj_next_dist_19zsb-q._.js:776
[ 1633921ms] [LOG] [Fast Refresh] done in 62ms @ http://localhost:3000/_next/static/chunks/0stj_next_dist_19zsb-q._.js:776
[ 1633984ms] [LOG] [Fast Refresh] done in 62ms @ http://localhost:3000/_next/static/chunks/0stj_next_dist_19zsb-q._.js:776
[ 1634049ms] [LOG] [Fast Refresh] done in 62ms @ http://localhost:3000/_next/static/chunks/0stj_next_dist_19zsb-q._.js:776
[ 1634110ms] [LOG] [Fast Refresh] done in 62ms @ http://localhost:3000/_next/static/chunks/0stj_next_dist_19zsb-q._.js:776
[ 1634173ms] [LOG] [Fast Refresh] done in 62ms @ http://localhost:3000/_next/static/chunks/0stj_next_dist_19zsb-q._.js:776
[ 1634236ms] [LOG] [Fast Refresh] done in 62ms @ http://localhost:3000/_next/static/chunks/0stj_next_dist_19zsb-q._.js:776
[ 1634297ms] [LOG] [Fast Refresh] done in 62ms @ http://localhost:3000/_next/static/chunks/0stj_next_dist_19zsb-q._.js:776
[ 1634360ms] [LOG] [Fast Refresh] done in 62ms @ http://localhost:3000/_next/static/chunks/0stj_next_dist_19zsb-q._.js:776
[ 1634424ms] [LOG] [Fast Refresh] done in 62ms @ http://localhost:3000/_next/static/chunks/0stj_next_dist_19zsb-q._.js:776
[ 1634487ms] [LOG] [Fast Refresh] done in 62ms @ http://localhost:3000/_next/static/chunks/0stj_next_dist_19zsb-q._.js:776
[ 1634551ms] [LOG] [Fast Refresh] done in 62ms @ http://localhost:3000/_next/static/chunks/0stj_next_dist_19zsb-q._.js:776
[ 1634613ms] [LOG] [Fast Refresh] done in 62ms @ http://localhost:3000/_next/static/chunks/0stj_next_dist_19zsb-q._.js:776
[ 1634674ms] [LOG] [Fast Refresh] done in 62ms @ http://localhost:3000/_next/static/chunks/0stj_next_dist_19zsb-q._.js:776
[ 1634737ms] [LOG] [Fast Refresh] done in 62ms @ http://localhost:3000/_next/static/chunks/0stj_next_dist_19zsb-q._.js:776
[ 1634800ms] [LOG] [Fast Refresh] done in 62ms @ http://localhost:3000/_next/static/chunks/0stj_next_dist_19zsb-q._.js:776
[ 1634863ms] [LOG] [Fast Refresh] done in 62ms @ http://localhost:3000/_next/static/chunks/0stj_next_dist_19zsb-q._.js:776
[ 1634925ms] [LOG] [Fast Refresh] done in 62ms @ http://localhost:3000/_next/static/chunks/0stj_next_dist_19zsb-q._.js:776
[ 1634988ms] [LOG] [Fast Refresh] done in 62ms @ http://localhost:3000/_next/static/chunks/0stj_next_dist_19zsb-q._.js:776
[ 1635052ms] [LOG] [Fast Refresh] done in 62ms @ http://localhost:3000/_next/static/chunks/0stj_next_dist_19zsb-q._.js:776
[ 1635117ms] [LOG] [Fast Refresh] done in 62ms @ http://localhost:3000/_next/static/chunks/0stj_next_dist_19zsb-q._.js:776
[ 1635178ms] [LOG] [Fast Refresh] done in 62ms @ http://localhost:3000/_next/static/chunks/0stj_next_dist_19zsb-q._.js:776
[ 1635242ms] [LOG] [Fast Refresh] done in 62ms @ http://localhost:3000/_next/static/chunks/0stj_next_dist_19zsb-q._.js:776
[ 1635304ms] [LOG] [Fast Refresh] done in 62ms @ http://localhost:3000/_next/static/chunks/0stj_next_dist_19zsb-q._.js:776
[ 1635366ms] [LOG] [Fast Refresh] done in 62ms @ http://localhost:3000/_next/static/chunks/0stj_next_dist_19zsb-q._.js:776
[ 1635427ms] [LOG] [Fast Refresh] done in 62ms @ http://localhost:3000/_next/static/chunks/0stj_next_dist_19zsb-q._.js:776
[ 1635490ms] [LOG] [Fast Refresh] done in 62ms @ http://localhost:3000/_next/static/chunks/0stj_next_dist_19zsb-q._.js:776
[ 1635552ms] [LOG] [Fast Refresh] done in 62ms @ http://localhost:3000/_next/static/chunks/0stj_next_dist_19zsb-q._.js:776
[ 1635616ms] [LOG] [Fast Refresh] done in 62ms @ http://localhost:3000/_next/static/chunks/0stj_next_dist_19zsb-q._.js:776
[ 1635678ms] [LOG] [Fast Refresh] done in 62ms @ http://localhost:3000/_next/static/chunks/0stj_next_dist_19zsb-q._.js:776
[ 1635739ms] [LOG] [Fast Refresh] done in 62ms @ http://localhost:3000/_next/static/chunks/0stj_next_dist_19zsb-q._.js:776
[ 1635802ms] [LOG] [Fast Refresh] done in 62ms @ http://localhost:3000/_next/static/chunks/0stj_next_dist_19zsb-q._.js:776
[ 1635865ms] [LOG] [Fast Refresh] done in 62ms @ http://localhost:3000/_next/static/chunks/0stj_next_dist_19zsb-q._.js:776
[ 1635925ms] [LOG] [Fast Refresh] done in 62ms @ http://localhost:3000/_next/static/chunks/0stj_next_dist_19zsb-q._.js:776
[ 1635988ms] [LOG] [Fast Refresh] done in 62ms @ http://localhost:3000/_next/static/chunks/0stj_next_dist_19zsb-q._.js:776
[ 1636051ms] [LOG] [Fast Refresh] done in 62ms @ http://localhost:3000/_next/static/chunks/0stj_next_dist_19zsb-q._.js:776
[ 1636115ms] [LOG] [Fast Refresh] done in 62ms @ http://localhost:3000/_next/static/chunks/0stj_next_dist_19zsb-q._.js:776
[ 1636177ms] [LOG] [Fast Refresh] done in 62ms @ http://localhost:3000/_next/static/chunks/0stj_next_dist_19zsb-q._.js:776
[ 1636239ms] [LOG] [Fast Refresh] done in 62ms @ http://localhost:3000/_next/static/chunks/0stj_next_dist_19zsb-q._.js:776
[ 1636302ms] [LOG] [Fast Refresh] done in 62ms @ http://localhost:3000/_next/static/chunks/0stj_next_dist_19zsb-q._.js:776
[ 1636364ms] [LOG] [Fast Refresh] done in 62ms @ http://localhost:3000/_next/static/chunks/0stj_next_dist_19zsb-q._.js:776
[ 1636426ms] [LOG] [Fast Refresh] done in 62ms @ http://localhost:3000/_next/static/chunks/0stj_next_dist_19zsb-q._.js:776
[ 1636488ms] [LOG] [Fast Refresh] done in 62ms @ http://localhost:3000/_next/static/chunks/0stj_next_dist_19zsb-q._.js:776
[ 1636551ms] [LOG] [Fast Refresh] done in 62ms @ http://localhost:3000/_next/static/chunks/0stj_next_dist_19zsb-q._.js:776
[ 1636612ms] [LOG] [Fast Refresh] done in 62ms @ http://localhost:3000/_next/static/chunks/0stj_next_dist_19zsb-q._.js:776
[ 1636675ms] [LOG] [Fast Refresh] done in 62ms @ http://localhost:3000/_next/static/chunks/0stj_next_dist_19zsb-q._.js:776
[ 1636738ms] [LOG] [Fast Refresh] done in 62ms @ http://localhost:3000/_next/static/chunks/0stj_next_dist_19zsb-q._.js:776
[ 1636800ms] [LOG] [Fast Refresh] done in 62ms @ http://localhost:3000/_next/static/chunks/0stj_next_dist_19zsb-q._.js:776
[ 1636862ms] [LOG] [Fast Refresh] done in 62ms @ http://localhost:3000/_next/static/chunks/0stj_next_dist_19zsb-q._.js:776
[ 1636923ms] [LOG] [Fast Refresh] done in 62ms @ http://localhost:3000/_next/static/chunks/0stj_next_dist_19zsb-q._.js:776
[ 1636985ms] [LOG] [Fast Refresh] done in 62ms @ http://localhost:3000/_next/static/chunks/0stj_next_dist_19zsb-q._.js:776
[ 1637047ms] [LOG] [Fast Refresh] done in 62ms @ http://localhost:3000/_next/static/chunks/0stj_next_dist_19zsb-q._.js:776
[ 1637109ms] [LOG] [Fast Refresh] done in 62ms @ http://localhost:3000/_next/static/chunks/0stj_next_dist_19zsb-q._.js:776
[ 1637171ms] [LOG] [Fast Refresh] done in 62ms @ http://localhost:3000/_next/static/chunks/0stj_next_dist_19zsb-q._.js:776
[ 1637235ms] [LOG] [Fast Refresh] done in 62ms @ http://localhost:3000/_next/static/chunks/0stj_next_dist_19zsb-q._.js:776
[ 1637296ms] [LOG] [Fast Refresh] done in 62ms @ http://localhost:3000/_next/static/chunks/0stj_next_dist_19zsb-q._.js:776
[ 1637360ms] [LOG] [Fast Refresh] done in 62ms @ http://localhost:3000/_next/static/chunks/0stj_next_dist_19zsb-q._.js:776
[ 1637423ms] [LOG] [Fast Refresh] done in 62ms @ http://localhost:3000/_next/static/chunks/0stj_next_dist_19zsb-q._.js:776
[ 1637486ms] [LOG] [Fast Refresh] done in 62ms @ http://localhost:3000/_next/static/chunks/0stj_next_dist_19zsb-q._.js:776
[ 1637548ms] [LOG] [Fast Refresh] done in 62ms @ http://localhost:3000/_next/static/chunks/0stj_next_dist_19zsb-q._.js:776
[ 1637611ms] [LOG] [Fast Refresh] done in 62ms @ http://localhost:3000/_next/static/chunks/0stj_next_dist_19zsb-q._.js:776
[ 1637671ms] [LOG] [Fast Refresh] done in 62ms @ http://localhost:3000/_next/static/chunks/0stj_next_dist_19zsb-q._.js:776
[ 1637733ms] [LOG] [Fast Refresh] done in 62ms @ http://localhost:3000/_next/static/chunks/0stj_next_dist_19zsb-q._.js:776
[ 1637793ms] [LOG] [Fast Refresh] done in 62ms @ http://localhost:3000/_next/static/chunks/0stj_next_dist_19zsb-q._.js:776
[ 1637856ms] [LOG] [Fast Refresh] done in 62ms @ http://localhost:3000/_next/static/chunks/0stj_next_dist_19zsb-q._.js:776
[ 1637917ms] [LOG] [Fast Refresh] done in 62ms @ http://localhost:3000/_next/static/chunks/0stj_next_dist_19zsb-q._.js:776
[ 1637979ms] [LOG] [Fast Refresh] done in 62ms @ http://localhost:3000/_next/static/chunks/0stj_next_dist_19zsb-q._.js:776
[ 1638041ms] [LOG] [Fast Refresh] done in 62ms @ http://localhost:3000/_next/static/chunks/0stj_next_dist_19zsb-q._.js:776
[ 1638103ms] [LOG] [Fast Refresh] done in 62ms @ http://localhost:3000/_next/static/chunks/0stj_next_dist_19zsb-q._.js:776
[ 1638165ms] [LOG] [Fast Refresh] done in 62ms @ http://localhost:3000/_next/static/chunks/0stj_next_dist_19zsb-q._.js:776
[ 1638226ms] [LOG] [Fast Refresh] done in 62ms @ http://localhost:3000/_next/static/chunks/0stj_next_dist_19zsb-q._.js:776
[ 1638289ms] [LOG] [Fast Refresh] done in 62ms @ http://localhost:3000/_next/static/chunks/0stj_next_dist_19zsb-q._.js:776
[ 1638352ms] [LOG] [Fast Refresh] done in 62ms @ http://localhost:3000/_next/static/chunks/0stj_next_dist_19zsb-q._.js:776
[ 1638414ms] [LOG] [Fast Refresh] done in 62ms @ http://localhost:3000/_next/static/chunks/0stj_next_dist_19zsb-q._.js:776
[ 1638475ms] [LOG] [Fast Refresh] done in 62ms @ http://localhost:3000/_next/static/chunks/0stj_next_dist_19zsb-q._.js:776
[ 1638538ms] [LOG] [Fast Refresh] done in 62ms @ http://localhost:3000/_next/static/chunks/0stj_next_dist_19zsb-q._.js:776
[ 1638600ms] [LOG] [Fast Refresh] done in 62ms @ http://localhost:3000/_next/static/chunks/0stj_next_dist_19zsb-q._.js:776
[ 1638664ms] [LOG] [Fast Refresh] done in 62ms @ http://localhost:3000/_next/static/chunks/0stj_next_dist_19zsb-q._.js:776
[ 1638726ms] [LOG] [Fast Refresh] done in 62ms @ http://localhost:3000/_next/static/chunks/0stj_next_dist_19zsb-q._.js:776
[ 1638788ms] [LOG] [Fast Refresh] done in 62ms @ http://localhost:3000/_next/static/chunks/0stj_next_dist_19zsb-q._.js:776
[ 1638852ms] [LOG] [Fast Refresh] done in 62ms @ http://localhost:3000/_next/static/chunks/0stj_next_dist_19zsb-q._.js:776
[ 1638913ms] [LOG] [Fast Refresh] done in 62ms @ http://localhost:3000/_next/static/chunks/0stj_next_dist_19zsb-q._.js:776
[ 1638975ms] [LOG] [Fast Refresh] done in 62ms @ http://localhost:3000/_next/static/chunks/0stj_next_dist_19zsb-q._.js:776
[ 1639037ms] [LOG] [Fast Refresh] done in 62ms @ http://localhost:3000/_next/static/chunks/0stj_next_dist_19zsb-q._.js:776
[ 1639100ms] [LOG] [Fast Refresh] done in 62ms @ http://localhost:3000/_next/static/chunks/0stj_next_dist_19zsb-q._.js:776
[ 1639164ms] [LOG] [Fast Refresh] done in 62ms @ http://localhost:3000/_next/static/chunks/0stj_next_dist_19zsb-q._.js:776
[ 1639226ms] [LOG] [Fast Refresh] done in 62ms @ http://localhost:3000/_next/static/chunks/0stj_next_dist_19zsb-q._.js:776
[ 1639291ms] [LOG] [Fast Refresh] done in 62ms @ http://localhost:3000/_next/static/chunks/0stj_next_dist_19zsb-q._.js:776
[ 1639352ms] [LOG] [Fast Refresh] done in 62ms @ http://localhost:3000/_next/static/chunks/0stj_next_dist_19zsb-q._.js:776
[ 1639414ms] [LOG] [Fast Refresh] done in 62ms @ http://localhost:3000/_next/static/chunks/0stj_next_dist_19zsb-q._.js:776
[ 1639476ms] [LOG] [Fast Refresh] done in 62ms @ http://localhost:3000/_next/static/chunks/0stj_next_dist_19zsb-q._.js:776
[ 1639539ms] [LOG] [Fast Refresh] done in 62ms @ http://localhost:3000/_next/static/chunks/0stj_next_dist_19zsb-q._.js:776
[ 1639603ms] [LOG] [Fast Refresh] done in 62ms @ http://localhost:3000/_next/static/chunks/0stj_next_dist_19zsb-q._.js:776
[ 1639665ms] [LOG] [Fast Refresh] done in 62ms @ http://localhost:3000/_next/static/chunks/0stj_next_dist_19zsb-q._.js:776
[ 1639727ms] [LOG] [Fast Refresh] done in 62ms @ http://localhost:3000/_next/static/chunks/0stj_next_dist_19zsb-q._.js:776
[ 1639790ms] [LOG] [Fast Refresh] done in 62ms @ http://localhost:3000/_next/static/chunks/0stj_next_dist_19zsb-q._.js:776
[ 1639852ms] [LOG] [Fast Refresh] done in 62ms @ http://localhost:3000/_next/static/chunks/0stj_next_dist_19zsb-q._.js:776
[ 1639915ms] [LOG] [Fast Refresh] done in 62ms @ http://localhost:3000/_next/static/chunks/0stj_next_dist_19zsb-q._.js:776
[ 1639977ms] [LOG] [Fast Refresh] done in 62ms @ http://localhost:3000/_next/static/chunks/0stj_next_dist_19zsb-q._.js:776
[ 1640040ms] [LOG] [Fast Refresh] done in 62ms @ http://localhost:3000/_next/static/chunks/0stj_next_dist_19zsb-q._.js:776
[ 1640103ms] [LOG] [Fast Refresh] done in 62ms @ http://localhost:3000/_next/static/chunks/0stj_next_dist_19zsb-q._.js:776
[ 1640165ms] [LOG] [Fast Refresh] done in 62ms @ http://localhost:3000/_next/static/chunks/0stj_next_dist_19zsb-q._.js:776
[ 1640227ms] [LOG] [Fast Refresh] done in 62ms @ http://localhost:3000/_next/static/chunks/0stj_next_dist_19zsb-q._.js:776
[ 1640289ms] [LOG] [Fast Refresh] done in 62ms @ http://localhost:3000/_next/static/chunks/0stj_next_dist_19zsb-q._.js:776
[ 1640352ms] [LOG] [Fast Refresh] done in 62ms @ http://localhost:3000/_next/static/chunks/0stj_next_dist_19zsb-q._.js:776
[ 1640415ms] [LOG] [Fast Refresh] done in 62ms @ http://localhost:3000/_next/static/chunks/0stj_next_dist_19zsb-q._.js:776
[ 1640478ms] [LOG] [Fast Refresh] done in 62ms @ http://localhost:3000/_next/static/chunks/0stj_next_dist_19zsb-q._.js:776
[ 1640539ms] [LOG] [Fast Refresh] done in 62ms @ http://localhost:3000/_next/static/chunks/0stj_next_dist_19zsb-q._.js:776
[ 1640604ms] [LOG] [Fast Refresh] done in 62ms @ http://localhost:3000/_next/static/chunks/0stj_next_dist_19zsb-q._.js:776
[ 1640666ms] [LOG] [Fast Refresh] done in 62ms @ http://localhost:3000/_next/static/chunks/0stj_next_dist_19zsb-q._.js:776
[ 1640730ms] [LOG] [Fast Refresh] done in 62ms @ http://localhost:3000/_next/static/chunks/0stj_next_dist_19zsb-q._.js:776
[ 1640794ms] [LOG] [Fast Refresh] done in 62ms @ http://localhost:3000/_next/static/chunks/0stj_next_dist_19zsb-q._.js:776
[ 1640856ms] [LOG] [Fast Refresh] done in 62ms @ http://localhost:3000/_next/static/chunks/0stj_next_dist_19zsb-q._.js:776
[ 1640918ms] [LOG] [Fast Refresh] done in 62ms @ http://localhost:3000/_next/static/chunks/0stj_next_dist_19zsb-q._.js:776
[ 1640981ms] [LOG] [Fast Refresh] done in 62ms @ http://localhost:3000/_next/static/chunks/0stj_next_dist_19zsb-q._.js:776
[ 1641044ms] [LOG] [Fast Refresh] done in 62ms @ http://localhost:3000/_next/static/chunks/0stj_next_dist_19zsb-q._.js:776
[ 1641106ms] [LOG] [Fast Refresh] done in 62ms @ http://localhost:3000/_next/static/chunks/0stj_next_dist_19zsb-q._.js:776
[ 1641168ms] [LOG] [Fast Refresh] done in 62ms @ http://localhost:3000/_next/static/chunks/0stj_next_dist_19zsb-q._.js:776
[ 1641230ms] [LOG] [Fast Refresh] done in 62ms @ http://localhost:3000/_next/static/chunks/0stj_next_dist_19zsb-q._.js:776
[ 1641294ms] [LOG] [Fast Refresh] done in 62ms @ http://localhost:3000/_next/static/chunks/0stj_next_dist_19zsb-q._.js:776
[ 1641356ms] [LOG] [Fast Refresh] done in 62ms @ http://localhost:3000/_next/static/chunks/0stj_next_dist_19zsb-q._.js:776
[ 1641419ms] [LOG] [Fast Refresh] done in 62ms @ http://localhost:3000/_next/static/chunks/0stj_next_dist_19zsb-q._.js:776
[ 1641480ms] [LOG] [Fast Refresh] done in 62ms @ http://localhost:3000/_next/static/chunks/0stj_next_dist_19zsb-q._.js:776
[ 1641543ms] [LOG] [Fast Refresh] done in 62ms @ http://localhost:3000/_next/static/chunks/0stj_next_dist_19zsb-q._.js:776
[ 1641605ms] [LOG] [Fast Refresh] done in 62ms @ http://localhost:3000/_next/static/chunks/0stj_next_dist_19zsb-q._.js:776
[ 1641667ms] [LOG] [Fast Refresh] done in 62ms @ http://localhost:3000/_next/static/chunks/0stj_next_dist_19zsb-q._.js:776
[ 1641729ms] [LOG] [Fast Refresh] done in 62ms @ http://localhost:3000/_next/static/chunks/0stj_next_dist_19zsb-q._.js:776
[ 1641792ms] [LOG] [Fast Refresh] done in 62ms @ http://localhost:3000/_next/static/chunks/0stj_next_dist_19zsb-q._.js:776
[ 1641854ms] [LOG] [Fast Refresh] done in 62ms @ http://localhost:3000/_next/static/chunks/0stj_next_dist_19zsb-q._.js:776
[ 1641916ms] [LOG] [Fast Refresh] done in 62ms @ http://localhost:3000/_next/static/chunks/0stj_next_dist_19zsb-q._.js:776
[ 1641979ms] [LOG] [Fast Refresh] done in 62ms @ http://localhost:3000/_next/static/chunks/0stj_next_dist_19zsb-q._.js:776
[ 1642042ms] [LOG] [Fast Refresh] done in 62ms @ http://localhost:3000/_next/static/chunks/0stj_next_dist_19zsb-q._.js:776
[ 1642104ms] [LOG] [Fast Refresh] done in 62ms @ http://localhost:3000/_next/static/chunks/0stj_next_dist_19zsb-q._.js:776
[ 1642166ms] [LOG] [Fast Refresh] done in 62ms @ http://localhost:3000/_next/static/chunks/0stj_next_dist_19zsb-q._.js:776
[ 1642229ms] [LOG] [Fast Refresh] done in 62ms @ http://localhost:3000/_next/static/chunks/0stj_next_dist_19zsb-q._.js:776
[ 1642291ms] [LOG] [Fast Refresh] done in 62ms @ http://localhost:3000/_next/static/chunks/0stj_next_dist_19zsb-q._.js:776
[ 1642353ms] [LOG] [Fast Refresh] done in 62ms @ http://localhost:3000/_next/static/chunks/0stj_next_dist_19zsb-q._.js:776
[ 1642415ms] [LOG] [Fast Refresh] done in 62ms @ http://localhost:3000/_next/static/chunks/0stj_next_dist_19zsb-q._.js:776
[ 1642477ms] [LOG] [Fast Refresh] done in 62ms @ http://localhost:3000/_next/static/chunks/0stj_next_dist_19zsb-q._.js:776
[ 1642540ms] [LOG] [Fast Refresh] done in 62ms @ http://localhost:3000/_next/static/chunks/0stj_next_dist_19zsb-q._.js:776
[ 1642604ms] [LOG] [Fast Refresh] done in 62ms @ http://localhost:3000/_next/static/chunks/0stj_next_dist_19zsb-q._.js:776
[ 1642667ms] [LOG] [Fast Refresh] done in 62ms @ http://localhost:3000/_next/static/chunks/0stj_next_dist_19zsb-q._.js:776
[ 1642731ms] [LOG] [Fast Refresh] done in 62ms @ http://localhost:3000/_next/static/chunks/0stj_next_dist_19zsb-q._.js:776
[ 1642793ms] [LOG] [Fast Refresh] done in 62ms @ http://localhost:3000/_next/static/chunks/0stj_next_dist_19zsb-q._.js:776
[ 1642855ms] [LOG] [Fast Refresh] done in 62ms @ http://localhost:3000/_next/static/chunks/0stj_next_dist_19zsb-q._.js:776
[ 1642916ms] [LOG] [Fast Refresh] done in 62ms @ http://localhost:3000/_next/static/chunks/0stj_next_dist_19zsb-q._.js:776
[ 1642979ms] [LOG] [Fast Refresh] done in 62ms @ http://localhost:3000/_next/static/chunks/0stj_next_dist_19zsb-q._.js:776
[ 1643042ms] [LOG] [Fast Refresh] done in 62ms @ http://localhost:3000/_next/static/chunks/0stj_next_dist_19zsb-q._.js:776
[ 1643106ms] [LOG] [Fast Refresh] done in 62ms @ http://localhost:3000/_next/static/chunks/0stj_next_dist_19zsb-q._.js:776
[ 1643168ms] [LOG] [Fast Refresh] done in 62ms @ http://localhost:3000/_next/static/chunks/0stj_next_dist_19zsb-q._.js:776
[ 1643230ms] [LOG] [Fast Refresh] done in 62ms @ http://localhost:3000/_next/static/chunks/0stj_next_dist_19zsb-q._.js:776
[ 1643293ms] [LOG] [Fast Refresh] done in 62ms @ http://localhost:3000/_next/static/chunks/0stj_next_dist_19zsb-q._.js:776
[ 1643355ms] [LOG] [Fast Refresh] done in 62ms @ http://localhost:3000/_next/static/chunks/0stj_next_dist_19zsb-q._.js:776
[ 1643417ms] [LOG] [Fast Refresh] done in 62ms @ http://localhost:3000/_next/static/chunks/0stj_next_dist_19zsb-q._.js:776
[ 1643481ms] [LOG] [Fast Refresh] done in 62ms @ http://localhost:3000/_next/static/chunks/0stj_next_dist_19zsb-q._.js:776
[ 1643544ms] [LOG] [Fast Refresh] done in 62ms @ http://localhost:3000/_next/static/chunks/0stj_next_dist_19zsb-q._.js:776
[ 1643607ms] [LOG] [Fast Refresh] done in 62ms @ http://localhost:3000/_next/static/chunks/0stj_next_dist_19zsb-q._.js:776
[ 1643669ms] [LOG] [Fast Refresh] done in 62ms @ http://localhost:3000/_next/static/chunks/0stj_next_dist_19zsb-q._.js:776
[ 1643731ms] [LOG] [Fast Refresh] done in 62ms @ http://localhost:3000/_next/static/chunks/0stj_next_dist_19zsb-q._.js:776
[ 1643793ms] [LOG] [Fast Refresh] done in 62ms @ http://localhost:3000/_next/static/chunks/0stj_next_dist_19zsb-q._.js:776
[ 1643855ms] [LOG] [Fast Refresh] done in 62ms @ http://localhost:3000/_next/static/chunks/0stj_next_dist_19zsb-q._.js:776
[ 1643918ms] [LOG] [Fast Refresh] done in 62ms @ http://localhost:3000/_next/static/chunks/0stj_next_dist_19zsb-q._.js:776
[ 1643980ms] [LOG] [Fast Refresh] done in 62ms @ http://localhost:3000/_next/static/chunks/0stj_next_dist_19zsb-q._.js:776
[ 1644041ms] [LOG] [Fast Refresh] done in 62ms @ http://localhost:3000/_next/static/chunks/0stj_next_dist_19zsb-q._.js:776
[ 1644104ms] [LOG] [Fast Refresh] done in 62ms @ http://localhost:3000/_next/static/chunks/0stj_next_dist_19zsb-q._.js:776
[ 1644167ms] [LOG] [Fast Refresh] done in 62ms @ http://localhost:3000/_next/static/chunks/0stj_next_dist_19zsb-q._.js:776
[ 1644230ms] [LOG] [Fast Refresh] done in 62ms @ http://localhost:3000/_next/static/chunks/0stj_next_dist_19zsb-q._.js:776
[ 1644292ms] [LOG] [Fast Refresh] done in 62ms @ http://localhost:3000/_next/static/chunks/0stj_next_dist_19zsb-q._.js:776
[ 1644354ms] [LOG] [Fast Refresh] done in 62ms @ http://localhost:3000/_next/static/chunks/0stj_next_dist_19zsb-q._.js:776
[ 1644417ms] [LOG] [Fast Refresh] done in 62ms @ http://localhost:3000/_next/static/chunks/0stj_next_dist_19zsb-q._.js:776
[ 1644480ms] [LOG] [Fast Refresh] done in 62ms @ http://localhost:3000/_next/static/chunks/0stj_next_dist_19zsb-q._.js:776
[ 1644543ms] [LOG] [Fast Refresh] done in 62ms @ http://localhost:3000/_next/static/chunks/0stj_next_dist_19zsb-q._.js:776
[ 1644605ms] [LOG] [Fast Refresh] done in 62ms @ http://localhost:3000/_next/static/chunks/0stj_next_dist_19zsb-q._.js:776
[ 1644667ms] [LOG] [Fast Refresh] done in 62ms @ http://localhost:3000/_next/static/chunks/0stj_next_dist_19zsb-q._.js:776
[ 1644730ms] [LOG] [Fast Refresh] done in 62ms @ http://localhost:3000/_next/static/chunks/0stj_next_dist_19zsb-q._.js:776
[ 1644793ms] [LOG] [Fast Refresh] done in 62ms @ http://localhost:3000/_next/static/chunks/0stj_next_dist_19zsb-q._.js:776
[ 1644855ms] [LOG] [Fast Refresh] done in 62ms @ http://localhost:3000/_next/static/chunks/0stj_next_dist_19zsb-q._.js:776
[ 1644917ms] [LOG] [Fast Refresh] done in 62ms @ http://localhost:3000/_next/static/chunks/0stj_next_dist_19zsb-q._.js:776
[ 1644980ms] [LOG] [Fast Refresh] done in 62ms @ http://localhost:3000/_next/static/chunks/0stj_next_dist_19zsb-q._.js:776
[ 1645041ms] [LOG] [Fast Refresh] done in 62ms @ http://localhost:3000/_next/static/chunks/0stj_next_dist_19zsb-q._.js:776
[ 1645104ms] [LOG] [Fast Refresh] done in 62ms @ http://localhost:3000/_next/static/chunks/0stj_next_dist_19zsb-q._.js:776
[ 1645166ms] [LOG] [Fast Refresh] done in 62ms @ http://localhost:3000/_next/static/chunks/0stj_next_dist_19zsb-q._.js:776
[ 1645230ms] [LOG] [Fast Refresh] done in 62ms @ http://localhost:3000/_next/static/chunks/0stj_next_dist_19zsb-q._.js:776
[ 1645291ms] [LOG] [Fast Refresh] done in 62ms @ http://localhost:3000/_next/static/chunks/0stj_next_dist_19zsb-q._.js:776
[ 1645354ms] [LOG] [Fast Refresh] done in 62ms @ http://localhost:3000/_next/static/chunks/0stj_next_dist_19zsb-q._.js:776
[ 1645417ms] [LOG] [Fast Refresh] done in 62ms @ http://localhost:3000/_next/static/chunks/0stj_next_dist_19zsb-q._.js:776
[ 1645480ms] [LOG] [Fast Refresh] done in 62ms @ http://localhost:3000/_next/static/chunks/0stj_next_dist_19zsb-q._.js:776
[ 1645543ms] [LOG] [Fast Refresh] done in 62ms @ http://localhost:3000/_next/static/chunks/0stj_next_dist_19zsb-q._.js:776
[ 1645605ms] [LOG] [Fast Refresh] done in 62ms @ http://localhost:3000/_next/static/chunks/0stj_next_dist_19zsb-q._.js:776
[ 1645666ms] [LOG] [Fast Refresh] done in 62ms @ http://localhost:3000/_next/static/chunks/0stj_next_dist_19zsb-q._.js:776
[ 1645730ms] [LOG] [Fast Refresh] done in 62ms @ http://localhost:3000/_next/static/chunks/0stj_next_dist_19zsb-q._.js:776
[ 1645791ms] [LOG] [Fast Refresh] done in 62ms @ http://localhost:3000/_next/static/chunks/0stj_next_dist_19zsb-q._.js:776
[ 1645853ms] [LOG] [Fast Refresh] done in 62ms @ http://localhost:3000/_next/static/chunks/0stj_next_dist_19zsb-q._.js:776
[ 1645916ms] [LOG] [Fast Refresh] done in 62ms @ http://localhost:3000/_next/static/chunks/0stj_next_dist_19zsb-q._.js:776
[ 1645974ms] [LOG] [Fast Refresh] done in 62ms @ http://localhost:3000/_next/static/chunks/0stj_next_dist_19zsb-q._.js:776
[ 1646038ms] [LOG] [Fast Refresh] done in 62ms @ http://localhost:3000/_next/static/chunks/0stj_next_dist_19zsb-q._.js:776
[ 1646099ms] [LOG] [Fast Refresh] done in 62ms @ http://localhost:3000/_next/static/chunks/0stj_next_dist_19zsb-q._.js:776
[ 1646163ms] [LOG] [Fast Refresh] done in 62ms @ http://localhost:3000/_next/static/chunks/0stj_next_dist_19zsb-q._.js:776
[ 1646226ms] [LOG] [Fast Refresh] done in 62ms @ http://localhost:3000/_next/static/chunks/0stj_next_dist_19zsb-q._.js:776
[ 1646289ms] [LOG] [Fast Refresh] done in 62ms @ http://localhost:3000/_next/static/chunks/0stj_next_dist_19zsb-q._.js:776
[ 1646352ms] [LOG] [Fast Refresh] done in 62ms @ http://localhost:3000/_next/static/chunks/0stj_next_dist_19zsb-q._.js:776
[ 1646415ms] [LOG] [Fast Refresh] done in 62ms @ http://localhost:3000/_next/static/chunks/0stj_next_dist_19zsb-q._.js:776
[ 1646478ms] [LOG] [Fast Refresh] done in 62ms @ http://localhost:3000/_next/static/chunks/0stj_next_dist_19zsb-q._.js:776
[ 1646540ms] [LOG] [Fast Refresh] done in 62ms @ http://localhost:3000/_next/static/chunks/0stj_next_dist_19zsb-q._.js:776
[ 1646602ms] [LOG] [Fast Refresh] done in 62ms @ http://localhost:3000/_next/static/chunks/0stj_next_dist_19zsb-q._.js:776
[ 1646665ms] [LOG] [Fast Refresh] done in 62ms @ http://localhost:3000/_next/static/chunks/0stj_next_dist_19zsb-q._.js:776
[ 1646727ms] [LOG] [Fast Refresh] done in 62ms @ http://localhost:3000/_next/static/chunks/0stj_next_dist_19zsb-q._.js:776
[ 1646788ms] [LOG] [Fast Refresh] done in 62ms @ http://localhost:3000/_next/static/chunks/0stj_next_dist_19zsb-q._.js:776
[ 1646851ms] [LOG] [Fast Refresh] done in 62ms @ http://localhost:3000/_next/static/chunks/0stj_next_dist_19zsb-q._.js:776
[ 1646914ms] [LOG] [Fast Refresh] done in 62ms @ http://localhost:3000/_next/static/chunks/0stj_next_dist_19zsb-q._.js:776
[ 1646976ms] [LOG] [Fast Refresh] done in 62ms @ http://localhost:3000/_next/static/chunks/0stj_next_dist_19zsb-q._.js:776
[ 1647036ms] [LOG] [Fast Refresh] done in 62ms @ http://localhost:3000/_next/static/chunks/0stj_next_dist_19zsb-q._.js:776
[ 1647097ms] [LOG] [Fast Refresh] done in 62ms @ http://localhost:3000/_next/static/chunks/0stj_next_dist_19zsb-q._.js:776
[ 1647161ms] [LOG] [Fast Refresh] done in 62ms @ http://localhost:3000/_next/static/chunks/0stj_next_dist_19zsb-q._.js:776
[ 1647222ms] [LOG] [Fast Refresh] done in 62ms @ http://localhost:3000/_next/static/chunks/0stj_next_dist_19zsb-q._.js:776
[ 1647284ms] [LOG] [Fast Refresh] done in 62ms @ http://localhost:3000/_next/static/chunks/0stj_next_dist_19zsb-q._.js:776
[ 1647347ms] [LOG] [Fast Refresh] done in 62ms @ http://localhost:3000/_next/static/chunks/0stj_next_dist_19zsb-q._.js:776
[ 1647410ms] [LOG] [Fast Refresh] done in 62ms @ http://localhost:3000/_next/static/chunks/0stj_next_dist_19zsb-q._.js:776
[ 1647470ms] [LOG] [Fast Refresh] done in 62ms @ http://localhost:3000/_next/static/chunks/0stj_next_dist_19zsb-q._.js:776
[ 1647532ms] [LOG] [Fast Refresh] done in 62ms @ http://localhost:3000/_next/static/chunks/0stj_next_dist_19zsb-q._.js:776
[ 1647595ms] [LOG] [Fast Refresh] done in 62ms @ http://localhost:3000/_next/static/chunks/0stj_next_dist_19zsb-q._.js:776
[ 1647656ms] [LOG] [Fast Refresh] done in 62ms @ http://localhost:3000/_next/static/chunks/0stj_next_dist_19zsb-q._.js:776
[ 1647720ms] [LOG] [Fast Refresh] done in 62ms @ http://localhost:3000/_next/static/chunks/0stj_next_dist_19zsb-q._.js:776
[ 1647781ms] [LOG] [Fast Refresh] done in 62ms @ http://localhost:3000/_next/static/chunks/0stj_next_dist_19zsb-q._.js:776
[ 1647844ms] [LOG] [Fast Refresh] done in 62ms @ http://localhost:3000/_next/static/chunks/0stj_next_dist_19zsb-q._.js:776
[ 1647907ms] [LOG] [Fast Refresh] done in 62ms @ http://localhost:3000/_next/static/chunks/0stj_next_dist_19zsb-q._.js:776
[ 1647968ms] [LOG] [Fast Refresh] done in 62ms @ http://localhost:3000/_next/static/chunks/0stj_next_dist_19zsb-q._.js:776
[ 1648030ms] [LOG] [Fast Refresh] done in 62ms @ http://localhost:3000/_next/static/chunks/0stj_next_dist_19zsb-q._.js:776
[ 1648092ms] [LOG] [Fast Refresh] done in 62ms @ http://localhost:3000/_next/static/chunks/0stj_next_dist_19zsb-q._.js:776
[ 1648154ms] [LOG] [Fast Refresh] done in 62ms @ http://localhost:3000/_next/static/chunks/0stj_next_dist_19zsb-q._.js:776
[ 1648217ms] [LOG] [Fast Refresh] done in 62ms @ http://localhost:3000/_next/static/chunks/0stj_next_dist_19zsb-q._.js:776
[ 1648280ms] [LOG] [Fast Refresh] done in 62ms @ http://localhost:3000/_next/static/chunks/0stj_next_dist_19zsb-q._.js:776
[ 1648343ms] [LOG] [Fast Refresh] done in 62ms @ http://localhost:3000/_next/static/chunks/0stj_next_dist_19zsb-q._.js:776
[ 1648405ms] [LOG] [Fast Refresh] done in 62ms @ http://localhost:3000/_next/static/chunks/0stj_next_dist_19zsb-q._.js:776
[ 1648467ms] [LOG] [Fast Refresh] done in 62ms @ http://localhost:3000/_next/static/chunks/0stj_next_dist_19zsb-q._.js:776
[ 1648531ms] [LOG] [Fast Refresh] done in 62ms @ http://localhost:3000/_next/static/chunks/0stj_next_dist_19zsb-q._.js:776
[ 1648594ms] [LOG] [Fast Refresh] done in 62ms @ http://localhost:3000/_next/static/chunks/0stj_next_dist_19zsb-q._.js:776
[ 1648656ms] [LOG] [Fast Refresh] done in 62ms @ http://localhost:3000/_next/static/chunks/0stj_next_dist_19zsb-q._.js:776
[ 1648718ms] [LOG] [Fast Refresh] done in 62ms @ http://localhost:3000/_next/static/chunks/0stj_next_dist_19zsb-q._.js:776
[ 1648782ms] [LOG] [Fast Refresh] done in 62ms @ http://localhost:3000/_next/static/chunks/0stj_next_dist_19zsb-q._.js:776
[ 1648844ms] [LOG] [Fast Refresh] done in 62ms @ http://localhost:3000/_next/static/chunks/0stj_next_dist_19zsb-q._.js:776
[ 1648907ms] [LOG] [Fast Refresh] done in 62ms @ http://localhost:3000/_next/static/chunks/0stj_next_dist_19zsb-q._.js:776
[ 1648970ms] [LOG] [Fast Refresh] done in 62ms @ http://localhost:3000/_next/static/chunks/0stj_next_dist_19zsb-q._.js:776
[ 1649032ms] [LOG] [Fast Refresh] done in 62ms @ http://localhost:3000/_next/static/chunks/0stj_next_dist_19zsb-q._.js:776
[ 1649096ms] [LOG] [Fast Refresh] done in 62ms @ http://localhost:3000/_next/static/chunks/0stj_next_dist_19zsb-q._.js:776
[ 1649158ms] [LOG] [Fast Refresh] done in 62ms @ http://localhost:3000/_next/static/chunks/0stj_next_dist_19zsb-q._.js:776
[ 1649222ms] [LOG] [Fast Refresh] done in 62ms @ http://localhost:3000/_next/static/chunks/0stj_next_dist_19zsb-q._.js:776
[ 1649284ms] [LOG] [Fast Refresh] done in 62ms @ http://localhost:3000/_next/static/chunks/0stj_next_dist_19zsb-q._.js:776
[ 1649347ms] [LOG] [Fast Refresh] done in 62ms @ http://localhost:3000/_next/static/chunks/0stj_next_dist_19zsb-q._.js:776
[ 1649408ms] [LOG] [Fast Refresh] done in 62ms @ http://localhost:3000/_next/static/chunks/0stj_next_dist_19zsb-q._.js:776
[ 1649470ms] [LOG] [Fast Refresh] done in 62ms @ http://localhost:3000/_next/static/chunks/0stj_next_dist_19zsb-q._.js:776
[ 1649533ms] [LOG] [Fast Refresh] done in 62ms @ http://localhost:3000/_next/static/chunks/0stj_next_dist_19zsb-q._.js:776
[ 1649594ms] [LOG] [Fast Refresh] done in 62ms @ http://localhost:3000/_next/static/chunks/0stj_next_dist_19zsb-q._.js:776
[ 1649657ms] [LOG] [Fast Refresh] done in 62ms @ http://localhost:3000/_next/static/chunks/0stj_next_dist_19zsb-q._.js:776
[ 1649720ms] [LOG] [Fast Refresh] done in 62ms @ http://localhost:3000/_next/static/chunks/0stj_next_dist_19zsb-q._.js:776
[ 1649781ms] [LOG] [Fast Refresh] done in 62ms @ http://localhost:3000/_next/static/chunks/0stj_next_dist_19zsb-q._.js:776
[ 1649844ms] [LOG] [Fast Refresh] done in 62ms @ http://localhost:3000/_next/static/chunks/0stj_next_dist_19zsb-q._.js:776
[ 1649907ms] [LOG] [Fast Refresh] done in 62ms @ http://localhost:3000/_next/static/chunks/0stj_next_dist_19zsb-q._.js:776
[ 1649971ms] [LOG] [Fast Refresh] done in 62ms @ http://localhost:3000/_next/static/chunks/0stj_next_dist_19zsb-q._.js:776
[ 1650032ms] [LOG] [Fast Refresh] done in 62ms @ http://localhost:3000/_next/static/chunks/0stj_next_dist_19zsb-q._.js:776
[ 1650095ms] [LOG] [Fast Refresh] done in 62ms @ http://localhost:3000/_next/static/chunks/0stj_next_dist_19zsb-q._.js:776
[ 1650158ms] [LOG] [Fast Refresh] done in 62ms @ http://localhost:3000/_next/static/chunks/0stj_next_dist_19zsb-q._.js:776
[ 1650221ms] [LOG] [Fast Refresh] done in 62ms @ http://localhost:3000/_next/static/chunks/0stj_next_dist_19zsb-q._.js:776
[ 1650284ms] [LOG] [Fast Refresh] done in 62ms @ http://localhost:3000/_next/static/chunks/0stj_next_dist_19zsb-q._.js:776
[ 1650346ms] [LOG] [Fast Refresh] done in 62ms @ http://localhost:3000/_next/static/chunks/0stj_next_dist_19zsb-q._.js:776
[ 1650410ms] [LOG] [Fast Refresh] done in 62ms @ http://localhost:3000/_next/static/chunks/0stj_next_dist_19zsb-q._.js:776
[ 1650473ms] [LOG] [Fast Refresh] done in 62ms @ http://localhost:3000/_next/static/chunks/0stj_next_dist_19zsb-q._.js:776
[ 1650536ms] [LOG] [Fast Refresh] done in 62ms @ http://localhost:3000/_next/static/chunks/0stj_next_dist_19zsb-q._.js:776
[ 1650598ms] [LOG] [Fast Refresh] done in 62ms @ http://localhost:3000/_next/static/chunks/0stj_next_dist_19zsb-q._.js:776
[ 1650660ms] [LOG] [Fast Refresh] done in 62ms @ http://localhost:3000/_next/static/chunks/0stj_next_dist_19zsb-q._.js:776
[ 1650724ms] [LOG] [Fast Refresh] done in 62ms @ http://localhost:3000/_next/static/chunks/0stj_next_dist_19zsb-q._.js:776
[ 1650788ms] [LOG] [Fast Refresh] done in 62ms @ http://localhost:3000/_next/static/chunks/0stj_next_dist_19zsb-q._.js:776
[ 1650848ms] [LOG] [Fast Refresh] done in 62ms @ http://localhost:3000/_next/static/chunks/0stj_next_dist_19zsb-q._.js:776
[ 1650910ms] [LOG] [Fast Refresh] done in 62ms @ http://localhost:3000/_next/static/chunks/0stj_next_dist_19zsb-q._.js:776
[ 1650972ms] [LOG] [Fast Refresh] done in 62ms @ http://localhost:3000/_next/static/chunks/0stj_next_dist_19zsb-q._.js:776
[ 1651035ms] [LOG] [Fast Refresh] done in 62ms @ http://localhost:3000/_next/static/chunks/0stj_next_dist_19zsb-q._.js:776
[ 1651097ms] [LOG] [Fast Refresh] done in 62ms @ http://localhost:3000/_next/static/chunks/0stj_next_dist_19zsb-q._.js:776
[ 1651160ms] [LOG] [Fast Refresh] done in 62ms @ http://localhost:3000/_next/static/chunks/0stj_next_dist_19zsb-q._.js:776
[ 1651223ms] [LOG] [Fast Refresh] done in 62ms @ http://localhost:3000/_next/static/chunks/0stj_next_dist_19zsb-q._.js:776
[ 1651286ms] [LOG] [Fast Refresh] done in 62ms @ http://localhost:3000/_next/static/chunks/0stj_next_dist_19zsb-q._.js:776
[ 1651347ms] [LOG] [Fast Refresh] done in 62ms @ http://localhost:3000/_next/static/chunks/0stj_next_dist_19zsb-q._.js:776
[ 1651409ms] [LOG] [Fast Refresh] done in 62ms @ http://localhost:3000/_next/static/chunks/0stj_next_dist_19zsb-q._.js:776
[ 1651473ms] [LOG] [Fast Refresh] done in 62ms @ http://localhost:3000/_next/static/chunks/0stj_next_dist_19zsb-q._.js:776
[ 1651535ms] [LOG] [Fast Refresh] done in 62ms @ http://localhost:3000/_next/static/chunks/0stj_next_dist_19zsb-q._.js:776
[ 1651599ms] [LOG] [Fast Refresh] done in 62ms @ http://localhost:3000/_next/static/chunks/0stj_next_dist_19zsb-q._.js:776
[ 1651661ms] [LOG] [Fast Refresh] done in 62ms @ http://localhost:3000/_next/static/chunks/0stj_next_dist_19zsb-q._.js:776
[ 1651723ms] [LOG] [Fast Refresh] done in 62ms @ http://localhost:3000/_next/static/chunks/0stj_next_dist_19zsb-q._.js:776
[ 1651785ms] [LOG] [Fast Refresh] done in 62ms @ http://localhost:3000/_next/static/chunks/0stj_next_dist_19zsb-q._.js:776
[ 1651848ms] [LOG] [Fast Refresh] done in 62ms @ http://localhost:3000/_next/static/chunks/0stj_next_dist_19zsb-q._.js:776
[ 1651911ms] [LOG] [Fast Refresh] done in 62ms @ http://localhost:3000/_next/static/chunks/0stj_next_dist_19zsb-q._.js:776
[ 1651974ms] [LOG] [Fast Refresh] done in 62ms @ http://localhost:3000/_next/static/chunks/0stj_next_dist_19zsb-q._.js:776
[ 1652037ms] [LOG] [Fast Refresh] done in 62ms @ http://localhost:3000/_next/static/chunks/0stj_next_dist_19zsb-q._.js:776
[ 1652099ms] [LOG] [Fast Refresh] done in 62ms @ http://localhost:3000/_next/static/chunks/0stj_next_dist_19zsb-q._.js:776
[ 1652161ms] [LOG] [Fast Refresh] done in 62ms @ http://localhost:3000/_next/static/chunks/0stj_next_dist_19zsb-q._.js:776
[ 1652224ms] [LOG] [Fast Refresh] done in 62ms @ http://localhost:3000/_next/static/chunks/0stj_next_dist_19zsb-q._.js:776
[ 1652286ms] [LOG] [Fast Refresh] done in 62ms @ http://localhost:3000/_next/static/chunks/0stj_next_dist_19zsb-q._.js:776
[ 1652347ms] [LOG] [Fast Refresh] done in 62ms @ http://localhost:3000/_next/static/chunks/0stj_next_dist_19zsb-q._.js:776
[ 1652409ms] [LOG] [Fast Refresh] done in 62ms @ http://localhost:3000/_next/static/chunks/0stj_next_dist_19zsb-q._.js:776
[ 1652473ms] [LOG] [Fast Refresh] done in 62ms @ http://localhost:3000/_next/static/chunks/0stj_next_dist_19zsb-q._.js:776
[ 1652535ms] [LOG] [Fast Refresh] done in 62ms @ http://localhost:3000/_next/static/chunks/0stj_next_dist_19zsb-q._.js:776
[ 1652596ms] [LOG] [Fast Refresh] done in 62ms @ http://localhost:3000/_next/static/chunks/0stj_next_dist_19zsb-q._.js:776
[ 1652659ms] [LOG] [Fast Refresh] done in 62ms @ http://localhost:3000/_next/static/chunks/0stj_next_dist_19zsb-q._.js:776
[ 1652722ms] [LOG] [Fast Refresh] done in 62ms @ http://localhost:3000/_next/static/chunks/0stj_next_dist_19zsb-q._.js:776
[ 1652784ms] [LOG] [Fast Refresh] done in 62ms @ http://localhost:3000/_next/static/chunks/0stj_next_dist_19zsb-q._.js:776
[ 1652846ms] [LOG] [Fast Refresh] done in 62ms @ http://localhost:3000/_next/static/chunks/0stj_next_dist_19zsb-q._.js:776
[ 1652907ms] [LOG] [Fast Refresh] done in 62ms @ http://localhost:3000/_next/static/chunks/0stj_next_dist_19zsb-q._.js:776
[ 1652969ms] [LOG] [Fast Refresh] done in 62ms @ http://localhost:3000/_next/static/chunks/0stj_next_dist_19zsb-q._.js:776
[ 1653033ms] [LOG] [Fast Refresh] done in 62ms @ http://localhost:3000/_next/static/chunks/0stj_next_dist_19zsb-q._.js:776
[ 1653095ms] [LOG] [Fast Refresh] done in 62ms @ http://localhost:3000/_next/static/chunks/0stj_next_dist_19zsb-q._.js:776
[ 1653158ms] [LOG] [Fast Refresh] done in 62ms @ http://localhost:3000/_next/static/chunks/0stj_next_dist_19zsb-q._.js:776
[ 1653222ms] [LOG] [Fast Refresh] done in 62ms @ http://localhost:3000/_next/static/chunks/0stj_next_dist_19zsb-q._.js:776
[ 1653283ms] [LOG] [Fast Refresh] done in 62ms @ http://localhost:3000/_next/static/chunks/0stj_next_dist_19zsb-q._.js:776
[ 1653346ms] [LOG] [Fast Refresh] done in 62ms @ http://localhost:3000/_next/static/chunks/0stj_next_dist_19zsb-q._.js:776
[ 1653410ms] [LOG] [Fast Refresh] done in 62ms @ http://localhost:3000/_next/static/chunks/0stj_next_dist_19zsb-q._.js:776
[ 1653472ms] [LOG] [Fast Refresh] done in 62ms @ http://localhost:3000/_next/static/chunks/0stj_next_dist_19zsb-q._.js:776
[ 1653535ms] [LOG] [Fast Refresh] done in 62ms @ http://localhost:3000/_next/static/chunks/0stj_next_dist_19zsb-q._.js:776
[ 1653599ms] [LOG] [Fast Refresh] done in 62ms @ http://localhost:3000/_next/static/chunks/0stj_next_dist_19zsb-q._.js:776
[ 1653661ms] [LOG] [Fast Refresh] done in 62ms @ http://localhost:3000/_next/static/chunks/0stj_next_dist_19zsb-q._.js:776
[ 1653724ms] [LOG] [Fast Refresh] done in 62ms @ http://localhost:3000/_next/static/chunks/0stj_next_dist_19zsb-q._.js:776
[ 1653787ms] [LOG] [Fast Refresh] done in 62ms @ http://localhost:3000/_next/static/chunks/0stj_next_dist_19zsb-q._.js:776
[ 1653850ms] [LOG] [Fast Refresh] done in 62ms @ http://localhost:3000/_next/static/chunks/0stj_next_dist_19zsb-q._.js:776
[ 1653911ms] [LOG] [Fast Refresh] done in 62ms @ http://localhost:3000/_next/static/chunks/0stj_next_dist_19zsb-q._.js:776
[ 1653974ms] [LOG] [Fast Refresh] done in 62ms @ http://localhost:3000/_next/static/chunks/0stj_next_dist_19zsb-q._.js:776
[ 1654036ms] [LOG] [Fast Refresh] done in 62ms @ http://localhost:3000/_next/static/chunks/0stj_next_dist_19zsb-q._.js:776
[ 1654098ms] [LOG] [Fast Refresh] done in 62ms @ http://localhost:3000/_next/static/chunks/0stj_next_dist_19zsb-q._.js:776
[ 1654160ms] [LOG] [Fast Refresh] done in 62ms @ http://localhost:3000/_next/static/chunks/0stj_next_dist_19zsb-q._.js:776
[ 1654223ms] [LOG] [Fast Refresh] done in 62ms @ http://localhost:3000/_next/static/chunks/0stj_next_dist_19zsb-q._.js:776
[ 1654285ms] [LOG] [Fast Refresh] done in 62ms @ http://localhost:3000/_next/static/chunks/0stj_next_dist_19zsb-q._.js:776
[ 1654349ms] [LOG] [Fast Refresh] done in 62ms @ http://localhost:3000/_next/static/chunks/0stj_next_dist_19zsb-q._.js:776
[ 1654411ms] [LOG] [Fast Refresh] done in 62ms @ http://localhost:3000/_next/static/chunks/0stj_next_dist_19zsb-q._.js:776
[ 1654473ms] [LOG] [Fast Refresh] done in 62ms @ http://localhost:3000/_next/static/chunks/0stj_next_dist_19zsb-q._.js:776
[ 1654536ms] [LOG] [Fast Refresh] done in 62ms @ http://localhost:3000/_next/static/chunks/0stj_next_dist_19zsb-q._.js:776
[ 1654597ms] [LOG] [Fast Refresh] done in 62ms @ http://localhost:3000/_next/static/chunks/0stj_next_dist_19zsb-q._.js:776
[ 1654660ms] [LOG] [Fast Refresh] done in 62ms @ http://localhost:3000/_next/static/chunks/0stj_next_dist_19zsb-q._.js:776
[ 1654723ms] [LOG] [Fast Refresh] done in 62ms @ http://localhost:3000/_next/static/chunks/0stj_next_dist_19zsb-q._.js:776
[ 1654785ms] [LOG] [Fast Refresh] done in 62ms @ http://localhost:3000/_next/static/chunks/0stj_next_dist_19zsb-q._.js:776
[ 1654848ms] [LOG] [Fast Refresh] done in 62ms @ http://localhost:3000/_next/static/chunks/0stj_next_dist_19zsb-q._.js:776
[ 1654911ms] [LOG] [Fast Refresh] done in 62ms @ http://localhost:3000/_next/static/chunks/0stj_next_dist_19zsb-q._.js:776
[ 1654974ms] [LOG] [Fast Refresh] done in 62ms @ http://localhost:3000/_next/static/chunks/0stj_next_dist_19zsb-q._.js:776
[ 1655037ms] [LOG] [Fast Refresh] done in 62ms @ http://localhost:3000/_next/static/chunks/0stj_next_dist_19zsb-q._.js:776
[ 1655099ms] [LOG] [Fast Refresh] done in 62ms @ http://localhost:3000/_next/static/chunks/0stj_next_dist_19zsb-q._.js:776
[ 1655163ms] [LOG] [Fast Refresh] done in 62ms @ http://localhost:3000/_next/static/chunks/0stj_next_dist_19zsb-q._.js:776
[ 1655225ms] [LOG] [Fast Refresh] done in 62ms @ http://localhost:3000/_next/static/chunks/0stj_next_dist_19zsb-q._.js:776
[ 1655287ms] [LOG] [Fast Refresh] done in 62ms @ http://localhost:3000/_next/static/chunks/0stj_next_dist_19zsb-q._.js:776
[ 1655348ms] [LOG] [Fast Refresh] done in 62ms @ http://localhost:3000/_next/static/chunks/0stj_next_dist_19zsb-q._.js:776
[ 1655411ms] [LOG] [Fast Refresh] done in 62ms @ http://localhost:3000/_next/static/chunks/0stj_next_dist_19zsb-q._.js:776
[ 1655474ms] [LOG] [Fast Refresh] done in 62ms @ http://localhost:3000/_next/static/chunks/0stj_next_dist_19zsb-q._.js:776
[ 1655537ms] [LOG] [Fast Refresh] done in 62ms @ http://localhost:3000/_next/static/chunks/0stj_next_dist_19zsb-q._.js:776
[ 1655600ms] [LOG] [Fast Refresh] done in 62ms @ http://localhost:3000/_next/static/chunks/0stj_next_dist_19zsb-q._.js:776
[ 1655663ms] [LOG] [Fast Refresh] done in 62ms @ http://localhost:3000/_next/static/chunks/0stj_next_dist_19zsb-q._.js:776
[ 1655723ms] [LOG] [Fast Refresh] done in 62ms @ http://localhost:3000/_next/static/chunks/0stj_next_dist_19zsb-q._.js:776
[ 1655785ms] [LOG] [Fast Refresh] done in 62ms @ http://localhost:3000/_next/static/chunks/0stj_next_dist_19zsb-q._.js:776
[ 1655847ms] [LOG] [Fast Refresh] done in 62ms @ http://localhost:3000/_next/static/chunks/0stj_next_dist_19zsb-q._.js:776
[ 1655909ms] [LOG] [Fast Refresh] done in 62ms @ http://localhost:3000/_next/static/chunks/0stj_next_dist_19zsb-q._.js:776
[ 1655971ms] [LOG] [Fast Refresh] done in 62ms @ http://localhost:3000/_next/static/chunks/0stj_next_dist_19zsb-q._.js:776
[ 1656034ms] [LOG] [Fast Refresh] done in 62ms @ http://localhost:3000/_next/static/chunks/0stj_next_dist_19zsb-q._.js:776
[ 1656096ms] [LOG] [Fast Refresh] done in 62ms @ http://localhost:3000/_next/static/chunks/0stj_next_dist_19zsb-q._.js:776
[ 1656157ms] [LOG] [Fast Refresh] done in 62ms @ http://localhost:3000/_next/static/chunks/0stj_next_dist_19zsb-q._.js:776
[ 1656220ms] [LOG] [Fast Refresh] done in 62ms @ http://localhost:3000/_next/static/chunks/0stj_next_dist_19zsb-q._.js:776
[ 1656283ms] [LOG] [Fast Refresh] done in 62ms @ http://localhost:3000/_next/static/chunks/0stj_next_dist_19zsb-q._.js:776
[ 1656344ms] [LOG] [Fast Refresh] done in 62ms @ http://localhost:3000/_next/static/chunks/0stj_next_dist_19zsb-q._.js:776
[ 1656406ms] [LOG] [Fast Refresh] done in 62ms @ http://localhost:3000/_next/static/chunks/0stj_next_dist_19zsb-q._.js:776
[ 1656468ms] [LOG] [Fast Refresh] done in 62ms @ http://localhost:3000/_next/static/chunks/0stj_next_dist_19zsb-q._.js:776
[ 1656531ms] [LOG] [Fast Refresh] done in 62ms @ http://localhost:3000/_next/static/chunks/0stj_next_dist_19zsb-q._.js:776
[ 1656594ms] [LOG] [Fast Refresh] done in 62ms @ http://localhost:3000/_next/static/chunks/0stj_next_dist_19zsb-q._.js:776
[ 1656657ms] [LOG] [Fast Refresh] done in 62ms @ http://localhost:3000/_next/static/chunks/0stj_next_dist_19zsb-q._.js:776
[ 1656719ms] [LOG] [Fast Refresh] done in 62ms @ http://localhost:3000/_next/static/chunks/0stj_next_dist_19zsb-q._.js:776
[ 1656782ms] [LOG] [Fast Refresh] done in 62ms @ http://localhost:3000/_next/static/chunks/0stj_next_dist_19zsb-q._.js:776
[ 1656844ms] [LOG] [Fast Refresh] done in 62ms @ http://localhost:3000/_next/static/chunks/0stj_next_dist_19zsb-q._.js:776
[ 1656907ms] [LOG] [Fast Refresh] done in 62ms @ http://localhost:3000/_next/static/chunks/0stj_next_dist_19zsb-q._.js:776
[ 1656968ms] [LOG] [Fast Refresh] done in 62ms @ http://localhost:3000/_next/static/chunks/0stj_next_dist_19zsb-q._.js:776
[ 1657032ms] [LOG] [Fast Refresh] done in 62ms @ http://localhost:3000/_next/static/chunks/0stj_next_dist_19zsb-q._.js:776
[ 1657094ms] [LOG] [Fast Refresh] done in 62ms @ http://localhost:3000/_next/static/chunks/0stj_next_dist_19zsb-q._.js:776
[ 1657157ms] [LOG] [Fast Refresh] done in 62ms @ http://localhost:3000/_next/static/chunks/0stj_next_dist_19zsb-q._.js:776
[ 1657220ms] [LOG] [Fast Refresh] done in 62ms @ http://localhost:3000/_next/static/chunks/0stj_next_dist_19zsb-q._.js:776
[ 1657281ms] [LOG] [Fast Refresh] done in 62ms @ http://localhost:3000/_next/static/chunks/0stj_next_dist_19zsb-q._.js:776
[ 1657343ms] [LOG] [Fast Refresh] done in 62ms @ http://localhost:3000/_next/static/chunks/0stj_next_dist_19zsb-q._.js:776
[ 1657405ms] [LOG] [Fast Refresh] done in 62ms @ http://localhost:3000/_next/static/chunks/0stj_next_dist_19zsb-q._.js:776
[ 1657466ms] [LOG] [Fast Refresh] done in 62ms @ http://localhost:3000/_next/static/chunks/0stj_next_dist_19zsb-q._.js:776
[ 1657529ms] [LOG] [Fast Refresh] done in 62ms @ http://localhost:3000/_next/static/chunks/0stj_next_dist_19zsb-q._.js:776
[ 1657592ms] [LOG] [Fast Refresh] done in 62ms @ http://localhost:3000/_next/static/chunks/0stj_next_dist_19zsb-q._.js:776
[ 1657655ms] [LOG] [Fast Refresh] done in 62ms @ http://localhost:3000/_next/static/chunks/0stj_next_dist_19zsb-q._.js:776
[ 1657717ms] [LOG] [Fast Refresh] done in 62ms @ http://localhost:3000/_next/static/chunks/0stj_next_dist_19zsb-q._.js:776
[ 1657779ms] [LOG] [Fast Refresh] done in 62ms @ http://localhost:3000/_next/static/chunks/0stj_next_dist_19zsb-q._.js:776
[ 1657842ms] [LOG] [Fast Refresh] done in 62ms @ http://localhost:3000/_next/static/chunks/0stj_next_dist_19zsb-q._.js:776
[ 1657904ms] [LOG] [Fast Refresh] done in 62ms @ http://localhost:3000/_next/static/chunks/0stj_next_dist_19zsb-q._.js:776
[ 1657966ms] [LOG] [Fast Refresh] done in 62ms @ http://localhost:3000/_next/static/chunks/0stj_next_dist_19zsb-q._.js:776
[ 1658029ms] [LOG] [Fast Refresh] done in 62ms @ http://localhost:3000/_next/static/chunks/0stj_next_dist_19zsb-q._.js:776
[ 1658093ms] [LOG] [Fast Refresh] done in 62ms @ http://localhost:3000/_next/static/chunks/0stj_next_dist_19zsb-q._.js:776
[ 1658158ms] [LOG] [Fast Refresh] done in 62ms @ http://localhost:3000/_next/static/chunks/0stj_next_dist_19zsb-q._.js:776
[ 1658219ms] [LOG] [Fast Refresh] done in 62ms @ http://localhost:3000/_next/static/chunks/0stj_next_dist_19zsb-q._.js:776
[ 1658281ms] [LOG] [Fast Refresh] done in 62ms @ http://localhost:3000/_next/static/chunks/0stj_next_dist_19zsb-q._.js:776
[ 1658344ms] [LOG] [Fast Refresh] done in 62ms @ http://localhost:3000/_next/static/chunks/0stj_next_dist_19zsb-q._.js:776
[ 1658407ms] [LOG] [Fast Refresh] done in 62ms @ http://localhost:3000/_next/static/chunks/0stj_next_dist_19zsb-q._.js:776
[ 1658470ms] [LOG] [Fast Refresh] done in 62ms @ http://localhost:3000/_next/static/chunks/0stj_next_dist_19zsb-q._.js:776
[ 1658532ms] [LOG] [Fast Refresh] done in 62ms @ http://localhost:3000/_next/static/chunks/0stj_next_dist_19zsb-q._.js:776
[ 1658594ms] [LOG] [Fast Refresh] done in 62ms @ http://localhost:3000/_next/static/chunks/0stj_next_dist_19zsb-q._.js:776
[ 1658658ms] [LOG] [Fast Refresh] done in 62ms @ http://localhost:3000/_next/static/chunks/0stj_next_dist_19zsb-q._.js:776
[ 1658721ms] [LOG] [Fast Refresh] done in 62ms @ http://localhost:3000/_next/static/chunks/0stj_next_dist_19zsb-q._.js:776
[ 1658783ms] [LOG] [Fast Refresh] done in 62ms @ http://localhost:3000/_next/static/chunks/0stj_next_dist_19zsb-q._.js:776
[ 1658845ms] [LOG] [Fast Refresh] done in 62ms @ http://localhost:3000/_next/static/chunks/0stj_next_dist_19zsb-q._.js:776
[ 1658907ms] [LOG] [Fast Refresh] done in 62ms @ http://localhost:3000/_next/static/chunks/0stj_next_dist_19zsb-q._.js:776
[ 1658968ms] [LOG] [Fast Refresh] done in 62ms @ http://localhost:3000/_next/static/chunks/0stj_next_dist_19zsb-q._.js:776
[ 1659031ms] [LOG] [Fast Refresh] done in 62ms @ http://localhost:3000/_next/static/chunks/0stj_next_dist_19zsb-q._.js:776
[ 1659093ms] [LOG] [Fast Refresh] done in 62ms @ http://localhost:3000/_next/static/chunks/0stj_next_dist_19zsb-q._.js:776
[ 1659157ms] [LOG] [Fast Refresh] done in 62ms @ http://localhost:3000/_next/static/chunks/0stj_next_dist_19zsb-q._.js:776
[ 1659218ms] [LOG] [Fast Refresh] done in 62ms @ http://localhost:3000/_next/static/chunks/0stj_next_dist_19zsb-q._.js:776
[ 1659280ms] [LOG] [Fast Refresh] done in 62ms @ http://localhost:3000/_next/static/chunks/0stj_next_dist_19zsb-q._.js:776
[ 1659343ms] [LOG] [Fast Refresh] done in 62ms @ http://localhost:3000/_next/static/chunks/0stj_next_dist_19zsb-q._.js:776
[ 1659406ms] [LOG] [Fast Refresh] done in 62ms @ http://localhost:3000/_next/static/chunks/0stj_next_dist_19zsb-q._.js:776
[ 1659469ms] [LOG] [Fast Refresh] done in 62ms @ http://localhost:3000/_next/static/chunks/0stj_next_dist_19zsb-q._.js:776
[ 1659530ms] [LOG] [Fast Refresh] done in 62ms @ http://localhost:3000/_next/static/chunks/0stj_next_dist_19zsb-q._.js:776
[ 1659593ms] [LOG] [Fast Refresh] done in 62ms @ http://localhost:3000/_next/static/chunks/0stj_next_dist_19zsb-q._.js:776
[ 1659656ms] [LOG] [Fast Refresh] done in 62ms @ http://localhost:3000/_next/static/chunks/0stj_next_dist_19zsb-q._.js:776
[ 1659719ms] [LOG] [Fast Refresh] done in 62ms @ http://localhost:3000/_next/static/chunks/0stj_next_dist_19zsb-q._.js:776
[ 1659780ms] [LOG] [Fast Refresh] done in 62ms @ http://localhost:3000/_next/static/chunks/0stj_next_dist_19zsb-q._.js:776
[ 1659842ms] [LOG] [Fast Refresh] done in 62ms @ http://localhost:3000/_next/static/chunks/0stj_next_dist_19zsb-q._.js:776
[ 1659905ms] [LOG] [Fast Refresh] done in 62ms @ http://localhost:3000/_next/static/chunks/0stj_next_dist_19zsb-q._.js:776
[ 1659966ms] [LOG] [Fast Refresh] done in 62ms @ http://localhost:3000/_next/static/chunks/0stj_next_dist_19zsb-q._.js:776
[ 1660028ms] [LOG] [Fast Refresh] done in 62ms @ http://localhost:3000/_next/static/chunks/0stj_next_dist_19zsb-q._.js:776
[ 1660091ms] [LOG] [Fast Refresh] done in 62ms @ http://localhost:3000/_next/static/chunks/0stj_next_dist_19zsb-q._.js:776
[ 1660154ms] [LOG] [Fast Refresh] done in 62ms @ http://localhost:3000/_next/static/chunks/0stj_next_dist_19zsb-q._.js:776
[ 1660216ms] [LOG] [Fast Refresh] done in 62ms @ http://localhost:3000/_next/static/chunks/0stj_next_dist_19zsb-q._.js:776
[ 1660279ms] [LOG] [Fast Refresh] done in 62ms @ http://localhost:3000/_next/static/chunks/0stj_next_dist_19zsb-q._.js:776
[ 1660341ms] [LOG] [Fast Refresh] done in 62ms @ http://localhost:3000/_next/static/chunks/0stj_next_dist_19zsb-q._.js:776
[ 1660405ms] [LOG] [Fast Refresh] done in 62ms @ http://localhost:3000/_next/static/chunks/0stj_next_dist_19zsb-q._.js:776
[ 1660465ms] [LOG] [Fast Refresh] done in 62ms @ http://localhost:3000/_next/static/chunks/0stj_next_dist_19zsb-q._.js:776
[ 1660528ms] [LOG] [Fast Refresh] done in 62ms @ http://localhost:3000/_next/static/chunks/0stj_next_dist_19zsb-q._.js:776
[ 1660590ms] [LOG] [Fast Refresh] done in 62ms @ http://localhost:3000/_next/static/chunks/0stj_next_dist_19zsb-q._.js:776
[ 1660654ms] [LOG] [Fast Refresh] done in 62ms @ http://localhost:3000/_next/static/chunks/0stj_next_dist_19zsb-q._.js:776
[ 1660715ms] [LOG] [Fast Refresh] done in 62ms @ http://localhost:3000/_next/static/chunks/0stj_next_dist_19zsb-q._.js:776
[ 1660777ms] [LOG] [Fast Refresh] done in 62ms @ http://localhost:3000/_next/static/chunks/0stj_next_dist_19zsb-q._.js:776
[ 1660840ms] [LOG] [Fast Refresh] done in 62ms @ http://localhost:3000/_next/static/chunks/0stj_next_dist_19zsb-q._.js:776
[ 1660903ms] [LOG] [Fast Refresh] done in 62ms @ http://localhost:3000/_next/static/chunks/0stj_next_dist_19zsb-q._.js:776
[ 1660966ms] [LOG] [Fast Refresh] done in 62ms @ http://localhost:3000/_next/static/chunks/0stj_next_dist_19zsb-q._.js:776
[ 1661027ms] [LOG] [Fast Refresh] done in 62ms @ http://localhost:3000/_next/static/chunks/0stj_next_dist_19zsb-q._.js:776
[ 1661090ms] [LOG] [Fast Refresh] done in 62ms @ http://localhost:3000/_next/static/chunks/0stj_next_dist_19zsb-q._.js:776
[ 1661153ms] [LOG] [Fast Refresh] done in 62ms @ http://localhost:3000/_next/static/chunks/0stj_next_dist_19zsb-q._.js:776
[ 1661215ms] [LOG] [Fast Refresh] done in 62ms @ http://localhost:3000/_next/static/chunks/0stj_next_dist_19zsb-q._.js:776
[ 1661277ms] [LOG] [Fast Refresh] done in 62ms @ http://localhost:3000/_next/static/chunks/0stj_next_dist_19zsb-q._.js:776
[ 1661340ms] [LOG] [Fast Refresh] done in 62ms @ http://localhost:3000/_next/static/chunks/0stj_next_dist_19zsb-q._.js:776
[ 1661403ms] [LOG] [Fast Refresh] done in 62ms @ http://localhost:3000/_next/static/chunks/0stj_next_dist_19zsb-q._.js:776
[ 1661465ms] [LOG] [Fast Refresh] done in 62ms @ http://localhost:3000/_next/static/chunks/0stj_next_dist_19zsb-q._.js:776
[ 1661525ms] [LOG] [Fast Refresh] done in 62ms @ http://localhost:3000/_next/static/chunks/0stj_next_dist_19zsb-q._.js:776
[ 1661587ms] [LOG] [Fast Refresh] done in 62ms @ http://localhost:3000/_next/static/chunks/0stj_next_dist_19zsb-q._.js:776
[ 1661650ms] [LOG] [Fast Refresh] done in 62ms @ http://localhost:3000/_next/static/chunks/0stj_next_dist_19zsb-q._.js:776
[ 1661712ms] [LOG] [Fast Refresh] done in 62ms @ http://localhost:3000/_next/static/chunks/0stj_next_dist_19zsb-q._.js:776
[ 1661775ms] [LOG] [Fast Refresh] done in 62ms @ http://localhost:3000/_next/static/chunks/0stj_next_dist_19zsb-q._.js:776
[ 1661838ms] [LOG] [Fast Refresh] done in 62ms @ http://localhost:3000/_next/static/chunks/0stj_next_dist_19zsb-q._.js:776
[ 1661900ms] [LOG] [Fast Refresh] done in 62ms @ http://localhost:3000/_next/static/chunks/0stj_next_dist_19zsb-q._.js:776
[ 1661962ms] [LOG] [Fast Refresh] done in 62ms @ http://localhost:3000/_next/static/chunks/0stj_next_dist_19zsb-q._.js:776
[ 1662025ms] [LOG] [Fast Refresh] done in 62ms @ http://localhost:3000/_next/static/chunks/0stj_next_dist_19zsb-q._.js:776
[ 1662086ms] [LOG] [Fast Refresh] done in 62ms @ http://localhost:3000/_next/static/chunks/0stj_next_dist_19zsb-q._.js:776
[ 1662148ms] [LOG] [Fast Refresh] done in 62ms @ http://localhost:3000/_next/static/chunks/0stj_next_dist_19zsb-q._.js:776
[ 1662211ms] [LOG] [Fast Refresh] done in 62ms @ http://localhost:3000/_next/static/chunks/0stj_next_dist_19zsb-q._.js:776
[ 1662274ms] [LOG] [Fast Refresh] done in 62ms @ http://localhost:3000/_next/static/chunks/0stj_next_dist_19zsb-q._.js:776
[ 1662335ms] [LOG] [Fast Refresh] done in 62ms @ http://localhost:3000/_next/static/chunks/0stj_next_dist_19zsb-q._.js:776
[ 1662398ms] [LOG] [Fast Refresh] done in 62ms @ http://localhost:3000/_next/static/chunks/0stj_next_dist_19zsb-q._.js:776
[ 1662462ms] [LOG] [Fast Refresh] done in 62ms @ http://localhost:3000/_next/static/chunks/0stj_next_dist_19zsb-q._.js:776
[ 1662525ms] [LOG] [Fast Refresh] done in 62ms @ http://localhost:3000/_next/static/chunks/0stj_next_dist_19zsb-q._.js:776
[ 1662588ms] [LOG] [Fast Refresh] done in 62ms @ http://localhost:3000/_next/static/chunks/0stj_next_dist_19zsb-q._.js:776
[ 1662651ms] [LOG] [Fast Refresh] done in 62ms @ http://localhost:3000/_next/static/chunks/0stj_next_dist_19zsb-q._.js:776
[ 1662715ms] [LOG] [Fast Refresh] done in 62ms @ http://localhost:3000/_next/static/chunks/0stj_next_dist_19zsb-q._.js:776
[ 1662777ms] [LOG] [Fast Refresh] done in 62ms @ http://localhost:3000/_next/static/chunks/0stj_next_dist_19zsb-q._.js:776
[ 1662840ms] [LOG] [Fast Refresh] done in 62ms @ http://localhost:3000/_next/static/chunks/0stj_next_dist_19zsb-q._.js:776
[ 1662901ms] [LOG] [Fast Refresh] done in 62ms @ http://localhost:3000/_next/static/chunks/0stj_next_dist_19zsb-q._.js:776
[ 1662964ms] [LOG] [Fast Refresh] done in 62ms @ http://localhost:3000/_next/static/chunks/0stj_next_dist_19zsb-q._.js:776
[ 1663027ms] [LOG] [Fast Refresh] done in 62ms @ http://localhost:3000/_next/static/chunks/0stj_next_dist_19zsb-q._.js:776
[ 1663090ms] [LOG] [Fast Refresh] done in 62ms @ http://localhost:3000/_next/static/chunks/0stj_next_dist_19zsb-q._.js:776
[ 1663153ms] [LOG] [Fast Refresh] done in 62ms @ http://localhost:3000/_next/static/chunks/0stj_next_dist_19zsb-q._.js:776
[ 1663216ms] [LOG] [Fast Refresh] done in 62ms @ http://localhost:3000/_next/static/chunks/0stj_next_dist_19zsb-q._.js:776
[ 1663279ms] [LOG] [Fast Refresh] done in 62ms @ http://localhost:3000/_next/static/chunks/0stj_next_dist_19zsb-q._.js:776
[ 1663341ms] [LOG] [Fast Refresh] done in 62ms @ http://localhost:3000/_next/static/chunks/0stj_next_dist_19zsb-q._.js:776
[ 1663402ms] [LOG] [Fast Refresh] done in 62ms @ http://localhost:3000/_next/static/chunks/0stj_next_dist_19zsb-q._.js:776
[ 1663466ms] [LOG] [Fast Refresh] done in 62ms @ http://localhost:3000/_next/static/chunks/0stj_next_dist_19zsb-q._.js:776
[ 1663528ms] [LOG] [Fast Refresh] done in 62ms @ http://localhost:3000/_next/static/chunks/0stj_next_dist_19zsb-q._.js:776
[ 1663590ms] [LOG] [Fast Refresh] done in 62ms @ http://localhost:3000/_next/static/chunks/0stj_next_dist_19zsb-q._.js:776
[ 1663653ms] [LOG] [Fast Refresh] done in 62ms @ http://localhost:3000/_next/static/chunks/0stj_next_dist_19zsb-q._.js:776
[ 1663715ms] [LOG] [Fast Refresh] done in 62ms @ http://localhost:3000/_next/static/chunks/0stj_next_dist_19zsb-q._.js:776
[ 1663778ms] [LOG] [Fast Refresh] done in 62ms @ http://localhost:3000/_next/static/chunks/0stj_next_dist_19zsb-q._.js:776
[ 1663840ms] [LOG] [Fast Refresh] done in 62ms @ http://localhost:3000/_next/static/chunks/0stj_next_dist_19zsb-q._.js:776
[ 1663902ms] [LOG] [Fast Refresh] done in 62ms @ http://localhost:3000/_next/static/chunks/0stj_next_dist_19zsb-q._.js:776
[ 1663964ms] [LOG] [Fast Refresh] done in 62ms @ http://localhost:3000/_next/static/chunks/0stj_next_dist_19zsb-q._.js:776
[ 1664026ms] [LOG] [Fast Refresh] done in 62ms @ http://localhost:3000/_next/static/chunks/0stj_next_dist_19zsb-q._.js:776
[ 1664088ms] [LOG] [Fast Refresh] done in 62ms @ http://localhost:3000/_next/static/chunks/0stj_next_dist_19zsb-q._.js:776
[ 1664150ms] [LOG] [Fast Refresh] done in 62ms @ http://localhost:3000/_next/static/chunks/0stj_next_dist_19zsb-q._.js:776
[ 1664212ms] [LOG] [Fast Refresh] done in 62ms @ http://localhost:3000/_next/static/chunks/0stj_next_dist_19zsb-q._.js:776
[ 1664274ms] [LOG] [Fast Refresh] done in 62ms @ http://localhost:3000/_next/static/chunks/0stj_next_dist_19zsb-q._.js:776
[ 1664337ms] [LOG] [Fast Refresh] done in 62ms @ http://localhost:3000/_next/static/chunks/0stj_next_dist_19zsb-q._.js:776
[ 1664399ms] [LOG] [Fast Refresh] done in 62ms @ http://localhost:3000/_next/static/chunks/0stj_next_dist_19zsb-q._.js:776
[ 1664463ms] [LOG] [Fast Refresh] done in 62ms @ http://localhost:3000/_next/static/chunks/0stj_next_dist_19zsb-q._.js:776
[ 1664525ms] [LOG] [Fast Refresh] done in 62ms @ http://localhost:3000/_next/static/chunks/0stj_next_dist_19zsb-q._.js:776
[ 1664587ms] [LOG] [Fast Refresh] done in 62ms @ http://localhost:3000/_next/static/chunks/0stj_next_dist_19zsb-q._.js:776
[ 1664650ms] [LOG] [Fast Refresh] done in 62ms @ http://localhost:3000/_next/static/chunks/0stj_next_dist_19zsb-q._.js:776
[ 1664713ms] [LOG] [Fast Refresh] done in 62ms @ http://localhost:3000/_next/static/chunks/0stj_next_dist_19zsb-q._.js:776
[ 1664775ms] [LOG] [Fast Refresh] done in 62ms @ http://localhost:3000/_next/static/chunks/0stj_next_dist_19zsb-q._.js:776
[ 1664837ms] [LOG] [Fast Refresh] done in 62ms @ http://localhost:3000/_next/static/chunks/0stj_next_dist_19zsb-q._.js:776
[ 1664899ms] [LOG] [Fast Refresh] done in 62ms @ http://localhost:3000/_next/static/chunks/0stj_next_dist_19zsb-q._.js:776
[ 1664961ms] [LOG] [Fast Refresh] done in 62ms @ http://localhost:3000/_next/static/chunks/0stj_next_dist_19zsb-q._.js:776
[ 1665022ms] [LOG] [Fast Refresh] done in 62ms @ http://localhost:3000/_next/static/chunks/0stj_next_dist_19zsb-q._.js:776
[ 1665085ms] [LOG] [Fast Refresh] done in 62ms @ http://localhost:3000/_next/static/chunks/0stj_next_dist_19zsb-q._.js:776
[ 1665146ms] [LOG] [Fast Refresh] done in 62ms @ http://localhost:3000/_next/static/chunks/0stj_next_dist_19zsb-q._.js:776
[ 1665208ms] [LOG] [Fast Refresh] done in 62ms @ http://localhost:3000/_next/static/chunks/0stj_next_dist_19zsb-q._.js:776
[ 1665272ms] [LOG] [Fast Refresh] done in 62ms @ http://localhost:3000/_next/static/chunks/0stj_next_dist_19zsb-q._.js:776
[ 1665334ms] [LOG] [Fast Refresh] done in 62ms @ http://localhost:3000/_next/static/chunks/0stj_next_dist_19zsb-q._.js:776
[ 1665396ms] [LOG] [Fast Refresh] done in 62ms @ http://localhost:3000/_next/static/chunks/0stj_next_dist_19zsb-q._.js:776
[ 1665458ms] [LOG] [Fast Refresh] done in 62ms @ http://localhost:3000/_next/static/chunks/0stj_next_dist_19zsb-q._.js:776
[ 1665521ms] [LOG] [Fast Refresh] done in 62ms @ http://localhost:3000/_next/static/chunks/0stj_next_dist_19zsb-q._.js:776
[ 1665582ms] [LOG] [Fast Refresh] done in 62ms @ http://localhost:3000/_next/static/chunks/0stj_next_dist_19zsb-q._.js:776
[ 1665643ms] [LOG] [Fast Refresh] done in 62ms @ http://localhost:3000/_next/static/chunks/0stj_next_dist_19zsb-q._.js:776
[ 1665705ms] [LOG] [Fast Refresh] done in 62ms @ http://localhost:3000/_next/static/chunks/0stj_next_dist_19zsb-q._.js:776
[ 1665765ms] [LOG] [Fast Refresh] done in 62ms @ http://localhost:3000/_next/static/chunks/0stj_next_dist_19zsb-q._.js:776
[ 1665827ms] [LOG] [Fast Refresh] done in 62ms @ http://localhost:3000/_next/static/chunks/0stj_next_dist_19zsb-q._.js:776
[ 1665889ms] [LOG] [Fast Refresh] done in 62ms @ http://localhost:3000/_next/static/chunks/0stj_next_dist_19zsb-q._.js:776
[ 1665951ms] [LOG] [Fast Refresh] done in 62ms @ http://localhost:3000/_next/static/chunks/0stj_next_dist_19zsb-q._.js:776
[ 1666013ms] [LOG] [Fast Refresh] done in 62ms @ http://localhost:3000/_next/static/chunks/0stj_next_dist_19zsb-q._.js:776
[ 1666077ms] [LOG] [Fast Refresh] done in 62ms @ http://localhost:3000/_next/static/chunks/0stj_next_dist_19zsb-q._.js:776
[ 1666138ms] [LOG] [Fast Refresh] done in 62ms @ http://localhost:3000/_next/static/chunks/0stj_next_dist_19zsb-q._.js:776
[ 1666201ms] [LOG] [Fast Refresh] done in 62ms @ http://localhost:3000/_next/static/chunks/0stj_next_dist_19zsb-q._.js:776
[ 1666265ms] [LOG] [Fast Refresh] done in 62ms @ http://localhost:3000/_next/static/chunks/0stj_next_dist_19zsb-q._.js:776
[ 1666329ms] [LOG] [Fast Refresh] done in 62ms @ http://localhost:3000/_next/static/chunks/0stj_next_dist_19zsb-q._.js:776
[ 1666392ms] [LOG] [Fast Refresh] done in 62ms @ http://localhost:3000/_next/static/chunks/0stj_next_dist_19zsb-q._.js:776
[ 1666454ms] [LOG] [Fast Refresh] done in 62ms @ http://localhost:3000/_next/static/chunks/0stj_next_dist_19zsb-q._.js:776
[ 1666517ms] [LOG] [Fast Refresh] done in 62ms @ http://localhost:3000/_next/static/chunks/0stj_next_dist_19zsb-q._.js:776
[ 1666580ms] [LOG] [Fast Refresh] done in 62ms @ http://localhost:3000/_next/static/chunks/0stj_next_dist_19zsb-q._.js:776
[ 1666642ms] [LOG] [Fast Refresh] done in 62ms @ http://localhost:3000/_next/static/chunks/0stj_next_dist_19zsb-q._.js:776
[ 1666705ms] [LOG] [Fast Refresh] done in 62ms @ http://localhost:3000/_next/static/chunks/0stj_next_dist_19zsb-q._.js:776
[ 1666769ms] [LOG] [Fast Refresh] done in 62ms @ http://localhost:3000/_next/static/chunks/0stj_next_dist_19zsb-q._.js:776
[ 1666830ms] [LOG] [Fast Refresh] done in 62ms @ http://localhost:3000/_next/static/chunks/0stj_next_dist_19zsb-q._.js:776
[ 1666893ms] [LOG] [Fast Refresh] done in 62ms @ http://localhost:3000/_next/static/chunks/0stj_next_dist_19zsb-q._.js:776
[ 1666955ms] [LOG] [Fast Refresh] done in 62ms @ http://localhost:3000/_next/static/chunks/0stj_next_dist_19zsb-q._.js:776
[ 1667018ms] [LOG] [Fast Refresh] done in 62ms @ http://localhost:3000/_next/static/chunks/0stj_next_dist_19zsb-q._.js:776
[ 1667080ms] [LOG] [Fast Refresh] done in 62ms @ http://localhost:3000/_next/static/chunks/0stj_next_dist_19zsb-q._.js:776
[ 1667143ms] [LOG] [Fast Refresh] done in 62ms @ http://localhost:3000/_next/static/chunks/0stj_next_dist_19zsb-q._.js:776
[ 1667205ms] [LOG] [Fast Refresh] done in 62ms @ http://localhost:3000/_next/static/chunks/0stj_next_dist_19zsb-q._.js:776
[ 1667267ms] [LOG] [Fast Refresh] done in 62ms @ http://localhost:3000/_next/static/chunks/0stj_next_dist_19zsb-q._.js:776
[ 1667330ms] [LOG] [Fast Refresh] done in 62ms @ http://localhost:3000/_next/static/chunks/0stj_next_dist_19zsb-q._.js:776
[ 1667394ms] [LOG] [Fast Refresh] done in 62ms @ http://localhost:3000/_next/static/chunks/0stj_next_dist_19zsb-q._.js:776
[ 1667455ms] [LOG] [Fast Refresh] done in 62ms @ http://localhost:3000/_next/static/chunks/0stj_next_dist_19zsb-q._.js:776
[ 1667517ms] [LOG] [Fast Refresh] done in 62ms @ http://localhost:3000/_next/static/chunks/0stj_next_dist_19zsb-q._.js:776
[ 1667580ms] [LOG] [Fast Refresh] done in 62ms @ http://localhost:3000/_next/static/chunks/0stj_next_dist_19zsb-q._.js:776
[ 1667642ms] [LOG] [Fast Refresh] done in 62ms @ http://localhost:3000/_next/static/chunks/0stj_next_dist_19zsb-q._.js:776
[ 1667704ms] [LOG] [Fast Refresh] done in 62ms @ http://localhost:3000/_next/static/chunks/0stj_next_dist_19zsb-q._.js:776
[ 1667767ms] [LOG] [Fast Refresh] done in 62ms @ http://localhost:3000/_next/static/chunks/0stj_next_dist_19zsb-q._.js:776
[ 1667829ms] [LOG] [Fast Refresh] done in 62ms @ http://localhost:3000/_next/static/chunks/0stj_next_dist_19zsb-q._.js:776
[ 1667891ms] [LOG] [Fast Refresh] done in 62ms @ http://localhost:3000/_next/static/chunks/0stj_next_dist_19zsb-q._.js:776
[ 1667952ms] [LOG] [Fast Refresh] done in 62ms @ http://localhost:3000/_next/static/chunks/0stj_next_dist_19zsb-q._.js:776
[ 1668015ms] [LOG] [Fast Refresh] done in 62ms @ http://localhost:3000/_next/static/chunks/0stj_next_dist_19zsb-q._.js:776
[ 1668078ms] [LOG] [Fast Refresh] done in 62ms @ http://localhost:3000/_next/static/chunks/0stj_next_dist_19zsb-q._.js:776
[ 1668140ms] [LOG] [Fast Refresh] done in 62ms @ http://localhost:3000/_next/static/chunks/0stj_next_dist_19zsb-q._.js:776
[ 1668202ms] [LOG] [Fast Refresh] done in 62ms @ http://localhost:3000/_next/static/chunks/0stj_next_dist_19zsb-q._.js:776
[ 1668265ms] [LOG] [Fast Refresh] done in 62ms @ http://localhost:3000/_next/static/chunks/0stj_next_dist_19zsb-q._.js:776
[ 1668328ms] [LOG] [Fast Refresh] done in 62ms @ http://localhost:3000/_next/static/chunks/0stj_next_dist_19zsb-q._.js:776
[ 1668391ms] [LOG] [Fast Refresh] done in 62ms @ http://localhost:3000/_next/static/chunks/0stj_next_dist_19zsb-q._.js:776
[ 1668454ms] [LOG] [Fast Refresh] done in 62ms @ http://localhost:3000/_next/static/chunks/0stj_next_dist_19zsb-q._.js:776
[ 1668516ms] [LOG] [Fast Refresh] done in 62ms @ http://localhost:3000/_next/static/chunks/0stj_next_dist_19zsb-q._.js:776
[ 1668578ms] [LOG] [Fast Refresh] done in 62ms @ http://localhost:3000/_next/static/chunks/0stj_next_dist_19zsb-q._.js:776
[ 1668642ms] [LOG] [Fast Refresh] done in 62ms @ http://localhost:3000/_next/static/chunks/0stj_next_dist_19zsb-q._.js:776
[ 1668705ms] [LOG] [Fast Refresh] done in 62ms @ http://localhost:3000/_next/static/chunks/0stj_next_dist_19zsb-q._.js:776
[ 1668766ms] [LOG] [Fast Refresh] done in 62ms @ http://localhost:3000/_next/static/chunks/0stj_next_dist_19zsb-q._.js:776
[ 1668830ms] [LOG] [Fast Refresh] done in 62ms @ http://localhost:3000/_next/static/chunks/0stj_next_dist_19zsb-q._.js:776
[ 1668891ms] [LOG] [Fast Refresh] done in 62ms @ http://localhost:3000/_next/static/chunks/0stj_next_dist_19zsb-q._.js:776
[ 1668955ms] [LOG] [Fast Refresh] done in 62ms @ http://localhost:3000/_next/static/chunks/0stj_next_dist_19zsb-q._.js:776
[ 1669017ms] [LOG] [Fast Refresh] done in 62ms @ http://localhost:3000/_next/static/chunks/0stj_next_dist_19zsb-q._.js:776
[ 1669080ms] [LOG] [Fast Refresh] done in 62ms @ http://localhost:3000/_next/static/chunks/0stj_next_dist_19zsb-q._.js:776
[ 1669142ms] [LOG] [Fast Refresh] done in 62ms @ http://localhost:3000/_next/static/chunks/0stj_next_dist_19zsb-q._.js:776
[ 1669206ms] [LOG] [Fast Refresh] done in 62ms @ http://localhost:3000/_next/static/chunks/0stj_next_dist_19zsb-q._.js:776
[ 1669268ms] [LOG] [Fast Refresh] done in 62ms @ http://localhost:3000/_next/static/chunks/0stj_next_dist_19zsb-q._.js:776
[ 1669331ms] [LOG] [Fast Refresh] done in 62ms @ http://localhost:3000/_next/static/chunks/0stj_next_dist_19zsb-q._.js:776
[ 1669393ms] [LOG] [Fast Refresh] done in 62ms @ http://localhost:3000/_next/static/chunks/0stj_next_dist_19zsb-q._.js:776
[ 1669457ms] [LOG] [Fast Refresh] done in 62ms @ http://localhost:3000/_next/static/chunks/0stj_next_dist_19zsb-q._.js:776
[ 1669521ms] [LOG] [Fast Refresh] done in 62ms @ http://localhost:3000/_next/static/chunks/0stj_next_dist_19zsb-q._.js:776
[ 1669579ms] [LOG] [Fast Refresh] done in 62ms @ http://localhost:3000/_next/static/chunks/0stj_next_dist_19zsb-q._.js:776
[ 1669643ms] [LOG] [Fast Refresh] done in 62ms @ http://localhost:3000/_next/static/chunks/0stj_next_dist_19zsb-q._.js:776
[ 1669704ms] [LOG] [Fast Refresh] done in 62ms @ http://localhost:3000/_next/static/chunks/0stj_next_dist_19zsb-q._.js:776
[ 1669765ms] [LOG] [Fast Refresh] done in 62ms @ http://localhost:3000/_next/static/chunks/0stj_next_dist_19zsb-q._.js:776
[ 1669827ms] [LOG] [Fast Refresh] done in 62ms @ http://localhost:3000/_next/static/chunks/0stj_next_dist_19zsb-q._.js:776
[ 1669889ms] [LOG] [Fast Refresh] done in 62ms @ http://localhost:3000/_next/static/chunks/0stj_next_dist_19zsb-q._.js:776
[ 1669953ms] [LOG] [Fast Refresh] done in 62ms @ http://localhost:3000/_next/static/chunks/0stj_next_dist_19zsb-q._.js:776
[ 1670015ms] [LOG] [Fast Refresh] done in 62ms @ http://localhost:3000/_next/static/chunks/0stj_next_dist_19zsb-q._.js:776
[ 1670078ms] [LOG] [Fast Refresh] done in 62ms @ http://localhost:3000/_next/static/chunks/0stj_next_dist_19zsb-q._.js:776
[ 1670140ms] [LOG] [Fast Refresh] done in 62ms @ http://localhost:3000/_next/static/chunks/0stj_next_dist_19zsb-q._.js:776
[ 1670204ms] [LOG] [Fast Refresh] done in 62ms @ http://localhost:3000/_next/static/chunks/0stj_next_dist_19zsb-q._.js:776
[ 1670266ms] [LOG] [Fast Refresh] done in 62ms @ http://localhost:3000/_next/static/chunks/0stj_next_dist_19zsb-q._.js:776
[ 1670328ms] [LOG] [Fast Refresh] done in 62ms @ http://localhost:3000/_next/static/chunks/0stj_next_dist_19zsb-q._.js:776
[ 1670391ms] [LOG] [Fast Refresh] done in 62ms @ http://localhost:3000/_next/static/chunks/0stj_next_dist_19zsb-q._.js:776
[ 1670455ms] [LOG] [Fast Refresh] done in 62ms @ http://localhost:3000/_next/static/chunks/0stj_next_dist_19zsb-q._.js:776
[ 1670517ms] [LOG] [Fast Refresh] done in 62ms @ http://localhost:3000/_next/static/chunks/0stj_next_dist_19zsb-q._.js:776
[ 1670578ms] [LOG] [Fast Refresh] done in 62ms @ http://localhost:3000/_next/static/chunks/0stj_next_dist_19zsb-q._.js:776
[ 1670641ms] [LOG] [Fast Refresh] done in 62ms @ http://localhost:3000/_next/static/chunks/0stj_next_dist_19zsb-q._.js:776
[ 1670704ms] [LOG] [Fast Refresh] done in 62ms @ http://localhost:3000/_next/static/chunks/0stj_next_dist_19zsb-q._.js:776
[ 1670767ms] [LOG] [Fast Refresh] done in 62ms @ http://localhost:3000/_next/static/chunks/0stj_next_dist_19zsb-q._.js:776
[ 1670830ms] [LOG] [Fast Refresh] done in 62ms @ http://localhost:3000/_next/static/chunks/0stj_next_dist_19zsb-q._.js:776
[ 1670894ms] [LOG] [Fast Refresh] done in 62ms @ http://localhost:3000/_next/static/chunks/0stj_next_dist_19zsb-q._.js:776
[ 1670956ms] [LOG] [Fast Refresh] done in 62ms @ http://localhost:3000/_next/static/chunks/0stj_next_dist_19zsb-q._.js:776
[ 1671019ms] [LOG] [Fast Refresh] done in 62ms @ http://localhost:3000/_next/static/chunks/0stj_next_dist_19zsb-q._.js:776
[ 1671082ms] [LOG] [Fast Refresh] done in 62ms @ http://localhost:3000/_next/static/chunks/0stj_next_dist_19zsb-q._.js:776
[ 1671145ms] [LOG] [Fast Refresh] done in 62ms @ http://localhost:3000/_next/static/chunks/0stj_next_dist_19zsb-q._.js:776
[ 1671208ms] [LOG] [Fast Refresh] done in 62ms @ http://localhost:3000/_next/static/chunks/0stj_next_dist_19zsb-q._.js:776
[ 1671273ms] [LOG] [Fast Refresh] done in 62ms @ http://localhost:3000/_next/static/chunks/0stj_next_dist_19zsb-q._.js:776
[ 1671335ms] [LOG] [Fast Refresh] done in 62ms @ http://localhost:3000/_next/static/chunks/0stj_next_dist_19zsb-q._.js:776
[ 1671397ms] [LOG] [Fast Refresh] done in 62ms @ http://localhost:3000/_next/static/chunks/0stj_next_dist_19zsb-q._.js:776
[ 1671459ms] [LOG] [Fast Refresh] done in 62ms @ http://localhost:3000/_next/static/chunks/0stj_next_dist_19zsb-q._.js:776
[ 1671522ms] [LOG] [Fast Refresh] done in 62ms @ http://localhost:3000/_next/static/chunks/0stj_next_dist_19zsb-q._.js:776
[ 1671585ms] [LOG] [Fast Refresh] done in 62ms @ http://localhost:3000/_next/static/chunks/0stj_next_dist_19zsb-q._.js:776
[ 1671650ms] [LOG] [Fast Refresh] done in 62ms @ http://localhost:3000/_next/static/chunks/0stj_next_dist_19zsb-q._.js:776
[ 1671711ms] [LOG] [Fast Refresh] done in 62ms @ http://localhost:3000/_next/static/chunks/0stj_next_dist_19zsb-q._.js:776
[ 1671774ms] [LOG] [Fast Refresh] done in 62ms @ http://localhost:3000/_next/static/chunks/0stj_next_dist_19zsb-q._.js:776
[ 1671837ms] [LOG] [Fast Refresh] done in 62ms @ http://localhost:3000/_next/static/chunks/0stj_next_dist_19zsb-q._.js:776
[ 1671900ms] [LOG] [Fast Refresh] done in 62ms @ http://localhost:3000/_next/static/chunks/0stj_next_dist_19zsb-q._.js:776
[ 1671962ms] [LOG] [Fast Refresh] done in 62ms @ http://localhost:3000/_next/static/chunks/0stj_next_dist_19zsb-q._.js:776
[ 1672024ms] [LOG] [Fast Refresh] done in 62ms @ http://localhost:3000/_next/static/chunks/0stj_next_dist_19zsb-q._.js:776
[ 1672088ms] [LOG] [Fast Refresh] done in 62ms @ http://localhost:3000/_next/static/chunks/0stj_next_dist_19zsb-q._.js:776
[ 1672151ms] [LOG] [Fast Refresh] done in 62ms @ http://localhost:3000/_next/static/chunks/0stj_next_dist_19zsb-q._.js:776
[ 1672213ms] [LOG] [Fast Refresh] done in 62ms @ http://localhost:3000/_next/static/chunks/0stj_next_dist_19zsb-q._.js:776
[ 1672275ms] [LOG] [Fast Refresh] done in 62ms @ http://localhost:3000/_next/static/chunks/0stj_next_dist_19zsb-q._.js:776
[ 1672337ms] [LOG] [Fast Refresh] done in 62ms @ http://localhost:3000/_next/static/chunks/0stj_next_dist_19zsb-q._.js:776
[ 1672399ms] [LOG] [Fast Refresh] done in 62ms @ http://localhost:3000/_next/static/chunks/0stj_next_dist_19zsb-q._.js:776
[ 1672461ms] [LOG] [Fast Refresh] done in 62ms @ http://localhost:3000/_next/static/chunks/0stj_next_dist_19zsb-q._.js:776
[ 1672522ms] [LOG] [Fast Refresh] done in 62ms @ http://localhost:3000/_next/static/chunks/0stj_next_dist_19zsb-q._.js:776
[ 1672585ms] [LOG] [Fast Refresh] done in 62ms @ http://localhost:3000/_next/static/chunks/0stj_next_dist_19zsb-q._.js:776
[ 1672649ms] [LOG] [Fast Refresh] done in 62ms @ http://localhost:3000/_next/static/chunks/0stj_next_dist_19zsb-q._.js:776
[ 1672711ms] [LOG] [Fast Refresh] done in 62ms @ http://localhost:3000/_next/static/chunks/0stj_next_dist_19zsb-q._.js:776
[ 1672775ms] [LOG] [Fast Refresh] done in 62ms @ http://localhost:3000/_next/static/chunks/0stj_next_dist_19zsb-q._.js:776
[ 1672837ms] [LOG] [Fast Refresh] done in 62ms @ http://localhost:3000/_next/static/chunks/0stj_next_dist_19zsb-q._.js:776
[ 1672900ms] [LOG] [Fast Refresh] done in 62ms @ http://localhost:3000/_next/static/chunks/0stj_next_dist_19zsb-q._.js:776
[ 1672962ms] [LOG] [Fast Refresh] done in 62ms @ http://localhost:3000/_next/static/chunks/0stj_next_dist_19zsb-q._.js:776
[ 1673025ms] [LOG] [Fast Refresh] done in 62ms @ http://localhost:3000/_next/static/chunks/0stj_next_dist_19zsb-q._.js:776
[ 1673089ms] [LOG] [Fast Refresh] done in 62ms @ http://localhost:3000/_next/static/chunks/0stj_next_dist_19zsb-q._.js:776
[ 1673151ms] [LOG] [Fast Refresh] done in 62ms @ http://localhost:3000/_next/static/chunks/0stj_next_dist_19zsb-q._.js:776
[ 1673212ms] [LOG] [Fast Refresh] done in 62ms @ http://localhost:3000/_next/static/chunks/0stj_next_dist_19zsb-q._.js:776
[ 1673275ms] [LOG] [Fast Refresh] done in 62ms @ http://localhost:3000/_next/static/chunks/0stj_next_dist_19zsb-q._.js:776
[ 1673336ms] [LOG] [Fast Refresh] done in 62ms @ http://localhost:3000/_next/static/chunks/0stj_next_dist_19zsb-q._.js:776
[ 1673399ms] [LOG] [Fast Refresh] done in 62ms @ http://localhost:3000/_next/static/chunks/0stj_next_dist_19zsb-q._.js:776
[ 1673461ms] [LOG] [Fast Refresh] done in 62ms @ http://localhost:3000/_next/static/chunks/0stj_next_dist_19zsb-q._.js:776
[ 1673523ms] [LOG] [Fast Refresh] done in 62ms @ http://localhost:3000/_next/static/chunks/0stj_next_dist_19zsb-q._.js:776
[ 1673585ms] [LOG] [Fast Refresh] done in 62ms @ http://localhost:3000/_next/static/chunks/0stj_next_dist_19zsb-q._.js:776
[ 1673648ms] [LOG] [Fast Refresh] done in 62ms @ http://localhost:3000/_next/static/chunks/0stj_next_dist_19zsb-q._.js:776
[ 1673711ms] [LOG] [Fast Refresh] done in 62ms @ http://localhost:3000/_next/static/chunks/0stj_next_dist_19zsb-q._.js:776
[ 1673774ms] [LOG] [Fast Refresh] done in 62ms @ http://localhost:3000/_next/static/chunks/0stj_next_dist_19zsb-q._.js:776
[ 1673837ms] [LOG] [Fast Refresh] done in 62ms @ http://localhost:3000/_next/static/chunks/0stj_next_dist_19zsb-q._.js:776
[ 1673899ms] [LOG] [Fast Refresh] done in 62ms @ http://localhost:3000/_next/static/chunks/0stj_next_dist_19zsb-q._.js:776
[ 1673962ms] [LOG] [Fast Refresh] done in 62ms @ http://localhost:3000/_next/static/chunks/0stj_next_dist_19zsb-q._.js:776
[ 1674024ms] [LOG] [Fast Refresh] done in 62ms @ http://localhost:3000/_next/static/chunks/0stj_next_dist_19zsb-q._.js:776
[ 1674087ms] [LOG] [Fast Refresh] done in 62ms @ http://localhost:3000/_next/static/chunks/0stj_next_dist_19zsb-q._.js:776
[ 1674150ms] [LOG] [Fast Refresh] done in 62ms @ http://localhost:3000/_next/static/chunks/0stj_next_dist_19zsb-q._.js:776
[ 1674212ms] [LOG] [Fast Refresh] done in 62ms @ http://localhost:3000/_next/static/chunks/0stj_next_dist_19zsb-q._.js:776
[ 1674276ms] [LOG] [Fast Refresh] done in 62ms @ http://localhost:3000/_next/static/chunks/0stj_next_dist_19zsb-q._.js:776
[ 1674337ms] [LOG] [Fast Refresh] done in 62ms @ http://localhost:3000/_next/static/chunks/0stj_next_dist_19zsb-q._.js:776
[ 1674400ms] [LOG] [Fast Refresh] done in 62ms @ http://localhost:3000/_next/static/chunks/0stj_next_dist_19zsb-q._.js:776
[ 1674463ms] [LOG] [Fast Refresh] done in 62ms @ http://localhost:3000/_next/static/chunks/0stj_next_dist_19zsb-q._.js:776
[ 1674526ms] [LOG] [Fast Refresh] done in 62ms @ http://localhost:3000/_next/static/chunks/0stj_next_dist_19zsb-q._.js:776
[ 1674588ms] [LOG] [Fast Refresh] done in 62ms @ http://localhost:3000/_next/static/chunks/0stj_next_dist_19zsb-q._.js:776
[ 1674651ms] [LOG] [Fast Refresh] done in 62ms @ http://localhost:3000/_next/static/chunks/0stj_next_dist_19zsb-q._.js:776
[ 1674714ms] [LOG] [Fast Refresh] done in 62ms @ http://localhost:3000/_next/static/chunks/0stj_next_dist_19zsb-q._.js:776
[ 1674778ms] [LOG] [Fast Refresh] done in 62ms @ http://localhost:3000/_next/static/chunks/0stj_next_dist_19zsb-q._.js:776
[ 1674841ms] [LOG] [Fast Refresh] done in 62ms @ http://localhost:3000/_next/static/chunks/0stj_next_dist_19zsb-q._.js:776
[ 1674902ms] [LOG] [Fast Refresh] done in 62ms @ http://localhost:3000/_next/static/chunks/0stj_next_dist_19zsb-q._.js:776
[ 1674965ms] [LOG] [Fast Refresh] done in 62ms @ http://localhost:3000/_next/static/chunks/0stj_next_dist_19zsb-q._.js:776
[ 1675028ms] [LOG] [Fast Refresh] done in 62ms @ http://localhost:3000/_next/static/chunks/0stj_next_dist_19zsb-q._.js:776
[ 1675089ms] [LOG] [Fast Refresh] done in 62ms @ http://localhost:3000/_next/static/chunks/0stj_next_dist_19zsb-q._.js:776
[ 1675151ms] [LOG] [Fast Refresh] done in 62ms @ http://localhost:3000/_next/static/chunks/0stj_next_dist_19zsb-q._.js:776
[ 1675214ms] [LOG] [Fast Refresh] done in 62ms @ http://localhost:3000/_next/static/chunks/0stj_next_dist_19zsb-q._.js:776
[ 1675278ms] [LOG] [Fast Refresh] done in 62ms @ http://localhost:3000/_next/static/chunks/0stj_next_dist_19zsb-q._.js:776
[ 1675340ms] [LOG] [Fast Refresh] done in 62ms @ http://localhost:3000/_next/static/chunks/0stj_next_dist_19zsb-q._.js:776
[ 1675403ms] [LOG] [Fast Refresh] done in 62ms @ http://localhost:3000/_next/static/chunks/0stj_next_dist_19zsb-q._.js:776
[ 1675465ms] [LOG] [Fast Refresh] done in 62ms @ http://localhost:3000/_next/static/chunks/0stj_next_dist_19zsb-q._.js:776
[ 1675527ms] [LOG] [Fast Refresh] done in 62ms @ http://localhost:3000/_next/static/chunks/0stj_next_dist_19zsb-q._.js:776
[ 1675590ms] [LOG] [Fast Refresh] done in 62ms @ http://localhost:3000/_next/static/chunks/0stj_next_dist_19zsb-q._.js:776
[ 1675651ms] [LOG] [Fast Refresh] done in 62ms @ http://localhost:3000/_next/static/chunks/0stj_next_dist_19zsb-q._.js:776
[ 1675713ms] [LOG] [Fast Refresh] done in 62ms @ http://localhost:3000/_next/static/chunks/0stj_next_dist_19zsb-q._.js:776
[ 1675776ms] [LOG] [Fast Refresh] done in 62ms @ http://localhost:3000/_next/static/chunks/0stj_next_dist_19zsb-q._.js:776
[ 1675839ms] [LOG] [Fast Refresh] done in 62ms @ http://localhost:3000/_next/static/chunks/0stj_next_dist_19zsb-q._.js:776
[ 1675900ms] [LOG] [Fast Refresh] done in 62ms @ http://localhost:3000/_next/static/chunks/0stj_next_dist_19zsb-q._.js:776
[ 1675963ms] [LOG] [Fast Refresh] done in 62ms @ http://localhost:3000/_next/static/chunks/0stj_next_dist_19zsb-q._.js:776
[ 1676026ms] [LOG] [Fast Refresh] done in 62ms @ http://localhost:3000/_next/static/chunks/0stj_next_dist_19zsb-q._.js:776
[ 1676088ms] [LOG] [Fast Refresh] done in 62ms @ http://localhost:3000/_next/static/chunks/0stj_next_dist_19zsb-q._.js:776
[ 1676151ms] [LOG] [Fast Refresh] done in 62ms @ http://localhost:3000/_next/static/chunks/0stj_next_dist_19zsb-q._.js:776
[ 1676213ms] [LOG] [Fast Refresh] done in 62ms @ http://localhost:3000/_next/static/chunks/0stj_next_dist_19zsb-q._.js:776
[ 1676275ms] [LOG] [Fast Refresh] done in 62ms @ http://localhost:3000/_next/static/chunks/0stj_next_dist_19zsb-q._.js:776
[ 1676337ms] [LOG] [Fast Refresh] done in 62ms @ http://localhost:3000/_next/static/chunks/0stj_next_dist_19zsb-q._.js:776
[ 1676400ms] [LOG] [Fast Refresh] done in 62ms @ http://localhost:3000/_next/static/chunks/0stj_next_dist_19zsb-q._.js:776
[ 1676462ms] [LOG] [Fast Refresh] done in 62ms @ http://localhost:3000/_next/static/chunks/0stj_next_dist_19zsb-q._.js:776
[ 1676525ms] [LOG] [Fast Refresh] done in 62ms @ http://localhost:3000/_next/static/chunks/0stj_next_dist_19zsb-q._.js:776
[ 1676588ms] [LOG] [Fast Refresh] done in 62ms @ http://localhost:3000/_next/static/chunks/0stj_next_dist_19zsb-q._.js:776
[ 1676650ms] [LOG] [Fast Refresh] done in 62ms @ http://localhost:3000/_next/static/chunks/0stj_next_dist_19zsb-q._.js:776
[ 1676713ms] [LOG] [Fast Refresh] done in 62ms @ http://localhost:3000/_next/static/chunks/0stj_next_dist_19zsb-q._.js:776
[ 1676776ms] [LOG] [Fast Refresh] done in 62ms @ http://localhost:3000/_next/static/chunks/0stj_next_dist_19zsb-q._.js:776
[ 1676837ms] [LOG] [Fast Refresh] done in 62ms @ http://localhost:3000/_next/static/chunks/0stj_next_dist_19zsb-q._.js:776
[ 1676900ms] [LOG] [Fast Refresh] done in 62ms @ http://localhost:3000/_next/static/chunks/0stj_next_dist_19zsb-q._.js:776
[ 1676962ms] [LOG] [Fast Refresh] done in 62ms @ http://localhost:3000/_next/static/chunks/0stj_next_dist_19zsb-q._.js:776
[ 1677026ms] [LOG] [Fast Refresh] done in 62ms @ http://localhost:3000/_next/static/chunks/0stj_next_dist_19zsb-q._.js:776
[ 1677089ms] [LOG] [Fast Refresh] done in 62ms @ http://localhost:3000/_next/static/chunks/0stj_next_dist_19zsb-q._.js:776
[ 1677150ms] [LOG] [Fast Refresh] done in 62ms @ http://localhost:3000/_next/static/chunks/0stj_next_dist_19zsb-q._.js:776
[ 1677212ms] [LOG] [Fast Refresh] done in 62ms @ http://localhost:3000/_next/static/chunks/0stj_next_dist_19zsb-q._.js:776
[ 1677275ms] [LOG] [Fast Refresh] done in 62ms @ http://localhost:3000/_next/static/chunks/0stj_next_dist_19zsb-q._.js:776
[ 1677337ms] [LOG] [Fast Refresh] done in 62ms @ http://localhost:3000/_next/static/chunks/0stj_next_dist_19zsb-q._.js:776
[ 1677398ms] [LOG] [Fast Refresh] done in 62ms @ http://localhost:3000/_next/static/chunks/0stj_next_dist_19zsb-q._.js:776
[ 1677461ms] [LOG] [Fast Refresh] done in 62ms @ http://localhost:3000/_next/static/chunks/0stj_next_dist_19zsb-q._.js:776
[ 1677524ms] [LOG] [Fast Refresh] done in 62ms @ http://localhost:3000/_next/static/chunks/0stj_next_dist_19zsb-q._.js:776
[ 1677587ms] [LOG] [Fast Refresh] done in 62ms @ http://localhost:3000/_next/static/chunks/0stj_next_dist_19zsb-q._.js:776
[ 1677650ms] [LOG] [Fast Refresh] done in 62ms @ http://localhost:3000/_next/static/chunks/0stj_next_dist_19zsb-q._.js:776
[ 1677711ms] [LOG] [Fast Refresh] done in 62ms @ http://localhost:3000/_next/static/chunks/0stj_next_dist_19zsb-q._.js:776
[ 1677775ms] [LOG] [Fast Refresh] done in 62ms @ http://localhost:3000/_next/static/chunks/0stj_next_dist_19zsb-q._.js:776
[ 1677835ms] [LOG] [Fast Refresh] done in 62ms @ http://localhost:3000/_next/static/chunks/0stj_next_dist_19zsb-q._.js:776
[ 1677897ms] [LOG] [Fast Refresh] done in 62ms @ http://localhost:3000/_next/static/chunks/0stj_next_dist_19zsb-q._.js:776
[ 1677961ms] [LOG] [Fast Refresh] done in 62ms @ http://localhost:3000/_next/static/chunks/0stj_next_dist_19zsb-q._.js:776
[ 1678024ms] [LOG] [Fast Refresh] done in 62ms @ http://localhost:3000/_next/static/chunks/0stj_next_dist_19zsb-q._.js:776
[ 1678086ms] [LOG] [Fast Refresh] done in 62ms @ http://localhost:3000/_next/static/chunks/0stj_next_dist_19zsb-q._.js:776
[ 1678149ms] [LOG] [Fast Refresh] done in 62ms @ http://localhost:3000/_next/static/chunks/0stj_next_dist_19zsb-q._.js:776
[ 1678212ms] [LOG] [Fast Refresh] done in 62ms @ http://localhost:3000/_next/static/chunks/0stj_next_dist_19zsb-q._.js:776
[ 1678273ms] [LOG] [Fast Refresh] done in 62ms @ http://localhost:3000/_next/static/chunks/0stj_next_dist_19zsb-q._.js:776
[ 1678335ms] [LOG] [Fast Refresh] done in 62ms @ http://localhost:3000/_next/static/chunks/0stj_next_dist_19zsb-q._.js:776
[ 1678398ms] [LOG] [Fast Refresh] done in 62ms @ http://localhost:3000/_next/static/chunks/0stj_next_dist_19zsb-q._.js:776
[ 1678461ms] [LOG] [Fast Refresh] done in 62ms @ http://localhost:3000/_next/static/chunks/0stj_next_dist_19zsb-q._.js:776
[ 1678525ms] [LOG] [Fast Refresh] done in 62ms @ http://localhost:3000/_next/static/chunks/0stj_next_dist_19zsb-q._.js:776
[ 1678587ms] [LOG] [Fast Refresh] done in 62ms @ http://localhost:3000/_next/static/chunks/0stj_next_dist_19zsb-q._.js:776
[ 1678650ms] [LOG] [Fast Refresh] done in 62ms @ http://localhost:3000/_next/static/chunks/0stj_next_dist_19zsb-q._.js:776
[ 1678712ms] [LOG] [Fast Refresh] done in 62ms @ http://localhost:3000/_next/static/chunks/0stj_next_dist_19zsb-q._.js:776
[ 1678775ms] [LOG] [Fast Refresh] done in 62ms @ http://localhost:3000/_next/static/chunks/0stj_next_dist_19zsb-q._.js:776
[ 1678838ms] [LOG] [Fast Refresh] done in 62ms @ http://localhost:3000/_next/static/chunks/0stj_next_dist_19zsb-q._.js:776
[ 1678900ms] [LOG] [Fast Refresh] done in 62ms @ http://localhost:3000/_next/static/chunks/0stj_next_dist_19zsb-q._.js:776
[ 1678962ms] [LOG] [Fast Refresh] done in 62ms @ http://localhost:3000/_next/static/chunks/0stj_next_dist_19zsb-q._.js:776
[ 1679026ms] [LOG] [Fast Refresh] done in 62ms @ http://localhost:3000/_next/static/chunks/0stj_next_dist_19zsb-q._.js:776
[ 1679089ms] [LOG] [Fast Refresh] done in 62ms @ http://localhost:3000/_next/static/chunks/0stj_next_dist_19zsb-q._.js:776
[ 1679151ms] [LOG] [Fast Refresh] done in 62ms @ http://localhost:3000/_next/static/chunks/0stj_next_dist_19zsb-q._.js:776
[ 1679214ms] [LOG] [Fast Refresh] done in 62ms @ http://localhost:3000/_next/static/chunks/0stj_next_dist_19zsb-q._.js:776
[ 1679277ms] [LOG] [Fast Refresh] done in 62ms @ http://localhost:3000/_next/static/chunks/0stj_next_dist_19zsb-q._.js:776
[ 1679340ms] [LOG] [Fast Refresh] done in 62ms @ http://localhost:3000/_next/static/chunks/0stj_next_dist_19zsb-q._.js:776
[ 1679402ms] [LOG] [Fast Refresh] done in 62ms @ http://localhost:3000/_next/static/chunks/0stj_next_dist_19zsb-q._.js:776
[ 1679464ms] [LOG] [Fast Refresh] done in 62ms @ http://localhost:3000/_next/static/chunks/0stj_next_dist_19zsb-q._.js:776
[ 1679527ms] [LOG] [Fast Refresh] done in 62ms @ http://localhost:3000/_next/static/chunks/0stj_next_dist_19zsb-q._.js:776
[ 1679590ms] [LOG] [Fast Refresh] done in 62ms @ http://localhost:3000/_next/static/chunks/0stj_next_dist_19zsb-q._.js:776
[ 1679652ms] [LOG] [Fast Refresh] done in 62ms @ http://localhost:3000/_next/static/chunks/0stj_next_dist_19zsb-q._.js:776
[ 1679713ms] [LOG] [Fast Refresh] done in 62ms @ http://localhost:3000/_next/static/chunks/0stj_next_dist_19zsb-q._.js:776
[ 1679775ms] [LOG] [Fast Refresh] done in 62ms @ http://localhost:3000/_next/static/chunks/0stj_next_dist_19zsb-q._.js:776
[ 1679838ms] [LOG] [Fast Refresh] done in 62ms @ http://localhost:3000/_next/static/chunks/0stj_next_dist_19zsb-q._.js:776
[ 1679900ms] [LOG] [Fast Refresh] done in 62ms @ http://localhost:3000/_next/static/chunks/0stj_next_dist_19zsb-q._.js:776
[ 1679963ms] [LOG] [Fast Refresh] done in 62ms @ http://localhost:3000/_next/static/chunks/0stj_next_dist_19zsb-q._.js:776
[ 1680025ms] [LOG] [Fast Refresh] done in 62ms @ http://localhost:3000/_next/static/chunks/0stj_next_dist_19zsb-q._.js:776
[ 1680088ms] [LOG] [Fast Refresh] done in 62ms @ http://localhost:3000/_next/static/chunks/0stj_next_dist_19zsb-q._.js:776
[ 1680149ms] [LOG] [Fast Refresh] done in 62ms @ http://localhost:3000/_next/static/chunks/0stj_next_dist_19zsb-q._.js:776
[ 1680211ms] [LOG] [Fast Refresh] done in 62ms @ http://localhost:3000/_next/static/chunks/0stj_next_dist_19zsb-q._.js:776
[ 1680274ms] [LOG] [Fast Refresh] done in 62ms @ http://localhost:3000/_next/static/chunks/0stj_next_dist_19zsb-q._.js:776
[ 1680338ms] [LOG] [Fast Refresh] done in 62ms @ http://localhost:3000/_next/static/chunks/0stj_next_dist_19zsb-q._.js:776
[ 1680399ms] [LOG] [Fast Refresh] done in 62ms @ http://localhost:3000/_next/static/chunks/0stj_next_dist_19zsb-q._.js:776
[ 1680461ms] [LOG] [Fast Refresh] done in 62ms @ http://localhost:3000/_next/static/chunks/0stj_next_dist_19zsb-q._.js:776
[ 1680523ms] [LOG] [Fast Refresh] done in 62ms @ http://localhost:3000/_next/static/chunks/0stj_next_dist_19zsb-q._.js:776
[ 1680585ms] [LOG] [Fast Refresh] done in 62ms @ http://localhost:3000/_next/static/chunks/0stj_next_dist_19zsb-q._.js:776
[ 1680647ms] [LOG] [Fast Refresh] done in 62ms @ http://localhost:3000/_next/static/chunks/0stj_next_dist_19zsb-q._.js:776
[ 1680709ms] [LOG] [Fast Refresh] done in 62ms @ http://localhost:3000/_next/static/chunks/0stj_next_dist_19zsb-q._.js:776
[ 1680771ms] [LOG] [Fast Refresh] done in 62ms @ http://localhost:3000/_next/static/chunks/0stj_next_dist_19zsb-q._.js:776
[ 1680832ms] [LOG] [Fast Refresh] done in 62ms @ http://localhost:3000/_next/static/chunks/0stj_next_dist_19zsb-q._.js:776
[ 1680896ms] [LOG] [Fast Refresh] done in 62ms @ http://localhost:3000/_next/static/chunks/0stj_next_dist_19zsb-q._.js:776
[ 1680960ms] [LOG] [Fast Refresh] done in 62ms @ http://localhost:3000/_next/static/chunks/0stj_next_dist_19zsb-q._.js:776
[ 1681021ms] [LOG] [Fast Refresh] done in 62ms @ http://localhost:3000/_next/static/chunks/0stj_next_dist_19zsb-q._.js:776
[ 1681084ms] [LOG] [Fast Refresh] done in 62ms @ http://localhost:3000/_next/static/chunks/0stj_next_dist_19zsb-q._.js:776
[ 1681145ms] [LOG] [Fast Refresh] done in 62ms @ http://localhost:3000/_next/static/chunks/0stj_next_dist_19zsb-q._.js:776
[ 1681209ms] [LOG] [Fast Refresh] done in 62ms @ http://localhost:3000/_next/static/chunks/0stj_next_dist_19zsb-q._.js:776
[ 1681272ms] [LOG] [Fast Refresh] done in 62ms @ http://localhost:3000/_next/static/chunks/0stj_next_dist_19zsb-q._.js:776
[ 1681334ms] [LOG] [Fast Refresh] done in 62ms @ http://localhost:3000/_next/static/chunks/0stj_next_dist_19zsb-q._.js:776
[ 1681399ms] [LOG] [Fast Refresh] done in 62ms @ http://localhost:3000/_next/static/chunks/0stj_next_dist_19zsb-q._.js:776
[ 1681460ms] [LOG] [Fast Refresh] done in 62ms @ http://localhost:3000/_next/static/chunks/0stj_next_dist_19zsb-q._.js:776
[ 1681523ms] [LOG] [Fast Refresh] done in 62ms @ http://localhost:3000/_next/static/chunks/0stj_next_dist_19zsb-q._.js:776
[ 1681585ms] [LOG] [Fast Refresh] done in 62ms @ http://localhost:3000/_next/static/chunks/0stj_next_dist_19zsb-q._.js:776
[ 1681650ms] [LOG] [Fast Refresh] done in 62ms @ http://localhost:3000/_next/static/chunks/0stj_next_dist_19zsb-q._.js:776
[ 1681711ms] [LOG] [Fast Refresh] done in 62ms @ http://localhost:3000/_next/static/chunks/0stj_next_dist_19zsb-q._.js:776
[ 1681774ms] [LOG] [Fast Refresh] done in 62ms @ http://localhost:3000/_next/static/chunks/0stj_next_dist_19zsb-q._.js:776
[ 1681837ms] [LOG] [Fast Refresh] done in 62ms @ http://localhost:3000/_next/static/chunks/0stj_next_dist_19zsb-q._.js:776
[ 1681897ms] [LOG] [Fast Refresh] done in 62ms @ http://localhost:3000/_next/static/chunks/0stj_next_dist_19zsb-q._.js:776
[ 1681960ms] [LOG] [Fast Refresh] done in 62ms @ http://localhost:3000/_next/static/chunks/0stj_next_dist_19zsb-q._.js:776
[ 1682021ms] [LOG] [Fast Refresh] done in 62ms @ http://localhost:3000/_next/static/chunks/0stj_next_dist_19zsb-q._.js:776
[ 1682083ms] [LOG] [Fast Refresh] done in 62ms @ http://localhost:3000/_next/static/chunks/0stj_next_dist_19zsb-q._.js:776
[ 1682145ms] [LOG] [Fast Refresh] done in 62ms @ http://localhost:3000/_next/static/chunks/0stj_next_dist_19zsb-q._.js:776
[ 1682207ms] [LOG] [Fast Refresh] done in 62ms @ http://localhost:3000/_next/static/chunks/0stj_next_dist_19zsb-q._.js:776
[ 1682272ms] [LOG] [Fast Refresh] done in 62ms @ http://localhost:3000/_next/static/chunks/0stj_next_dist_19zsb-q._.js:776
[ 1682334ms] [LOG] [Fast Refresh] done in 62ms @ http://localhost:3000/_next/static/chunks/0stj_next_dist_19zsb-q._.js:776
[ 1682395ms] [LOG] [Fast Refresh] done in 62ms @ http://localhost:3000/_next/static/chunks/0stj_next_dist_19zsb-q._.js:776
[ 1682458ms] [LOG] [Fast Refresh] done in 62ms @ http://localhost:3000/_next/static/chunks/0stj_next_dist_19zsb-q._.js:776
[ 1682520ms] [LOG] [Fast Refresh] done in 62ms @ http://localhost:3000/_next/static/chunks/0stj_next_dist_19zsb-q._.js:776
[ 1682581ms] [LOG] [Fast Refresh] done in 62ms @ http://localhost:3000/_next/static/chunks/0stj_next_dist_19zsb-q._.js:776
[ 1682642ms] [LOG] [Fast Refresh] done in 62ms @ http://localhost:3000/_next/static/chunks/0stj_next_dist_19zsb-q._.js:776
[ 1682705ms] [LOG] [Fast Refresh] done in 62ms @ http://localhost:3000/_next/static/chunks/0stj_next_dist_19zsb-q._.js:776
[ 1682768ms] [LOG] [Fast Refresh] done in 62ms @ http://localhost:3000/_next/static/chunks/0stj_next_dist_19zsb-q._.js:776
[ 1682830ms] [LOG] [Fast Refresh] done in 62ms @ http://localhost:3000/_next/static/chunks/0stj_next_dist_19zsb-q._.js:776
[ 1682893ms] [LOG] [Fast Refresh] done in 62ms @ http://localhost:3000/_next/static/chunks/0stj_next_dist_19zsb-q._.js:776
[ 1682956ms] [LOG] [Fast Refresh] done in 62ms @ http://localhost:3000/_next/static/chunks/0stj_next_dist_19zsb-q._.js:776
[ 1683019ms] [LOG] [Fast Refresh] done in 62ms @ http://localhost:3000/_next/static/chunks/0stj_next_dist_19zsb-q._.js:776
[ 1683081ms] [LOG] [Fast Refresh] done in 62ms @ http://localhost:3000/_next/static/chunks/0stj_next_dist_19zsb-q._.js:776
[ 1683143ms] [LOG] [Fast Refresh] done in 62ms @ http://localhost:3000/_next/static/chunks/0stj_next_dist_19zsb-q._.js:776
[ 1683206ms] [LOG] [Fast Refresh] done in 62ms @ http://localhost:3000/_next/static/chunks/0stj_next_dist_19zsb-q._.js:776
[ 1683268ms] [LOG] [Fast Refresh] done in 62ms @ http://localhost:3000/_next/static/chunks/0stj_next_dist_19zsb-q._.js:776
[ 1683332ms] [LOG] [Fast Refresh] done in 62ms @ http://localhost:3000/_next/static/chunks/0stj_next_dist_19zsb-q._.js:776
[ 1683394ms] [LOG] [Fast Refresh] done in 62ms @ http://localhost:3000/_next/static/chunks/0stj_next_dist_19zsb-q._.js:776
[ 1683457ms] [LOG] [Fast Refresh] done in 62ms @ http://localhost:3000/_next/static/chunks/0stj_next_dist_19zsb-q._.js:776
[ 1683520ms] [LOG] [Fast Refresh] done in 62ms @ http://localhost:3000/_next/static/chunks/0stj_next_dist_19zsb-q._.js:776
[ 1683583ms] [LOG] [Fast Refresh] done in 62ms @ http://localhost:3000/_next/static/chunks/0stj_next_dist_19zsb-q._.js:776
[ 1683646ms] [LOG] [Fast Refresh] done in 62ms @ http://localhost:3000/_next/static/chunks/0stj_next_dist_19zsb-q._.js:776
[ 1683708ms] [LOG] [Fast Refresh] done in 62ms @ http://localhost:3000/_next/static/chunks/0stj_next_dist_19zsb-q._.js:776
[ 1683770ms] [LOG] [Fast Refresh] done in 62ms @ http://localhost:3000/_next/static/chunks/0stj_next_dist_19zsb-q._.js:776
[ 1683832ms] [LOG] [Fast Refresh] done in 62ms @ http://localhost:3000/_next/static/chunks/0stj_next_dist_19zsb-q._.js:776
[ 1683896ms] [LOG] [Fast Refresh] done in 62ms @ http://localhost:3000/_next/static/chunks/0stj_next_dist_19zsb-q._.js:776
[ 1683959ms] [LOG] [Fast Refresh] done in 62ms @ http://localhost:3000/_next/static/chunks/0stj_next_dist_19zsb-q._.js:776
[ 1684020ms] [LOG] [Fast Refresh] done in 62ms @ http://localhost:3000/_next/static/chunks/0stj_next_dist_19zsb-q._.js:776
[ 1684081ms] [LOG] [Fast Refresh] done in 62ms @ http://localhost:3000/_next/static/chunks/0stj_next_dist_19zsb-q._.js:776
[ 1684146ms] [LOG] [Fast Refresh] done in 62ms @ http://localhost:3000/_next/static/chunks/0stj_next_dist_19zsb-q._.js:776
[ 1684206ms] [LOG] [Fast Refresh] done in 62ms @ http://localhost:3000/_next/static/chunks/0stj_next_dist_19zsb-q._.js:776
[ 1684268ms] [LOG] [Fast Refresh] done in 62ms @ http://localhost:3000/_next/static/chunks/0stj_next_dist_19zsb-q._.js:776
[ 1684331ms] [LOG] [Fast Refresh] done in 62ms @ http://localhost:3000/_next/static/chunks/0stj_next_dist_19zsb-q._.js:776
[ 1684393ms] [LOG] [Fast Refresh] done in 62ms @ http://localhost:3000/_next/static/chunks/0stj_next_dist_19zsb-q._.js:776
[ 1684456ms] [LOG] [Fast Refresh] done in 62ms @ http://localhost:3000/_next/static/chunks/0stj_next_dist_19zsb-q._.js:776
[ 1684518ms] [LOG] [Fast Refresh] done in 62ms @ http://localhost:3000/_next/static/chunks/0stj_next_dist_19zsb-q._.js:776
[ 1684582ms] [LOG] [Fast Refresh] done in 62ms @ http://localhost:3000/_next/static/chunks/0stj_next_dist_19zsb-q._.js:776
[ 1684644ms] [LOG] [Fast Refresh] done in 62ms @ http://localhost:3000/_next/static/chunks/0stj_next_dist_19zsb-q._.js:776
[ 1684707ms] [LOG] [Fast Refresh] done in 62ms @ http://localhost:3000/_next/static/chunks/0stj_next_dist_19zsb-q._.js:776
[ 1684770ms] [LOG] [Fast Refresh] done in 62ms @ http://localhost:3000/_next/static/chunks/0stj_next_dist_19zsb-q._.js:776
[ 1684833ms] [LOG] [Fast Refresh] done in 62ms @ http://localhost:3000/_next/static/chunks/0stj_next_dist_19zsb-q._.js:776
[ 1684896ms] [LOG] [Fast Refresh] done in 62ms @ http://localhost:3000/_next/static/chunks/0stj_next_dist_19zsb-q._.js:776
[ 1684957ms] [LOG] [Fast Refresh] done in 62ms @ http://localhost:3000/_next/static/chunks/0stj_next_dist_19zsb-q._.js:776
[ 1685021ms] [LOG] [Fast Refresh] done in 62ms @ http://localhost:3000/_next/static/chunks/0stj_next_dist_19zsb-q._.js:776
[ 1685082ms] [LOG] [Fast Refresh] done in 62ms @ http://localhost:3000/_next/static/chunks/0stj_next_dist_19zsb-q._.js:776
[ 1685148ms] [LOG] [Fast Refresh] done in 62ms @ http://localhost:3000/_next/static/chunks/0stj_next_dist_19zsb-q._.js:776
[ 1685206ms] [LOG] [Fast Refresh] done in 62ms @ http://localhost:3000/_next/static/chunks/0stj_next_dist_19zsb-q._.js:776
[ 1685268ms] [LOG] [Fast Refresh] done in 62ms @ http://localhost:3000/_next/static/chunks/0stj_next_dist_19zsb-q._.js:776
[ 1685329ms] [LOG] [Fast Refresh] done in 62ms @ http://localhost:3000/_next/static/chunks/0stj_next_dist_19zsb-q._.js:776
[ 1685391ms] [LOG] [Fast Refresh] done in 62ms @ http://localhost:3000/_next/static/chunks/0stj_next_dist_19zsb-q._.js:776
[ 1685454ms] [LOG] [Fast Refresh] done in 62ms @ http://localhost:3000/_next/static/chunks/0stj_next_dist_19zsb-q._.js:776
[ 1685515ms] [LOG] [Fast Refresh] done in 62ms @ http://localhost:3000/_next/static/chunks/0stj_next_dist_19zsb-q._.js:776
[ 1685579ms] [LOG] [Fast Refresh] done in 62ms @ http://localhost:3000/_next/static/chunks/0stj_next_dist_19zsb-q._.js:776
[ 1685642ms] [LOG] [Fast Refresh] done in 62ms @ http://localhost:3000/_next/static/chunks/0stj_next_dist_19zsb-q._.js:776
[ 1685720ms] [LOG] [Fast Refresh] done in 62ms @ http://localhost:3000/_next/static/chunks/0stj_next_dist_19zsb-q._.js:776
[ 1685781ms] [LOG] [Fast Refresh] done in 62ms @ http://localhost:3000/_next/static/chunks/0stj_next_dist_19zsb-q._.js:776
[ 1685843ms] [LOG] [Fast Refresh] done in 62ms @ http://localhost:3000/_next/static/chunks/0stj_next_dist_19zsb-q._.js:776
[ 1685906ms] [LOG] [Fast Refresh] done in 62ms @ http://localhost:3000/_next/static/chunks/0stj_next_dist_19zsb-q._.js:776
[ 1685967ms] [LOG] [Fast Refresh] done in 62ms @ http://localhost:3000/_next/static/chunks/0stj_next_dist_19zsb-q._.js:776
[ 1686030ms] [LOG] [Fast Refresh] done in 62ms @ http://localhost:3000/_next/static/chunks/0stj_next_dist_19zsb-q._.js:776
[ 1686092ms] [LOG] [Fast Refresh] done in 62ms @ http://localhost:3000/_next/static/chunks/0stj_next_dist_19zsb-q._.js:776
[ 1686155ms] [LOG] [Fast Refresh] done in 62ms @ http://localhost:3000/_next/static/chunks/0stj_next_dist_19zsb-q._.js:776
[ 1686216ms] [LOG] [Fast Refresh] done in 62ms @ http://localhost:3000/_next/static/chunks/0stj_next_dist_19zsb-q._.js:776
[ 1686279ms] [LOG] [Fast Refresh] done in 62ms @ http://localhost:3000/_next/static/chunks/0stj_next_dist_19zsb-q._.js:776
[ 1686343ms] [LOG] [Fast Refresh] done in 62ms @ http://localhost:3000/_next/static/chunks/0stj_next_dist_19zsb-q._.js:776
[ 1686406ms] [LOG] [Fast Refresh] done in 62ms @ http://localhost:3000/_next/static/chunks/0stj_next_dist_19zsb-q._.js:776
[ 1686467ms] [LOG] [Fast Refresh] done in 62ms @ http://localhost:3000/_next/static/chunks/0stj_next_dist_19zsb-q._.js:776
[ 1686531ms] [LOG] [Fast Refresh] done in 62ms @ http://localhost:3000/_next/static/chunks/0stj_next_dist_19zsb-q._.js:776
[ 1686593ms] [LOG] [Fast Refresh] done in 62ms @ http://localhost:3000/_next/static/chunks/0stj_next_dist_19zsb-q._.js:776
[ 1686655ms] [LOG] [Fast Refresh] done in 62ms @ http://localhost:3000/_next/static/chunks/0stj_next_dist_19zsb-q._.js:776
[ 1686716ms] [LOG] [Fast Refresh] done in 62ms @ http://localhost:3000/_next/static/chunks/0stj_next_dist_19zsb-q._.js:776
[ 1686780ms] [LOG] [Fast Refresh] done in 62ms @ http://localhost:3000/_next/static/chunks/0stj_next_dist_19zsb-q._.js:776
[ 1686844ms] [LOG] [Fast Refresh] done in 62ms @ http://localhost:3000/_next/static/chunks/0stj_next_dist_19zsb-q._.js:776
[ 1686909ms] [LOG] [Fast Refresh] done in 62ms @ http://localhost:3000/_next/static/chunks/0stj_next_dist_19zsb-q._.js:776
[ 1686970ms] [LOG] [Fast Refresh] done in 62ms @ http://localhost:3000/_next/static/chunks/0stj_next_dist_19zsb-q._.js:776
[ 1687033ms] [LOG] [Fast Refresh] done in 62ms @ http://localhost:3000/_next/static/chunks/0stj_next_dist_19zsb-q._.js:776
[ 1687095ms] [LOG] [Fast Refresh] done in 62ms @ http://localhost:3000/_next/static/chunks/0stj_next_dist_19zsb-q._.js:776
[ 1687160ms] [LOG] [Fast Refresh] done in 62ms @ http://localhost:3000/_next/static/chunks/0stj_next_dist_19zsb-q._.js:776
[ 1687221ms] [LOG] [Fast Refresh] done in 62ms @ http://localhost:3000/_next/static/chunks/0stj_next_dist_19zsb-q._.js:776
[ 1687283ms] [LOG] [Fast Refresh] done in 62ms @ http://localhost:3000/_next/static/chunks/0stj_next_dist_19zsb-q._.js:776
[ 1687347ms] [LOG] [Fast Refresh] done in 62ms @ http://localhost:3000/_next/static/chunks/0stj_next_dist_19zsb-q._.js:776
[ 1687409ms] [LOG] [Fast Refresh] done in 62ms @ http://localhost:3000/_next/static/chunks/0stj_next_dist_19zsb-q._.js:776
[ 1687486ms] [LOG] [Fast Refresh] done in 62ms @ http://localhost:3000/_next/static/chunks/0stj_next_dist_19zsb-q._.js:776
[ 1687549ms] [LOG] [Fast Refresh] done in 62ms @ http://localhost:3000/_next/static/chunks/0stj_next_dist_19zsb-q._.js:776
[ 1687613ms] [LOG] [Fast Refresh] done in 62ms @ http://localhost:3000/_next/static/chunks/0stj_next_dist_19zsb-q._.js:776
[ 1687676ms] [LOG] [Fast Refresh] done in 62ms @ http://localhost:3000/_next/static/chunks/0stj_next_dist_19zsb-q._.js:776
[ 1687739ms] [LOG] [Fast Refresh] done in 62ms @ http://localhost:3000/_next/static/chunks/0stj_next_dist_19zsb-q._.js:776
[ 1687801ms] [LOG] [Fast Refresh] done in 62ms @ http://localhost:3000/_next/static/chunks/0stj_next_dist_19zsb-q._.js:776
[ 1687862ms] [LOG] [Fast Refresh] done in 62ms @ http://localhost:3000/_next/static/chunks/0stj_next_dist_19zsb-q._.js:776
[ 1687927ms] [LOG] [Fast Refresh] done in 62ms @ http://localhost:3000/_next/static/chunks/0stj_next_dist_19zsb-q._.js:776
[ 1687988ms] [LOG] [Fast Refresh] done in 62ms @ http://localhost:3000/_next/static/chunks/0stj_next_dist_19zsb-q._.js:776
[ 1688052ms] [LOG] [Fast Refresh] done in 62ms @ http://localhost:3000/_next/static/chunks/0stj_next_dist_19zsb-q._.js:776
[ 1688115ms] [LOG] [Fast Refresh] done in 62ms @ http://localhost:3000/_next/static/chunks/0stj_next_dist_19zsb-q._.js:776
[ 1688179ms] [LOG] [Fast Refresh] done in 62ms @ http://localhost:3000/_next/static/chunks/0stj_next_dist_19zsb-q._.js:776
[ 1688242ms] [LOG] [Fast Refresh] done in 62ms @ http://localhost:3000/_next/static/chunks/0stj_next_dist_19zsb-q._.js:776
[ 1688304ms] [LOG] [Fast Refresh] done in 62ms @ http://localhost:3000/_next/static/chunks/0stj_next_dist_19zsb-q._.js:776
[ 1688366ms] [LOG] [Fast Refresh] done in 62ms @ http://localhost:3000/_next/static/chunks/0stj_next_dist_19zsb-q._.js:776
[ 1688429ms] [LOG] [Fast Refresh] done in 62ms @ http://localhost:3000/_next/static/chunks/0stj_next_dist_19zsb-q._.js:776
[ 1688490ms] [LOG] [Fast Refresh] done in 62ms @ http://localhost:3000/_next/static/chunks/0stj_next_dist_19zsb-q._.js:776
[ 1688553ms] [LOG] [Fast Refresh] done in 62ms @ http://localhost:3000/_next/static/chunks/0stj_next_dist_19zsb-q._.js:776
[ 1688615ms] [LOG] [Fast Refresh] done in 62ms @ http://localhost:3000/_next/static/chunks/0stj_next_dist_19zsb-q._.js:776
[ 1688678ms] [LOG] [Fast Refresh] done in 62ms @ http://localhost:3000/_next/static/chunks/0stj_next_dist_19zsb-q._.js:776
[ 1688739ms] [LOG] [Fast Refresh] done in 62ms @ http://localhost:3000/_next/static/chunks/0stj_next_dist_19zsb-q._.js:776
[ 1688802ms] [LOG] [Fast Refresh] done in 62ms @ http://localhost:3000/_next/static/chunks/0stj_next_dist_19zsb-q._.js:776
[ 1688864ms] [LOG] [Fast Refresh] done in 62ms @ http://localhost:3000/_next/static/chunks/0stj_next_dist_19zsb-q._.js:776
[ 1688927ms] [LOG] [Fast Refresh] done in 62ms @ http://localhost:3000/_next/static/chunks/0stj_next_dist_19zsb-q._.js:776
[ 1688990ms] [LOG] [Fast Refresh] done in 62ms @ http://localhost:3000/_next/static/chunks/0stj_next_dist_19zsb-q._.js:776
[ 1689053ms] [LOG] [Fast Refresh] done in 62ms @ http://localhost:3000/_next/static/chunks/0stj_next_dist_19zsb-q._.js:776
[ 1689116ms] [LOG] [Fast Refresh] done in 62ms @ http://localhost:3000/_next/static/chunks/0stj_next_dist_19zsb-q._.js:776
[ 1689178ms] [LOG] [Fast Refresh] done in 62ms @ http://localhost:3000/_next/static/chunks/0stj_next_dist_19zsb-q._.js:776
[ 1689240ms] [LOG] [Fast Refresh] done in 62ms @ http://localhost:3000/_next/static/chunks/0stj_next_dist_19zsb-q._.js:776
[ 1689303ms] [LOG] [Fast Refresh] done in 62ms @ http://localhost:3000/_next/static/chunks/0stj_next_dist_19zsb-q._.js:776
[ 1689366ms] [LOG] [Fast Refresh] done in 62ms @ http://localhost:3000/_next/static/chunks/0stj_next_dist_19zsb-q._.js:776
[ 1689428ms] [LOG] [Fast Refresh] done in 62ms @ http://localhost:3000/_next/static/chunks/0stj_next_dist_19zsb-q._.js:776
[ 1689492ms] [LOG] [Fast Refresh] done in 62ms @ http://localhost:3000/_next/static/chunks/0stj_next_dist_19zsb-q._.js:776
[ 1689555ms] [LOG] [Fast Refresh] done in 62ms @ http://localhost:3000/_next/static/chunks/0stj_next_dist_19zsb-q._.js:776
[ 1689617ms] [LOG] [Fast Refresh] done in 62ms @ http://localhost:3000/_next/static/chunks/0stj_next_dist_19zsb-q._.js:776
[ 1689681ms] [LOG] [Fast Refresh] done in 62ms @ http://localhost:3000/_next/static/chunks/0stj_next_dist_19zsb-q._.js:776
[ 1689742ms] [LOG] [Fast Refresh] done in 62ms @ http://localhost:3000/_next/static/chunks/0stj_next_dist_19zsb-q._.js:776
[ 1689806ms] [LOG] [Fast Refresh] done in 62ms @ http://localhost:3000/_next/static/chunks/0stj_next_dist_19zsb-q._.js:776
[ 1689869ms] [LOG] [Fast Refresh] done in 62ms @ http://localhost:3000/_next/static/chunks/0stj_next_dist_19zsb-q._.js:776
[ 1689931ms] [LOG] [Fast Refresh] done in 62ms @ http://localhost:3000/_next/static/chunks/0stj_next_dist_19zsb-q._.js:776
[ 1689992ms] [LOG] [Fast Refresh] done in 62ms @ http://localhost:3000/_next/static/chunks/0stj_next_dist_19zsb-q._.js:776
[ 1690054ms] [LOG] [Fast Refresh] done in 62ms @ http://localhost:3000/_next/static/chunks/0stj_next_dist_19zsb-q._.js:776
[ 1690116ms] [LOG] [Fast Refresh] done in 62ms @ http://localhost:3000/_next/static/chunks/0stj_next_dist_19zsb-q._.js:776
[ 1690179ms] [LOG] [Fast Refresh] done in 62ms @ http://localhost:3000/_next/static/chunks/0stj_next_dist_19zsb-q._.js:776
[ 1690257ms] [LOG] [Fast Refresh] done in 62ms @ http://localhost:3000/_next/static/chunks/0stj_next_dist_19zsb-q._.js:776
[ 1690318ms] [LOG] [Fast Refresh] done in 62ms @ http://localhost:3000/_next/static/chunks/0stj_next_dist_19zsb-q._.js:776
[ 1690381ms] [LOG] [Fast Refresh] done in 62ms @ http://localhost:3000/_next/static/chunks/0stj_next_dist_19zsb-q._.js:776
[ 1690442ms] [LOG] [Fast Refresh] done in 62ms @ http://localhost:3000/_next/static/chunks/0stj_next_dist_19zsb-q._.js:776
[ 1690521ms] [LOG] [Fast Refresh] done in 62ms @ http://localhost:3000/_next/static/chunks/0stj_next_dist_19zsb-q._.js:776
[ 1690584ms] [LOG] [Fast Refresh] done in 62ms @ http://localhost:3000/_next/static/chunks/0stj_next_dist_19zsb-q._.js:776
[ 1690648ms] [LOG] [Fast Refresh] done in 62ms @ http://localhost:3000/_next/static/chunks/0stj_next_dist_19zsb-q._.js:776
[ 1690711ms] [LOG] [Fast Refresh] done in 62ms @ http://localhost:3000/_next/static/chunks/0stj_next_dist_19zsb-q._.js:776
[ 1690772ms] [LOG] [Fast Refresh] done in 62ms @ http://localhost:3000/_next/static/chunks/0stj_next_dist_19zsb-q._.js:776
[ 1690834ms] [LOG] [Fast Refresh] done in 62ms @ http://localhost:3000/_next/static/chunks/0stj_next_dist_19zsb-q._.js:776
[ 1690896ms] [LOG] [Fast Refresh] done in 62ms @ http://localhost:3000/_next/static/chunks/0stj_next_dist_19zsb-q._.js:776
[ 1690959ms] [LOG] [Fast Refresh] done in 62ms @ http://localhost:3000/_next/static/chunks/0stj_next_dist_19zsb-q._.js:776
[ 1691035ms] [LOG] [Fast Refresh] done in 62ms @ http://localhost:3000/_next/static/chunks/0stj_next_dist_19zsb-q._.js:776
[ 1691097ms] [LOG] [Fast Refresh] done in 62ms @ http://localhost:3000/_next/static/chunks/0stj_next_dist_19zsb-q._.js:776
[ 1691160ms] [LOG] [Fast Refresh] done in 62ms @ http://localhost:3000/_next/static/chunks/0stj_next_dist_19zsb-q._.js:776
[ 1691221ms] [LOG] [Fast Refresh] done in 62ms @ http://localhost:3000/_next/static/chunks/0stj_next_dist_19zsb-q._.js:776
[ 1691297ms] [LOG] [Fast Refresh] done in 62ms @ http://localhost:3000/_next/static/chunks/0stj_next_dist_19zsb-q._.js:776
[ 1691360ms] [LOG] [Fast Refresh] done in 62ms @ http://localhost:3000/_next/static/chunks/0stj_next_dist_19zsb-q._.js:776
[ 1691438ms] [LOG] [Fast Refresh] done in 62ms @ http://localhost:3000/_next/static/chunks/0stj_next_dist_19zsb-q._.js:776
[ 1691500ms] [LOG] [Fast Refresh] done in 62ms @ http://localhost:3000/_next/static/chunks/0stj_next_dist_19zsb-q._.js:776
[ 1691562ms] [LOG] [Fast Refresh] done in 62ms @ http://localhost:3000/_next/static/chunks/0stj_next_dist_19zsb-q._.js:776
[ 1691623ms] [LOG] [Fast Refresh] done in 62ms @ http://localhost:3000/_next/static/chunks/0stj_next_dist_19zsb-q._.js:776
[ 1691689ms] [LOG] [Fast Refresh] done in 62ms @ http://localhost:3000/_next/static/chunks/0stj_next_dist_19zsb-q._.js:776
[ 1691751ms] [LOG] [Fast Refresh] done in 62ms @ http://localhost:3000/_next/static/chunks/0stj_next_dist_19zsb-q._.js:776
[ 1691815ms] [LOG] [Fast Refresh] done in 62ms @ http://localhost:3000/_next/static/chunks/0stj_next_dist_19zsb-q._.js:776
[ 1691874ms] [LOG] [Fast Refresh] done in 62ms @ http://localhost:3000/_next/static/chunks/0stj_next_dist_19zsb-q._.js:776
[ 1691938ms] [LOG] [Fast Refresh] done in 62ms @ http://localhost:3000/_next/static/chunks/0stj_next_dist_19zsb-q._.js:776
[ 1692000ms] [LOG] [Fast Refresh] done in 62ms @ http://localhost:3000/_next/static/chunks/0stj_next_dist_19zsb-q._.js:776
[ 1692065ms] [LOG] [Fast Refresh] done in 62ms @ http://localhost:3000/_next/static/chunks/0stj_next_dist_19zsb-q._.js:776
[ 1692127ms] [LOG] [Fast Refresh] done in 62ms @ http://localhost:3000/_next/static/chunks/0stj_next_dist_19zsb-q._.js:776
[ 1692191ms] [LOG] [Fast Refresh] done in 62ms @ http://localhost:3000/_next/static/chunks/0stj_next_dist_19zsb-q._.js:776
[ 1692254ms] [LOG] [Fast Refresh] done in 62ms @ http://localhost:3000/_next/static/chunks/0stj_next_dist_19zsb-q._.js:776
[ 1692319ms] [LOG] [Fast Refresh] done in 62ms @ http://localhost:3000/_next/static/chunks/0stj_next_dist_19zsb-q._.js:776
[ 1692381ms] [LOG] [Fast Refresh] done in 62ms @ http://localhost:3000/_next/static/chunks/0stj_next_dist_19zsb-q._.js:776
[ 1692443ms] [LOG] [Fast Refresh] done in 62ms @ http://localhost:3000/_next/static/chunks/0stj_next_dist_19zsb-q._.js:776
[ 1692505ms] [LOG] [Fast Refresh] done in 62ms @ http://localhost:3000/_next/static/chunks/0stj_next_dist_19zsb-q._.js:776
[ 1692569ms] [LOG] [Fast Refresh] done in 62ms @ http://localhost:3000/_next/static/chunks/0stj_next_dist_19zsb-q._.js:776
[ 1692630ms] [LOG] [Fast Refresh] done in 62ms @ http://localhost:3000/_next/static/chunks/0stj_next_dist_19zsb-q._.js:776
[ 1692694ms] [LOG] [Fast Refresh] done in 62ms @ http://localhost:3000/_next/static/chunks/0stj_next_dist_19zsb-q._.js:776
[ 1692756ms] [LOG] [Fast Refresh] done in 62ms @ http://localhost:3000/_next/static/chunks/0stj_next_dist_19zsb-q._.js:776
[ 1692818ms] [LOG] [Fast Refresh] done in 62ms @ http://localhost:3000/_next/static/chunks/0stj_next_dist_19zsb-q._.js:776
[ 1692880ms] [LOG] [Fast Refresh] done in 62ms @ http://localhost:3000/_next/static/chunks/0stj_next_dist_19zsb-q._.js:776
[ 1692942ms] [LOG] [Fast Refresh] done in 62ms @ http://localhost:3000/_next/static/chunks/0stj_next_dist_19zsb-q._.js:776
[ 1693005ms] [LOG] [Fast Refresh] done in 62ms @ http://localhost:3000/_next/static/chunks/0stj_next_dist_19zsb-q._.js:776
[ 1693067ms] [LOG] [Fast Refresh] done in 62ms @ http://localhost:3000/_next/static/chunks/0stj_next_dist_19zsb-q._.js:776
[ 1693131ms] [LOG] [Fast Refresh] done in 62ms @ http://localhost:3000/_next/static/chunks/0stj_next_dist_19zsb-q._.js:776
[ 1693193ms] [LOG] [Fast Refresh] done in 62ms @ http://localhost:3000/_next/static/chunks/0stj_next_dist_19zsb-q._.js:776
[ 1693255ms] [LOG] [Fast Refresh] done in 62ms @ http://localhost:3000/_next/static/chunks/0stj_next_dist_19zsb-q._.js:776
[ 1693319ms] [LOG] [Fast Refresh] done in 62ms @ http://localhost:3000/_next/static/chunks/0stj_next_dist_19zsb-q._.js:776
[ 1693382ms] [LOG] [Fast Refresh] done in 62ms @ http://localhost:3000/_next/static/chunks/0stj_next_dist_19zsb-q._.js:776
[ 1693444ms] [LOG] [Fast Refresh] done in 62ms @ http://localhost:3000/_next/static/chunks/0stj_next_dist_19zsb-q._.js:776
[ 1693507ms] [LOG] [Fast Refresh] done in 62ms @ http://localhost:3000/_next/static/chunks/0stj_next_dist_19zsb-q._.js:776
[ 1693569ms] [LOG] [Fast Refresh] done in 62ms @ http://localhost:3000/_next/static/chunks/0stj_next_dist_19zsb-q._.js:776
[ 1693632ms] [LOG] [Fast Refresh] done in 62ms @ http://localhost:3000/_next/static/chunks/0stj_next_dist_19zsb-q._.js:776
[ 1693694ms] [LOG] [Fast Refresh] done in 62ms @ http://localhost:3000/_next/static/chunks/0stj_next_dist_19zsb-q._.js:776
[ 1693756ms] [LOG] [Fast Refresh] done in 62ms @ http://localhost:3000/_next/static/chunks/0stj_next_dist_19zsb-q._.js:776
[ 1693820ms] [LOG] [Fast Refresh] done in 62ms @ http://localhost:3000/_next/static/chunks/0stj_next_dist_19zsb-q._.js:776
[ 1693881ms] [LOG] [Fast Refresh] done in 62ms @ http://localhost:3000/_next/static/chunks/0stj_next_dist_19zsb-q._.js:776
[ 1693943ms] [LOG] [Fast Refresh] done in 62ms @ http://localhost:3000/_next/static/chunks/0stj_next_dist_19zsb-q._.js:776
[ 1694006ms] [LOG] [Fast Refresh] done in 62ms @ http://localhost:3000/_next/static/chunks/0stj_next_dist_19zsb-q._.js:776
[ 1694070ms] [LOG] [Fast Refresh] done in 62ms @ http://localhost:3000/_next/static/chunks/0stj_next_dist_19zsb-q._.js:776
[ 1694132ms] [LOG] [Fast Refresh] done in 62ms @ http://localhost:3000/_next/static/chunks/0stj_next_dist_19zsb-q._.js:776
[ 1694197ms] [LOG] [Fast Refresh] done in 62ms @ http://localhost:3000/_next/static/chunks/0stj_next_dist_19zsb-q._.js:776
[ 1694260ms] [LOG] [Fast Refresh] done in 62ms @ http://localhost:3000/_next/static/chunks/0stj_next_dist_19zsb-q._.js:776
[ 1694324ms] [LOG] [Fast Refresh] done in 62ms @ http://localhost:3000/_next/static/chunks/0stj_next_dist_19zsb-q._.js:776
[ 1694387ms] [LOG] [Fast Refresh] done in 62ms @ http://localhost:3000/_next/static/chunks/0stj_next_dist_19zsb-q._.js:776
[ 1694449ms] [LOG] [Fast Refresh] done in 62ms @ http://localhost:3000/_next/static/chunks/0stj_next_dist_19zsb-q._.js:776
[ 1694511ms] [LOG] [Fast Refresh] done in 62ms @ http://localhost:3000/_next/static/chunks/0stj_next_dist_19zsb-q._.js:776
[ 1694575ms] [LOG] [Fast Refresh] done in 62ms @ http://localhost:3000/_next/static/chunks/0stj_next_dist_19zsb-q._.js:776
[ 1694638ms] [LOG] [Fast Refresh] done in 62ms @ http://localhost:3000/_next/static/chunks/0stj_next_dist_19zsb-q._.js:776
[ 1694700ms] [LOG] [Fast Refresh] done in 62ms @ http://localhost:3000/_next/static/chunks/0stj_next_dist_19zsb-q._.js:776
[ 1694762ms] [LOG] [Fast Refresh] done in 62ms @ http://localhost:3000/_next/static/chunks/0stj_next_dist_19zsb-q._.js:776
[ 1694825ms] [LOG] [Fast Refresh] done in 62ms @ http://localhost:3000/_next/static/chunks/0stj_next_dist_19zsb-q._.js:776
[ 1694888ms] [LOG] [Fast Refresh] done in 62ms @ http://localhost:3000/_next/static/chunks/0stj_next_dist_19zsb-q._.js:776
[ 1694968ms] [LOG] [Fast Refresh] done in 62ms @ http://localhost:3000/_next/static/chunks/0stj_next_dist_19zsb-q._.js:776
[ 1695032ms] [LOG] [Fast Refresh] done in 62ms @ http://localhost:3000/_next/static/chunks/0stj_next_dist_19zsb-q._.js:776
[ 1695096ms] [LOG] [Fast Refresh] done in 62ms @ http://localhost:3000/_next/static/chunks/0stj_next_dist_19zsb-q._.js:776
[ 1695159ms] [LOG] [Fast Refresh] done in 62ms @ http://localhost:3000/_next/static/chunks/0stj_next_dist_19zsb-q._.js:776
[ 1695220ms] [LOG] [Fast Refresh] done in 62ms @ http://localhost:3000/_next/static/chunks/0stj_next_dist_19zsb-q._.js:776
[ 1695283ms] [LOG] [Fast Refresh] done in 62ms @ http://localhost:3000/_next/static/chunks/0stj_next_dist_19zsb-q._.js:776
[ 1695346ms] [LOG] [Fast Refresh] done in 62ms @ http://localhost:3000/_next/static/chunks/0stj_next_dist_19zsb-q._.js:776
[ 1695409ms] [LOG] [Fast Refresh] done in 62ms @ http://localhost:3000/_next/static/chunks/0stj_next_dist_19zsb-q._.js:776
[ 1695472ms] [LOG] [Fast Refresh] done in 62ms @ http://localhost:3000/_next/static/chunks/0stj_next_dist_19zsb-q._.js:776
[ 1695535ms] [LOG] [Fast Refresh] done in 62ms @ http://localhost:3000/_next/static/chunks/0stj_next_dist_19zsb-q._.js:776
[ 1695597ms] [LOG] [Fast Refresh] done in 62ms @ http://localhost:3000/_next/static/chunks/0stj_next_dist_19zsb-q._.js:776
[ 1695662ms] [LOG] [Fast Refresh] done in 62ms @ http://localhost:3000/_next/static/chunks/0stj_next_dist_19zsb-q._.js:776
[ 1695722ms] [LOG] [Fast Refresh] done in 62ms @ http://localhost:3000/_next/static/chunks/0stj_next_dist_19zsb-q._.js:776
[ 1695784ms] [LOG] [Fast Refresh] done in 62ms @ http://localhost:3000/_next/static/chunks/0stj_next_dist_19zsb-q._.js:776
[ 1695847ms] [LOG] [Fast Refresh] done in 62ms @ http://localhost:3000/_next/static/chunks/0stj_next_dist_19zsb-q._.js:776
[ 1695911ms] [LOG] [Fast Refresh] done in 62ms @ http://localhost:3000/_next/static/chunks/0stj_next_dist_19zsb-q._.js:776
[ 1695973ms] [LOG] [Fast Refresh] done in 62ms @ http://localhost:3000/_next/static/chunks/0stj_next_dist_19zsb-q._.js:776
[ 1696036ms] [LOG] [Fast Refresh] done in 62ms @ http://localhost:3000/_next/static/chunks/0stj_next_dist_19zsb-q._.js:776
[ 1696099ms] [LOG] [Fast Refresh] done in 62ms @ http://localhost:3000/_next/static/chunks/0stj_next_dist_19zsb-q._.js:776
[ 1696164ms] [LOG] [Fast Refresh] done in 62ms @ http://localhost:3000/_next/static/chunks/0stj_next_dist_19zsb-q._.js:776
[ 1696224ms] [LOG] [Fast Refresh] done in 62ms @ http://localhost:3000/_next/static/chunks/0stj_next_dist_19zsb-q._.js:776
[ 1696286ms] [LOG] [Fast Refresh] done in 62ms @ http://localhost:3000/_next/static/chunks/0stj_next_dist_19zsb-q._.js:776
[ 1696348ms] [LOG] [Fast Refresh] done in 62ms @ http://localhost:3000/_next/static/chunks/0stj_next_dist_19zsb-q._.js:776
[ 1696426ms] [LOG] [Fast Refresh] done in 62ms @ http://localhost:3000/_next/static/chunks/0stj_next_dist_19zsb-q._.js:776
[ 1696494ms] [LOG] [Fast Refresh] done in 62ms @ http://localhost:3000/_next/static/chunks/0stj_next_dist_19zsb-q._.js:776
[ 1696552ms] [LOG] [Fast Refresh] done in 62ms @ http://localhost:3000/_next/static/chunks/0stj_next_dist_19zsb-q._.js:776
[ 1696616ms] [LOG] [Fast Refresh] done in 62ms @ http://localhost:3000/_next/static/chunks/0stj_next_dist_19zsb-q._.js:776
[ 1696677ms] [LOG] [Fast Refresh] done in 62ms @ http://localhost:3000/_next/static/chunks/0stj_next_dist_19zsb-q._.js:776
[ 1696740ms] [LOG] [Fast Refresh] done in 62ms @ http://localhost:3000/_next/static/chunks/0stj_next_dist_19zsb-q._.js:776
[ 1696803ms] [LOG] [Fast Refresh] done in 62ms @ http://localhost:3000/_next/static/chunks/0stj_next_dist_19zsb-q._.js:776
[ 1696864ms] [LOG] [Fast Refresh] done in 62ms @ http://localhost:3000/_next/static/chunks/0stj_next_dist_19zsb-q._.js:776
[ 1696926ms] [LOG] [Fast Refresh] done in 62ms @ http://localhost:3000/_next/static/chunks/0stj_next_dist_19zsb-q._.js:776
[ 1696989ms] [LOG] [Fast Refresh] done in 62ms @ http://localhost:3000/_next/static/chunks/0stj_next_dist_19zsb-q._.js:776
[ 1697051ms] [LOG] [Fast Refresh] done in 62ms @ http://localhost:3000/_next/static/chunks/0stj_next_dist_19zsb-q._.js:776
[ 1697114ms] [LOG] [Fast Refresh] done in 62ms @ http://localhost:3000/_next/static/chunks/0stj_next_dist_19zsb-q._.js:776
[ 1697177ms] [LOG] [Fast Refresh] done in 62ms @ http://localhost:3000/_next/static/chunks/0stj_next_dist_19zsb-q._.js:776
[ 1697240ms] [LOG] [Fast Refresh] done in 62ms @ http://localhost:3000/_next/static/chunks/0stj_next_dist_19zsb-q._.js:776
[ 1697301ms] [LOG] [Fast Refresh] done in 62ms @ http://localhost:3000/_next/static/chunks/0stj_next_dist_19zsb-q._.js:776
[ 1697364ms] [LOG] [Fast Refresh] done in 62ms @ http://localhost:3000/_next/static/chunks/0stj_next_dist_19zsb-q._.js:776
[ 1697426ms] [LOG] [Fast Refresh] done in 62ms @ http://localhost:3000/_next/static/chunks/0stj_next_dist_19zsb-q._.js:776
[ 1697490ms] [LOG] [Fast Refresh] done in 62ms @ http://localhost:3000/_next/static/chunks/0stj_next_dist_19zsb-q._.js:776
[ 1697551ms] [LOG] [Fast Refresh] done in 62ms @ http://localhost:3000/_next/static/chunks/0stj_next_dist_19zsb-q._.js:776
[ 1697614ms] [LOG] [Fast Refresh] done in 62ms @ http://localhost:3000/_next/static/chunks/0stj_next_dist_19zsb-q._.js:776
[ 1697677ms] [LOG] [Fast Refresh] done in 62ms @ http://localhost:3000/_next/static/chunks/0stj_next_dist_19zsb-q._.js:776
[ 1697740ms] [LOG] [Fast Refresh] done in 62ms @ http://localhost:3000/_next/static/chunks/0stj_next_dist_19zsb-q._.js:776
[ 1697801ms] [LOG] [Fast Refresh] done in 62ms @ http://localhost:3000/_next/static/chunks/0stj_next_dist_19zsb-q._.js:776
[ 1697866ms] [LOG] [Fast Refresh] done in 62ms @ http://localhost:3000/_next/static/chunks/0stj_next_dist_19zsb-q._.js:776
[ 1697928ms] [LOG] [Fast Refresh] done in 62ms @ http://localhost:3000/_next/static/chunks/0stj_next_dist_19zsb-q._.js:776
[ 1697990ms] [LOG] [Fast Refresh] done in 62ms @ http://localhost:3000/_next/static/chunks/0stj_next_dist_19zsb-q._.js:776
[ 1698052ms] [LOG] [Fast Refresh] done in 62ms @ http://localhost:3000/_next/static/chunks/0stj_next_dist_19zsb-q._.js:776
[ 1698112ms] [LOG] [Fast Refresh] done in 62ms @ http://localhost:3000/_next/static/chunks/0stj_next_dist_19zsb-q._.js:776
[ 1698174ms] [LOG] [Fast Refresh] done in 62ms @ http://localhost:3000/_next/static/chunks/0stj_next_dist_19zsb-q._.js:776
[ 1698237ms] [LOG] [Fast Refresh] done in 62ms @ http://localhost:3000/_next/static/chunks/0stj_next_dist_19zsb-q._.js:776
[ 1698299ms] [LOG] [Fast Refresh] done in 62ms @ http://localhost:3000/_next/static/chunks/0stj_next_dist_19zsb-q._.js:776
[ 1698362ms] [LOG] [Fast Refresh] done in 62ms @ http://localhost:3000/_next/static/chunks/0stj_next_dist_19zsb-q._.js:776
[ 1698426ms] [LOG] [Fast Refresh] done in 62ms @ http://localhost:3000/_next/static/chunks/0stj_next_dist_19zsb-q._.js:776
[ 1698488ms] [LOG] [Fast Refresh] done in 62ms @ http://localhost:3000/_next/static/chunks/0stj_next_dist_19zsb-q._.js:776
[ 1698551ms] [LOG] [Fast Refresh] done in 62ms @ http://localhost:3000/_next/static/chunks/0stj_next_dist_19zsb-q._.js:776
[ 1698614ms] [LOG] [Fast Refresh] done in 62ms @ http://localhost:3000/_next/static/chunks/0stj_next_dist_19zsb-q._.js:776
[ 1698677ms] [LOG] [Fast Refresh] done in 62ms @ http://localhost:3000/_next/static/chunks/0stj_next_dist_19zsb-q._.js:776
[ 1698738ms] [LOG] [Fast Refresh] done in 62ms @ http://localhost:3000/_next/static/chunks/0stj_next_dist_19zsb-q._.js:776
[ 1698801ms] [LOG] [Fast Refresh] done in 62ms @ http://localhost:3000/_next/static/chunks/0stj_next_dist_19zsb-q._.js:776
[ 1698864ms] [LOG] [Fast Refresh] done in 62ms @ http://localhost:3000/_next/static/chunks/0stj_next_dist_19zsb-q._.js:776
[ 1698927ms] [LOG] [Fast Refresh] done in 62ms @ http://localhost:3000/_next/static/chunks/0stj_next_dist_19zsb-q._.js:776
[ 1698990ms] [LOG] [Fast Refresh] done in 62ms @ http://localhost:3000/_next/static/chunks/0stj_next_dist_19zsb-q._.js:776
[ 1699052ms] [LOG] [Fast Refresh] done in 62ms @ http://localhost:3000/_next/static/chunks/0stj_next_dist_19zsb-q._.js:776
[ 1699116ms] [LOG] [Fast Refresh] done in 62ms @ http://localhost:3000/_next/static/chunks/0stj_next_dist_19zsb-q._.js:776
[ 1699179ms] [LOG] [Fast Refresh] done in 62ms @ http://localhost:3000/_next/static/chunks/0stj_next_dist_19zsb-q._.js:776
[ 1699242ms] [LOG] [Fast Refresh] done in 62ms @ http://localhost:3000/_next/static/chunks/0stj_next_dist_19zsb-q._.js:776
[ 1699303ms] [LOG] [Fast Refresh] done in 62ms @ http://localhost:3000/_next/static/chunks/0stj_next_dist_19zsb-q._.js:776
[ 1699366ms] [LOG] [Fast Refresh] done in 62ms @ http://localhost:3000/_next/static/chunks/0stj_next_dist_19zsb-q._.js:776
[ 1699428ms] [LOG] [Fast Refresh] done in 62ms @ http://localhost:3000/_next/static/chunks/0stj_next_dist_19zsb-q._.js:776
[ 1699492ms] [LOG] [Fast Refresh] done in 62ms @ http://localhost:3000/_next/static/chunks/0stj_next_dist_19zsb-q._.js:776
[ 1699554ms] [LOG] [Fast Refresh] done in 62ms @ http://localhost:3000/_next/static/chunks/0stj_next_dist_19zsb-q._.js:776
[ 1699616ms] [LOG] [Fast Refresh] done in 62ms @ http://localhost:3000/_next/static/chunks/0stj_next_dist_19zsb-q._.js:776
[ 1699680ms] [LOG] [Fast Refresh] done in 62ms @ http://localhost:3000/_next/static/chunks/0stj_next_dist_19zsb-q._.js:776
[ 1699744ms] [LOG] [Fast Refresh] done in 62ms @ http://localhost:3000/_next/static/chunks/0stj_next_dist_19zsb-q._.js:776
[ 1699805ms] [LOG] [Fast Refresh] done in 62ms @ http://localhost:3000/_next/static/chunks/0stj_next_dist_19zsb-q._.js:776
[ 1699867ms] [LOG] [Fast Refresh] done in 62ms @ http://localhost:3000/_next/static/chunks/0stj_next_dist_19zsb-q._.js:776
[ 1699929ms] [LOG] [Fast Refresh] done in 62ms @ http://localhost:3000/_next/static/chunks/0stj_next_dist_19zsb-q._.js:776
[ 1699993ms] [LOG] [Fast Refresh] done in 62ms @ http://localhost:3000/_next/static/chunks/0stj_next_dist_19zsb-q._.js:776
[ 1700055ms] [LOG] [Fast Refresh] done in 62ms @ http://localhost:3000/_next/static/chunks/0stj_next_dist_19zsb-q._.js:776
[ 1700117ms] [LOG] [Fast Refresh] done in 62ms @ http://localhost:3000/_next/static/chunks/0stj_next_dist_19zsb-q._.js:776
[ 1700179ms] [LOG] [Fast Refresh] done in 62ms @ http://localhost:3000/_next/static/chunks/0stj_next_dist_19zsb-q._.js:776
[ 1700241ms] [LOG] [Fast Refresh] done in 62ms @ http://localhost:3000/_next/static/chunks/0stj_next_dist_19zsb-q._.js:776
[ 1700303ms] [LOG] [Fast Refresh] done in 62ms @ http://localhost:3000/_next/static/chunks/0stj_next_dist_19zsb-q._.js:776
[ 1700365ms] [LOG] [Fast Refresh] done in 62ms @ http://localhost:3000/_next/static/chunks/0stj_next_dist_19zsb-q._.js:776
[ 1700429ms] [LOG] [Fast Refresh] done in 62ms @ http://localhost:3000/_next/static/chunks/0stj_next_dist_19zsb-q._.js:776
[ 1700490ms] [LOG] [Fast Refresh] done in 62ms @ http://localhost:3000/_next/static/chunks/0stj_next_dist_19zsb-q._.js:776
[ 1700554ms] [LOG] [Fast Refresh] done in 62ms @ http://localhost:3000/_next/static/chunks/0stj_next_dist_19zsb-q._.js:776
[ 1700616ms] [LOG] [Fast Refresh] done in 62ms @ http://localhost:3000/_next/static/chunks/0stj_next_dist_19zsb-q._.js:776
[ 1700679ms] [LOG] [Fast Refresh] done in 62ms @ http://localhost:3000/_next/static/chunks/0stj_next_dist_19zsb-q._.js:776
[ 1700741ms] [LOG] [Fast Refresh] done in 62ms @ http://localhost:3000/_next/static/chunks/0stj_next_dist_19zsb-q._.js:776
[ 1700803ms] [LOG] [Fast Refresh] done in 62ms @ http://localhost:3000/_next/static/chunks/0stj_next_dist_19zsb-q._.js:776
[ 1700865ms] [LOG] [Fast Refresh] done in 62ms @ http://localhost:3000/_next/static/chunks/0stj_next_dist_19zsb-q._.js:776
[ 1700927ms] [LOG] [Fast Refresh] done in 62ms @ http://localhost:3000/_next/static/chunks/0stj_next_dist_19zsb-q._.js:776
[ 1700990ms] [LOG] [Fast Refresh] done in 62ms @ http://localhost:3000/_next/static/chunks/0stj_next_dist_19zsb-q._.js:776
[ 1701052ms] [LOG] [Fast Refresh] done in 62ms @ http://localhost:3000/_next/static/chunks/0stj_next_dist_19zsb-q._.js:776
[ 1701116ms] [LOG] [Fast Refresh] done in 62ms @ http://localhost:3000/_next/static/chunks/0stj_next_dist_19zsb-q._.js:776
[ 1701177ms] [LOG] [Fast Refresh] done in 62ms @ http://localhost:3000/_next/static/chunks/0stj_next_dist_19zsb-q._.js:776
[ 1701239ms] [LOG] [Fast Refresh] done in 62ms @ http://localhost:3000/_next/static/chunks/0stj_next_dist_19zsb-q._.js:776
[ 1701301ms] [LOG] [Fast Refresh] done in 62ms @ http://localhost:3000/_next/static/chunks/0stj_next_dist_19zsb-q._.js:776
[ 1701364ms] [LOG] [Fast Refresh] done in 62ms @ http://localhost:3000/_next/static/chunks/0stj_next_dist_19zsb-q._.js:776
[ 1701426ms] [LOG] [Fast Refresh] done in 62ms @ http://localhost:3000/_next/static/chunks/0stj_next_dist_19zsb-q._.js:776
[ 1701487ms] [LOG] [Fast Refresh] done in 62ms @ http://localhost:3000/_next/static/chunks/0stj_next_dist_19zsb-q._.js:776
[ 1701550ms] [LOG] [Fast Refresh] done in 62ms @ http://localhost:3000/_next/static/chunks/0stj_next_dist_19zsb-q._.js:776
[ 1701612ms] [LOG] [Fast Refresh] done in 62ms @ http://localhost:3000/_next/static/chunks/0stj_next_dist_19zsb-q._.js:776
[ 1701676ms] [LOG] [Fast Refresh] done in 62ms @ http://localhost:3000/_next/static/chunks/0stj_next_dist_19zsb-q._.js:776
[ 1701739ms] [LOG] [Fast Refresh] done in 62ms @ http://localhost:3000/_next/static/chunks/0stj_next_dist_19zsb-q._.js:776
[ 1701801ms] [LOG] [Fast Refresh] done in 62ms @ http://localhost:3000/_next/static/chunks/0stj_next_dist_19zsb-q._.js:776
[ 1701863ms] [LOG] [Fast Refresh] done in 62ms @ http://localhost:3000/_next/static/chunks/0stj_next_dist_19zsb-q._.js:776
[ 1701924ms] [LOG] [Fast Refresh] done in 62ms @ http://localhost:3000/_next/static/chunks/0stj_next_dist_19zsb-q._.js:776
[ 1701987ms] [LOG] [Fast Refresh] done in 62ms @ http://localhost:3000/_next/static/chunks/0stj_next_dist_19zsb-q._.js:776
[ 1702049ms] [LOG] [Fast Refresh] done in 62ms @ http://localhost:3000/_next/static/chunks/0stj_next_dist_19zsb-q._.js:776
[ 1702112ms] [LOG] [Fast Refresh] done in 62ms @ http://localhost:3000/_next/static/chunks/0stj_next_dist_19zsb-q._.js:776
[ 1702180ms] [LOG] [Fast Refresh] done in 62ms @ http://localhost:3000/_next/static/chunks/0stj_next_dist_19zsb-q._.js:776
[ 1702239ms] [LOG] [Fast Refresh] done in 62ms @ http://localhost:3000/_next/static/chunks/0stj_next_dist_19zsb-q._.js:776
[ 1702299ms] [LOG] [Fast Refresh] done in 62ms @ http://localhost:3000/_next/static/chunks/0stj_next_dist_19zsb-q._.js:776
[ 1702361ms] [LOG] [Fast Refresh] done in 62ms @ http://localhost:3000/_next/static/chunks/0stj_next_dist_19zsb-q._.js:776
[ 1702424ms] [LOG] [Fast Refresh] done in 62ms @ http://localhost:3000/_next/static/chunks/0stj_next_dist_19zsb-q._.js:776
[ 1702487ms] [LOG] [Fast Refresh] done in 62ms @ http://localhost:3000/_next/static/chunks/0stj_next_dist_19zsb-q._.js:776
[ 1702549ms] [LOG] [Fast Refresh] done in 62ms @ http://localhost:3000/_next/static/chunks/0stj_next_dist_19zsb-q._.js:776
[ 1702613ms] [LOG] [Fast Refresh] done in 62ms @ http://localhost:3000/_next/static/chunks/0stj_next_dist_19zsb-q._.js:776
[ 1702676ms] [LOG] [Fast Refresh] done in 62ms @ http://localhost:3000/_next/static/chunks/0stj_next_dist_19zsb-q._.js:776
[ 1702738ms] [LOG] [Fast Refresh] done in 62ms @ http://localhost:3000/_next/static/chunks/0stj_next_dist_19zsb-q._.js:776
[ 1702800ms] [LOG] [Fast Refresh] done in 62ms @ http://localhost:3000/_next/static/chunks/0stj_next_dist_19zsb-q._.js:776
[ 1702863ms] [LOG] [Fast Refresh] done in 62ms @ http://localhost:3000/_next/static/chunks/0stj_next_dist_19zsb-q._.js:776
[ 1702926ms] [LOG] [Fast Refresh] done in 62ms @ http://localhost:3000/_next/static/chunks/0stj_next_dist_19zsb-q._.js:776
[ 1702988ms] [LOG] [Fast Refresh] done in 62ms @ http://localhost:3000/_next/static/chunks/0stj_next_dist_19zsb-q._.js:776
[ 1703050ms] [LOG] [Fast Refresh] done in 62ms @ http://localhost:3000/_next/static/chunks/0stj_next_dist_19zsb-q._.js:776
[ 1703112ms] [LOG] [Fast Refresh] done in 62ms @ http://localhost:3000/_next/static/chunks/0stj_next_dist_19zsb-q._.js:776
[ 1703175ms] [LOG] [Fast Refresh] done in 62ms @ http://localhost:3000/_next/static/chunks/0stj_next_dist_19zsb-q._.js:776
[ 1703238ms] [LOG] [Fast Refresh] done in 62ms @ http://localhost:3000/_next/static/chunks/0stj_next_dist_19zsb-q._.js:776
[ 1703301ms] [LOG] [Fast Refresh] done in 62ms @ http://localhost:3000/_next/static/chunks/0stj_next_dist_19zsb-q._.js:776
[ 1703363ms] [LOG] [Fast Refresh] done in 62ms @ http://localhost:3000/_next/static/chunks/0stj_next_dist_19zsb-q._.js:776
[ 1703426ms] [LOG] [Fast Refresh] done in 62ms @ http://localhost:3000/_next/static/chunks/0stj_next_dist_19zsb-q._.js:776
[ 1703488ms] [LOG] [Fast Refresh] done in 62ms @ http://localhost:3000/_next/static/chunks/0stj_next_dist_19zsb-q._.js:776
[ 1703551ms] [LOG] [Fast Refresh] done in 62ms @ http://localhost:3000/_next/static/chunks/0stj_next_dist_19zsb-q._.js:776
[ 1703613ms] [LOG] [Fast Refresh] done in 62ms @ http://localhost:3000/_next/static/chunks/0stj_next_dist_19zsb-q._.js:776
[ 1703677ms] [LOG] [Fast Refresh] done in 62ms @ http://localhost:3000/_next/static/chunks/0stj_next_dist_19zsb-q._.js:776
[ 1703740ms] [LOG] [Fast Refresh] done in 62ms @ http://localhost:3000/_next/static/chunks/0stj_next_dist_19zsb-q._.js:776
[ 1703804ms] [LOG] [Fast Refresh] done in 62ms @ http://localhost:3000/_next/static/chunks/0stj_next_dist_19zsb-q._.js:776
[ 1703866ms] [LOG] [Fast Refresh] done in 62ms @ http://localhost:3000/_next/static/chunks/0stj_next_dist_19zsb-q._.js:776
[ 1703929ms] [LOG] [Fast Refresh] done in 62ms @ http://localhost:3000/_next/static/chunks/0stj_next_dist_19zsb-q._.js:776
[ 1703991ms] [LOG] [Fast Refresh] done in 62ms @ http://localhost:3000/_next/static/chunks/0stj_next_dist_19zsb-q._.js:776
[ 1704054ms] [LOG] [Fast Refresh] done in 62ms @ http://localhost:3000/_next/static/chunks/0stj_next_dist_19zsb-q._.js:776
[ 1704117ms] [LOG] [Fast Refresh] done in 62ms @ http://localhost:3000/_next/static/chunks/0stj_next_dist_19zsb-q._.js:776
[ 1704180ms] [LOG] [Fast Refresh] done in 62ms @ http://localhost:3000/_next/static/chunks/0stj_next_dist_19zsb-q._.js:776
[ 1704242ms] [LOG] [Fast Refresh] done in 62ms @ http://localhost:3000/_next/static/chunks/0stj_next_dist_19zsb-q._.js:776
[ 1704305ms] [LOG] [Fast Refresh] done in 62ms @ http://localhost:3000/_next/static/chunks/0stj_next_dist_19zsb-q._.js:776
[ 1704368ms] [LOG] [Fast Refresh] done in 62ms @ http://localhost:3000/_next/static/chunks/0stj_next_dist_19zsb-q._.js:776
[ 1704428ms] [LOG] [Fast Refresh] done in 62ms @ http://localhost:3000/_next/static/chunks/0stj_next_dist_19zsb-q._.js:776
[ 1704491ms] [LOG] [Fast Refresh] done in 62ms @ http://localhost:3000/_next/static/chunks/0stj_next_dist_19zsb-q._.js:776
[ 1704553ms] [LOG] [Fast Refresh] done in 62ms @ http://localhost:3000/_next/static/chunks/0stj_next_dist_19zsb-q._.js:776
[ 1704615ms] [LOG] [Fast Refresh] done in 62ms @ http://localhost:3000/_next/static/chunks/0stj_next_dist_19zsb-q._.js:776
[ 1704677ms] [LOG] [Fast Refresh] done in 62ms @ http://localhost:3000/_next/static/chunks/0stj_next_dist_19zsb-q._.js:776
[ 1704740ms] [LOG] [Fast Refresh] done in 62ms @ http://localhost:3000/_next/static/chunks/0stj_next_dist_19zsb-q._.js:776
[ 1704804ms] [LOG] [Fast Refresh] done in 62ms @ http://localhost:3000/_next/static/chunks/0stj_next_dist_19zsb-q._.js:776
[ 1704867ms] [LOG] [Fast Refresh] done in 62ms @ http://localhost:3000/_next/static/chunks/0stj_next_dist_19zsb-q._.js:776
[ 1704928ms] [LOG] [Fast Refresh] done in 62ms @ http://localhost:3000/_next/static/chunks/0stj_next_dist_19zsb-q._.js:776
[ 1704989ms] [LOG] [Fast Refresh] done in 62ms @ http://localhost:3000/_next/static/chunks/0stj_next_dist_19zsb-q._.js:776
[ 1705053ms] [LOG] [Fast Refresh] done in 62ms @ http://localhost:3000/_next/static/chunks/0stj_next_dist_19zsb-q._.js:776
[ 1705115ms] [LOG] [Fast Refresh] done in 62ms @ http://localhost:3000/_next/static/chunks/0stj_next_dist_19zsb-q._.js:776
[ 1705176ms] [LOG] [Fast Refresh] done in 62ms @ http://localhost:3000/_next/static/chunks/0stj_next_dist_19zsb-q._.js:776
[ 1705239ms] [LOG] [Fast Refresh] done in 62ms @ http://localhost:3000/_next/static/chunks/0stj_next_dist_19zsb-q._.js:776
[ 1705301ms] [LOG] [Fast Refresh] done in 62ms @ http://localhost:3000/_next/static/chunks/0stj_next_dist_19zsb-q._.js:776
[ 1705363ms] [LOG] [Fast Refresh] done in 62ms @ http://localhost:3000/_next/static/chunks/0stj_next_dist_19zsb-q._.js:776
[ 1705425ms] [LOG] [Fast Refresh] done in 62ms @ http://localhost:3000/_next/static/chunks/0stj_next_dist_19zsb-q._.js:776
[ 1705487ms] [LOG] [Fast Refresh] done in 62ms @ http://localhost:3000/_next/static/chunks/0stj_next_dist_19zsb-q._.js:776
[ 1705550ms] [LOG] [Fast Refresh] done in 62ms @ http://localhost:3000/_next/static/chunks/0stj_next_dist_19zsb-q._.js:776
[ 1705611ms] [LOG] [Fast Refresh] done in 62ms @ http://localhost:3000/_next/static/chunks/0stj_next_dist_19zsb-q._.js:776
[ 1705674ms] [LOG] [Fast Refresh] done in 62ms @ http://localhost:3000/_next/static/chunks/0stj_next_dist_19zsb-q._.js:776
[ 1705737ms] [LOG] [Fast Refresh] done in 62ms @ http://localhost:3000/_next/static/chunks/0stj_next_dist_19zsb-q._.js:776
[ 1705800ms] [LOG] [Fast Refresh] done in 62ms @ http://localhost:3000/_next/static/chunks/0stj_next_dist_19zsb-q._.js:776
[ 1705862ms] [LOG] [Fast Refresh] done in 62ms @ http://localhost:3000/_next/static/chunks/0stj_next_dist_19zsb-q._.js:776
[ 1705924ms] [LOG] [Fast Refresh] done in 62ms @ http://localhost:3000/_next/static/chunks/0stj_next_dist_19zsb-q._.js:776
[ 1705986ms] [LOG] [Fast Refresh] done in 62ms @ http://localhost:3000/_next/static/chunks/0stj_next_dist_19zsb-q._.js:776
[ 1706048ms] [LOG] [Fast Refresh] done in 62ms @ http://localhost:3000/_next/static/chunks/0stj_next_dist_19zsb-q._.js:776
[ 1706110ms] [LOG] [Fast Refresh] done in 62ms @ http://localhost:3000/_next/static/chunks/0stj_next_dist_19zsb-q._.js:776
[ 1706171ms] [LOG] [Fast Refresh] done in 62ms @ http://localhost:3000/_next/static/chunks/0stj_next_dist_19zsb-q._.js:776
[ 1706233ms] [LOG] [Fast Refresh] done in 62ms @ http://localhost:3000/_next/static/chunks/0stj_next_dist_19zsb-q._.js:776
[ 1706294ms] [LOG] [Fast Refresh] done in 62ms @ http://localhost:3000/_next/static/chunks/0stj_next_dist_19zsb-q._.js:776
[ 1706357ms] [LOG] [Fast Refresh] done in 62ms @ http://localhost:3000/_next/static/chunks/0stj_next_dist_19zsb-q._.js:776
[ 1706419ms] [LOG] [Fast Refresh] done in 62ms @ http://localhost:3000/_next/static/chunks/0stj_next_dist_19zsb-q._.js:776
[ 1706483ms] [LOG] [Fast Refresh] done in 62ms @ http://localhost:3000/_next/static/chunks/0stj_next_dist_19zsb-q._.js:776
[ 1706545ms] [LOG] [Fast Refresh] done in 62ms @ http://localhost:3000/_next/static/chunks/0stj_next_dist_19zsb-q._.js:776
[ 1706608ms] [LOG] [Fast Refresh] done in 62ms @ http://localhost:3000/_next/static/chunks/0stj_next_dist_19zsb-q._.js:776
[ 1706670ms] [LOG] [Fast Refresh] done in 62ms @ http://localhost:3000/_next/static/chunks/0stj_next_dist_19zsb-q._.js:776
[ 1706731ms] [LOG] [Fast Refresh] done in 62ms @ http://localhost:3000/_next/static/chunks/0stj_next_dist_19zsb-q._.js:776
[ 1706793ms] [LOG] [Fast Refresh] done in 62ms @ http://localhost:3000/_next/static/chunks/0stj_next_dist_19zsb-q._.js:776
[ 1706856ms] [LOG] [Fast Refresh] done in 62ms @ http://localhost:3000/_next/static/chunks/0stj_next_dist_19zsb-q._.js:776
[ 1706919ms] [LOG] [Fast Refresh] done in 62ms @ http://localhost:3000/_next/static/chunks/0stj_next_dist_19zsb-q._.js:776
[ 1706982ms] [LOG] [Fast Refresh] done in 62ms @ http://localhost:3000/_next/static/chunks/0stj_next_dist_19zsb-q._.js:776
[ 1707047ms] [LOG] [Fast Refresh] done in 62ms @ http://localhost:3000/_next/static/chunks/0stj_next_dist_19zsb-q._.js:776
[ 1707108ms] [LOG] [Fast Refresh] done in 62ms @ http://localhost:3000/_next/static/chunks/0stj_next_dist_19zsb-q._.js:776
[ 1707171ms] [LOG] [Fast Refresh] done in 62ms @ http://localhost:3000/_next/static/chunks/0stj_next_dist_19zsb-q._.js:776
[ 1707234ms] [LOG] [Fast Refresh] done in 62ms @ http://localhost:3000/_next/static/chunks/0stj_next_dist_19zsb-q._.js:776
[ 1707296ms] [LOG] [Fast Refresh] done in 62ms @ http://localhost:3000/_next/static/chunks/0stj_next_dist_19zsb-q._.js:776
[ 1707358ms] [LOG] [Fast Refresh] done in 62ms @ http://localhost:3000/_next/static/chunks/0stj_next_dist_19zsb-q._.js:776
[ 1707422ms] [LOG] [Fast Refresh] done in 62ms @ http://localhost:3000/_next/static/chunks/0stj_next_dist_19zsb-q._.js:776
[ 1707484ms] [LOG] [Fast Refresh] done in 62ms @ http://localhost:3000/_next/static/chunks/0stj_next_dist_19zsb-q._.js:776
[ 1707546ms] [LOG] [Fast Refresh] done in 62ms @ http://localhost:3000/_next/static/chunks/0stj_next_dist_19zsb-q._.js:776
[ 1707610ms] [LOG] [Fast Refresh] done in 62ms @ http://localhost:3000/_next/static/chunks/0stj_next_dist_19zsb-q._.js:776
[ 1707672ms] [LOG] [Fast Refresh] done in 62ms @ http://localhost:3000/_next/static/chunks/0stj_next_dist_19zsb-q._.js:776
[ 1707735ms] [LOG] [Fast Refresh] done in 62ms @ http://localhost:3000/_next/static/chunks/0stj_next_dist_19zsb-q._.js:776
[ 1707798ms] [LOG] [Fast Refresh] done in 62ms @ http://localhost:3000/_next/static/chunks/0stj_next_dist_19zsb-q._.js:776
[ 1707862ms] [LOG] [Fast Refresh] done in 62ms @ http://localhost:3000/_next/static/chunks/0stj_next_dist_19zsb-q._.js:776
[ 1707923ms] [LOG] [Fast Refresh] done in 62ms @ http://localhost:3000/_next/static/chunks/0stj_next_dist_19zsb-q._.js:776
[ 1707985ms] [LOG] [Fast Refresh] done in 62ms @ http://localhost:3000/_next/static/chunks/0stj_next_dist_19zsb-q._.js:776
[ 1708048ms] [LOG] [Fast Refresh] done in 62ms @ http://localhost:3000/_next/static/chunks/0stj_next_dist_19zsb-q._.js:776
[ 1708111ms] [LOG] [Fast Refresh] done in 62ms @ http://localhost:3000/_next/static/chunks/0stj_next_dist_19zsb-q._.js:776
[ 1708172ms] [LOG] [Fast Refresh] done in 62ms @ http://localhost:3000/_next/static/chunks/0stj_next_dist_19zsb-q._.js:776
[ 1708235ms] [LOG] [Fast Refresh] done in 62ms @ http://localhost:3000/_next/static/chunks/0stj_next_dist_19zsb-q._.js:776
[ 1708298ms] [LOG] [Fast Refresh] done in 62ms @ http://localhost:3000/_next/static/chunks/0stj_next_dist_19zsb-q._.js:776
[ 1708361ms] [LOG] [Fast Refresh] done in 62ms @ http://localhost:3000/_next/static/chunks/0stj_next_dist_19zsb-q._.js:776
[ 1708424ms] [LOG] [Fast Refresh] done in 62ms @ http://localhost:3000/_next/static/chunks/0stj_next_dist_19zsb-q._.js:776
[ 1708487ms] [LOG] [Fast Refresh] done in 62ms @ http://localhost:3000/_next/static/chunks/0stj_next_dist_19zsb-q._.js:776
[ 1708548ms] [LOG] [Fast Refresh] done in 62ms @ http://localhost:3000/_next/static/chunks/0stj_next_dist_19zsb-q._.js:776
[ 1708610ms] [LOG] [Fast Refresh] done in 62ms @ http://localhost:3000/_next/static/chunks/0stj_next_dist_19zsb-q._.js:776
[ 1708671ms] [LOG] [Fast Refresh] done in 62ms @ http://localhost:3000/_next/static/chunks/0stj_next_dist_19zsb-q._.js:776
[ 1708733ms] [LOG] [Fast Refresh] done in 62ms @ http://localhost:3000/_next/static/chunks/0stj_next_dist_19zsb-q._.js:776
[ 1708795ms] [LOG] [Fast Refresh] done in 62ms @ http://localhost:3000/_next/static/chunks/0stj_next_dist_19zsb-q._.js:776
[ 1708859ms] [LOG] [Fast Refresh] done in 62ms @ http://localhost:3000/_next/static/chunks/0stj_next_dist_19zsb-q._.js:776
[ 1708921ms] [LOG] [Fast Refresh] done in 62ms @ http://localhost:3000/_next/static/chunks/0stj_next_dist_19zsb-q._.js:776
[ 1708983ms] [LOG] [Fast Refresh] done in 62ms @ http://localhost:3000/_next/static/chunks/0stj_next_dist_19zsb-q._.js:776
[ 1709044ms] [LOG] [Fast Refresh] done in 62ms @ http://localhost:3000/_next/static/chunks/0stj_next_dist_19zsb-q._.js:776
[ 1709106ms] [LOG] [Fast Refresh] done in 62ms @ http://localhost:3000/_next/static/chunks/0stj_next_dist_19zsb-q._.js:776
[ 1709167ms] [LOG] [Fast Refresh] done in 62ms @ http://localhost:3000/_next/static/chunks/0stj_next_dist_19zsb-q._.js:776
[ 1709230ms] [LOG] [Fast Refresh] done in 62ms @ http://localhost:3000/_next/static/chunks/0stj_next_dist_19zsb-q._.js:776
[ 1709293ms] [LOG] [Fast Refresh] done in 62ms @ http://localhost:3000/_next/static/chunks/0stj_next_dist_19zsb-q._.js:776
[ 1709355ms] [LOG] [Fast Refresh] done in 62ms @ http://localhost:3000/_next/static/chunks/0stj_next_dist_19zsb-q._.js:776
[ 1709417ms] [LOG] [Fast Refresh] done in 62ms @ http://localhost:3000/_next/static/chunks/0stj_next_dist_19zsb-q._.js:776
[ 1709479ms] [LOG] [Fast Refresh] done in 62ms @ http://localhost:3000/_next/static/chunks/0stj_next_dist_19zsb-q._.js:776
[ 1709543ms] [LOG] [Fast Refresh] done in 62ms @ http://localhost:3000/_next/static/chunks/0stj_next_dist_19zsb-q._.js:776
[ 1709605ms] [LOG] [Fast Refresh] done in 62ms @ http://localhost:3000/_next/static/chunks/0stj_next_dist_19zsb-q._.js:776
[ 1709669ms] [LOG] [Fast Refresh] done in 62ms @ http://localhost:3000/_next/static/chunks/0stj_next_dist_19zsb-q._.js:776
[ 1709732ms] [LOG] [Fast Refresh] done in 62ms @ http://localhost:3000/_next/static/chunks/0stj_next_dist_19zsb-q._.js:776
[ 1709795ms] [LOG] [Fast Refresh] done in 62ms @ http://localhost:3000/_next/static/chunks/0stj_next_dist_19zsb-q._.js:776
[ 1709859ms] [LOG] [Fast Refresh] done in 62ms @ http://localhost:3000/_next/static/chunks/0stj_next_dist_19zsb-q._.js:776
[ 1709923ms] [LOG] [Fast Refresh] done in 62ms @ http://localhost:3000/_next/static/chunks/0stj_next_dist_19zsb-q._.js:776
[ 1709985ms] [LOG] [Fast Refresh] done in 62ms @ http://localhost:3000/_next/static/chunks/0stj_next_dist_19zsb-q._.js:776
[ 1710047ms] [LOG] [Fast Refresh] done in 62ms @ http://localhost:3000/_next/static/chunks/0stj_next_dist_19zsb-q._.js:776
[ 1710109ms] [LOG] [Fast Refresh] done in 62ms @ http://localhost:3000/_next/static/chunks/0stj_next_dist_19zsb-q._.js:776
[ 1710172ms] [LOG] [Fast Refresh] done in 62ms @ http://localhost:3000/_next/static/chunks/0stj_next_dist_19zsb-q._.js:776
[ 1710234ms] [LOG] [Fast Refresh] done in 62ms @ http://localhost:3000/_next/static/chunks/0stj_next_dist_19zsb-q._.js:776
[ 1710296ms] [LOG] [Fast Refresh] done in 62ms @ http://localhost:3000/_next/static/chunks/0stj_next_dist_19zsb-q._.js:776
[ 1710359ms] [LOG] [Fast Refresh] done in 62ms @ http://localhost:3000/_next/static/chunks/0stj_next_dist_19zsb-q._.js:776
[ 1710422ms] [LOG] [Fast Refresh] done in 62ms @ http://localhost:3000/_next/static/chunks/0stj_next_dist_19zsb-q._.js:776
[ 1710486ms] [LOG] [Fast Refresh] done in 62ms @ http://localhost:3000/_next/static/chunks/0stj_next_dist_19zsb-q._.js:776
[ 1710548ms] [LOG] [Fast Refresh] done in 62ms @ http://localhost:3000/_next/static/chunks/0stj_next_dist_19zsb-q._.js:776
[ 1710611ms] [LOG] [Fast Refresh] done in 62ms @ http://localhost:3000/_next/static/chunks/0stj_next_dist_19zsb-q._.js:776
[ 1710673ms] [LOG] [Fast Refresh] done in 62ms @ http://localhost:3000/_next/static/chunks/0stj_next_dist_19zsb-q._.js:776
[ 1710735ms] [LOG] [Fast Refresh] done in 62ms @ http://localhost:3000/_next/static/chunks/0stj_next_dist_19zsb-q._.js:776
[ 1710797ms] [LOG] [Fast Refresh] done in 62ms @ http://localhost:3000/_next/static/chunks/0stj_next_dist_19zsb-q._.js:776
[ 1710860ms] [LOG] [Fast Refresh] done in 62ms @ http://localhost:3000/_next/static/chunks/0stj_next_dist_19zsb-q._.js:776
[ 1710922ms] [LOG] [Fast Refresh] done in 62ms @ http://localhost:3000/_next/static/chunks/0stj_next_dist_19zsb-q._.js:776
[ 1710984ms] [LOG] [Fast Refresh] done in 62ms @ http://localhost:3000/_next/static/chunks/0stj_next_dist_19zsb-q._.js:776
[ 1711047ms] [LOG] [Fast Refresh] done in 62ms @ http://localhost:3000/_next/static/chunks/0stj_next_dist_19zsb-q._.js:776
[ 1711109ms] [LOG] [Fast Refresh] done in 62ms @ http://localhost:3000/_next/static/chunks/0stj_next_dist_19zsb-q._.js:776
[ 1711172ms] [LOG] [Fast Refresh] done in 62ms @ http://localhost:3000/_next/static/chunks/0stj_next_dist_19zsb-q._.js:776
[ 1711235ms] [LOG] [Fast Refresh] done in 62ms @ http://localhost:3000/_next/static/chunks/0stj_next_dist_19zsb-q._.js:776
[ 1711299ms] [LOG] [Fast Refresh] done in 62ms @ http://localhost:3000/_next/static/chunks/0stj_next_dist_19zsb-q._.js:776
[ 1711359ms] [LOG] [Fast Refresh] done in 62ms @ http://localhost:3000/_next/static/chunks/0stj_next_dist_19zsb-q._.js:776
[ 1711423ms] [LOG] [Fast Refresh] done in 62ms @ http://localhost:3000/_next/static/chunks/0stj_next_dist_19zsb-q._.js:776
[ 1711485ms] [LOG] [Fast Refresh] done in 62ms @ http://localhost:3000/_next/static/chunks/0stj_next_dist_19zsb-q._.js:776
[ 1711562ms] [LOG] [Fast Refresh] done in 62ms @ http://localhost:3000/_next/static/chunks/0stj_next_dist_19zsb-q._.js:776
[ 1711625ms] [LOG] [Fast Refresh] done in 62ms @ http://localhost:3000/_next/static/chunks/0stj_next_dist_19zsb-q._.js:776
[ 1711687ms] [LOG] [Fast Refresh] done in 62ms @ http://localhost:3000/_next/static/chunks/0stj_next_dist_19zsb-q._.js:776
[ 1711750ms] [LOG] [Fast Refresh] done in 62ms @ http://localhost:3000/_next/static/chunks/0stj_next_dist_19zsb-q._.js:776
[ 1711843ms] [LOG] [Fast Refresh] done in 62ms @ http://localhost:3000/_next/static/chunks/0stj_next_dist_19zsb-q._.js:776
[ 1711907ms] [LOG] [Fast Refresh] done in 62ms @ http://localhost:3000/_next/static/chunks/0stj_next_dist_19zsb-q._.js:776
[ 1711970ms] [LOG] [Fast Refresh] done in 62ms @ http://localhost:3000/_next/static/chunks/0stj_next_dist_19zsb-q._.js:776
[ 1712033ms] [LOG] [Fast Refresh] done in 62ms @ http://localhost:3000/_next/static/chunks/0stj_next_dist_19zsb-q._.js:776
[ 1712094ms] [LOG] [Fast Refresh] done in 62ms @ http://localhost:3000/_next/static/chunks/0stj_next_dist_19zsb-q._.js:776
[ 1712155ms] [LOG] [Fast Refresh] done in 62ms @ http://localhost:3000/_next/static/chunks/0stj_next_dist_19zsb-q._.js:776
[ 1712218ms] [LOG] [Fast Refresh] done in 62ms @ http://localhost:3000/_next/static/chunks/0stj_next_dist_19zsb-q._.js:776
[ 1712280ms] [LOG] [Fast Refresh] done in 62ms @ http://localhost:3000/_next/static/chunks/0stj_next_dist_19zsb-q._.js:776
[ 1712341ms] [LOG] [Fast Refresh] done in 62ms @ http://localhost:3000/_next/static/chunks/0stj_next_dist_19zsb-q._.js:776
[ 1712404ms] [LOG] [Fast Refresh] done in 62ms @ http://localhost:3000/_next/static/chunks/0stj_next_dist_19zsb-q._.js:776
[ 1712466ms] [LOG] [Fast Refresh] done in 62ms @ http://localhost:3000/_next/static/chunks/0stj_next_dist_19zsb-q._.js:776
[ 1712528ms] [LOG] [Fast Refresh] done in 62ms @ http://localhost:3000/_next/static/chunks/0stj_next_dist_19zsb-q._.js:776
[ 1712608ms] [LOG] [Fast Refresh] done in 62ms @ http://localhost:3000/_next/static/chunks/0stj_next_dist_19zsb-q._.js:776
[ 1712672ms] [LOG] [Fast Refresh] done in 62ms @ http://localhost:3000/_next/static/chunks/0stj_next_dist_19zsb-q._.js:776
[ 1712734ms] [LOG] [Fast Refresh] done in 62ms @ http://localhost:3000/_next/static/chunks/0stj_next_dist_19zsb-q._.js:776
[ 1712796ms] [LOG] [Fast Refresh] done in 62ms @ http://localhost:3000/_next/static/chunks/0stj_next_dist_19zsb-q._.js:776
[ 1712872ms] [LOG] [Fast Refresh] done in 62ms @ http://localhost:3000/_next/static/chunks/0stj_next_dist_19zsb-q._.js:776
[ 1712933ms] [LOG] [Fast Refresh] done in 62ms @ http://localhost:3000/_next/static/chunks/0stj_next_dist_19zsb-q._.js:776
[ 1712995ms] [LOG] [Fast Refresh] done in 62ms @ http://localhost:3000/_next/static/chunks/0stj_next_dist_19zsb-q._.js:776
[ 1713060ms] [LOG] [Fast Refresh] done in 62ms @ http://localhost:3000/_next/static/chunks/0stj_next_dist_19zsb-q._.js:776
[ 1713120ms] [LOG] [Fast Refresh] done in 62ms @ http://localhost:3000/_next/static/chunks/0stj_next_dist_19zsb-q._.js:776
[ 1713183ms] [LOG] [Fast Refresh] done in 62ms @ http://localhost:3000/_next/static/chunks/0stj_next_dist_19zsb-q._.js:776
[ 1713244ms] [LOG] [Fast Refresh] done in 62ms @ http://localhost:3000/_next/static/chunks/0stj_next_dist_19zsb-q._.js:776
[ 1713307ms] [LOG] [Fast Refresh] done in 62ms @ http://localhost:3000/_next/static/chunks/0stj_next_dist_19zsb-q._.js:776
[ 1713384ms] [LOG] [Fast Refresh] done in 62ms @ http://localhost:3000/_next/static/chunks/0stj_next_dist_19zsb-q._.js:776
[ 1713447ms] [LOG] [Fast Refresh] done in 62ms @ http://localhost:3000/_next/static/chunks/0stj_next_dist_19zsb-q._.js:776
[ 1713509ms] [LOG] [Fast Refresh] done in 62ms @ http://localhost:3000/_next/static/chunks/0stj_next_dist_19zsb-q._.js:776
[ 1713573ms] [LOG] [Fast Refresh] done in 62ms @ http://localhost:3000/_next/static/chunks/0stj_next_dist_19zsb-q._.js:776
[ 1713635ms] [LOG] [Fast Refresh] done in 62ms @ http://localhost:3000/_next/static/chunks/0stj_next_dist_19zsb-q._.js:776
[ 1713697ms] [LOG] [Fast Refresh] done in 62ms @ http://localhost:3000/_next/static/chunks/0stj_next_dist_19zsb-q._.js:776
[ 1713757ms] [LOG] [Fast Refresh] done in 62ms @ http://localhost:3000/_next/static/chunks/0stj_next_dist_19zsb-q._.js:776
[ 1713823ms] [LOG] [Fast Refresh] done in 62ms @ http://localhost:3000/_next/static/chunks/0stj_next_dist_19zsb-q._.js:776
[ 1713884ms] [LOG] [Fast Refresh] done in 62ms @ http://localhost:3000/_next/static/chunks/0stj_next_dist_19zsb-q._.js:776
[ 1713948ms] [LOG] [Fast Refresh] done in 62ms @ http://localhost:3000/_next/static/chunks/0stj_next_dist_19zsb-q._.js:776
[ 1714010ms] [LOG] [Fast Refresh] done in 62ms @ http://localhost:3000/_next/static/chunks/0stj_next_dist_19zsb-q._.js:776
[ 1714072ms] [LOG] [Fast Refresh] done in 62ms @ http://localhost:3000/_next/static/chunks/0stj_next_dist_19zsb-q._.js:776
[ 1714133ms] [LOG] [Fast Refresh] done in 62ms @ http://localhost:3000/_next/static/chunks/0stj_next_dist_19zsb-q._.js:776
[ 1714197ms] [LOG] [Fast Refresh] done in 62ms @ http://localhost:3000/_next/static/chunks/0stj_next_dist_19zsb-q._.js:776
[ 1714259ms] [LOG] [Fast Refresh] done in 62ms @ http://localhost:3000/_next/static/chunks/0stj_next_dist_19zsb-q._.js:776
[ 1714321ms] [LOG] [Fast Refresh] done in 62ms @ http://localhost:3000/_next/static/chunks/0stj_next_dist_19zsb-q._.js:776
[ 1714384ms] [LOG] [Fast Refresh] done in 62ms @ http://localhost:3000/_next/static/chunks/0stj_next_dist_19zsb-q._.js:776
[ 1714445ms] [LOG] [Fast Refresh] done in 62ms @ http://localhost:3000/_next/static/chunks/0stj_next_dist_19zsb-q._.js:776
[ 1714507ms] [LOG] [Fast Refresh] done in 62ms @ http://localhost:3000/_next/static/chunks/0stj_next_dist_19zsb-q._.js:776
[ 1714570ms] [LOG] [Fast Refresh] done in 62ms @ http://localhost:3000/_next/static/chunks/0stj_next_dist_19zsb-q._.js:776
[ 1714630ms] [LOG] [Fast Refresh] done in 62ms @ http://localhost:3000/_next/static/chunks/0stj_next_dist_19zsb-q._.js:776
[ 1714692ms] [LOG] [Fast Refresh] done in 62ms @ http://localhost:3000/_next/static/chunks/0stj_next_dist_19zsb-q._.js:776
[ 1714756ms] [LOG] [Fast Refresh] done in 62ms @ http://localhost:3000/_next/static/chunks/0stj_next_dist_19zsb-q._.js:776
[ 1714820ms] [LOG] [Fast Refresh] done in 62ms @ http://localhost:3000/_next/static/chunks/0stj_next_dist_19zsb-q._.js:776
[ 1714880ms] [LOG] [Fast Refresh] done in 62ms @ http://localhost:3000/_next/static/chunks/0stj_next_dist_19zsb-q._.js:776
[ 1714945ms] [LOG] [Fast Refresh] done in 62ms @ http://localhost:3000/_next/static/chunks/0stj_next_dist_19zsb-q._.js:776
[ 1715005ms] [LOG] [Fast Refresh] done in 62ms @ http://localhost:3000/_next/static/chunks/0stj_next_dist_19zsb-q._.js:776
[ 1715068ms] [LOG] [Fast Refresh] done in 62ms @ http://localhost:3000/_next/static/chunks/0stj_next_dist_19zsb-q._.js:776
[ 1715130ms] [LOG] [Fast Refresh] done in 62ms @ http://localhost:3000/_next/static/chunks/0stj_next_dist_19zsb-q._.js:776
[ 1715193ms] [LOG] [Fast Refresh] done in 62ms @ http://localhost:3000/_next/static/chunks/0stj_next_dist_19zsb-q._.js:776
[ 1715255ms] [LOG] [Fast Refresh] done in 62ms @ http://localhost:3000/_next/static/chunks/0stj_next_dist_19zsb-q._.js:776
[ 1715318ms] [LOG] [Fast Refresh] done in 62ms @ http://localhost:3000/_next/static/chunks/0stj_next_dist_19zsb-q._.js:776
[ 1715380ms] [LOG] [Fast Refresh] done in 62ms @ http://localhost:3000/_next/static/chunks/0stj_next_dist_19zsb-q._.js:776
[ 1715443ms] [LOG] [Fast Refresh] done in 62ms @ http://localhost:3000/_next/static/chunks/0stj_next_dist_19zsb-q._.js:776
[ 1715505ms] [LOG] [Fast Refresh] done in 62ms @ http://localhost:3000/_next/static/chunks/0stj_next_dist_19zsb-q._.js:776
[ 1715567ms] [LOG] [Fast Refresh] done in 62ms @ http://localhost:3000/_next/static/chunks/0stj_next_dist_19zsb-q._.js:776
[ 1715629ms] [LOG] [Fast Refresh] done in 62ms @ http://localhost:3000/_next/static/chunks/0stj_next_dist_19zsb-q._.js:776
[ 1715691ms] [LOG] [Fast Refresh] done in 62ms @ http://localhost:3000/_next/static/chunks/0stj_next_dist_19zsb-q._.js:776
[ 1715753ms] [LOG] [Fast Refresh] done in 62ms @ http://localhost:3000/_next/static/chunks/0stj_next_dist_19zsb-q._.js:776
[ 1715815ms] [LOG] [Fast Refresh] done in 62ms @ http://localhost:3000/_next/static/chunks/0stj_next_dist_19zsb-q._.js:776
[ 1715878ms] [LOG] [Fast Refresh] done in 62ms @ http://localhost:3000/_next/static/chunks/0stj_next_dist_19zsb-q._.js:776
[ 1715941ms] [LOG] [Fast Refresh] done in 62ms @ http://localhost:3000/_next/static/chunks/0stj_next_dist_19zsb-q._.js:776
[ 1716003ms] [LOG] [Fast Refresh] done in 62ms @ http://localhost:3000/_next/static/chunks/0stj_next_dist_19zsb-q._.js:776
[ 1716067ms] [LOG] [Fast Refresh] done in 62ms @ http://localhost:3000/_next/static/chunks/0stj_next_dist_19zsb-q._.js:776
[ 1716130ms] [LOG] [Fast Refresh] done in 62ms @ http://localhost:3000/_next/static/chunks/0stj_next_dist_19zsb-q._.js:776
[ 1716193ms] [LOG] [Fast Refresh] done in 62ms @ http://localhost:3000/_next/static/chunks/0stj_next_dist_19zsb-q._.js:776
[ 1716256ms] [LOG] [Fast Refresh] done in 62ms @ http://localhost:3000/_next/static/chunks/0stj_next_dist_19zsb-q._.js:776
[ 1716319ms] [LOG] [Fast Refresh] done in 62ms @ http://localhost:3000/_next/static/chunks/0stj_next_dist_19zsb-q._.js:776
[ 1716381ms] [LOG] [Fast Refresh] done in 62ms @ http://localhost:3000/_next/static/chunks/0stj_next_dist_19zsb-q._.js:776
[ 1716444ms] [LOG] [Fast Refresh] done in 62ms @ http://localhost:3000/_next/static/chunks/0stj_next_dist_19zsb-q._.js:776
[ 1716507ms] [LOG] [Fast Refresh] done in 62ms @ http://localhost:3000/_next/static/chunks/0stj_next_dist_19zsb-q._.js:776
[ 1716570ms] [LOG] [Fast Refresh] done in 62ms @ http://localhost:3000/_next/static/chunks/0stj_next_dist_19zsb-q._.js:776
[ 1716632ms] [LOG] [Fast Refresh] done in 62ms @ http://localhost:3000/_next/static/chunks/0stj_next_dist_19zsb-q._.js:776
[ 1716697ms] [LOG] [Fast Refresh] done in 62ms @ http://localhost:3000/_next/static/chunks/0stj_next_dist_19zsb-q._.js:776
[ 1716759ms] [LOG] [Fast Refresh] done in 62ms @ http://localhost:3000/_next/static/chunks/0stj_next_dist_19zsb-q._.js:776
[ 1716821ms] [LOG] [Fast Refresh] done in 62ms @ http://localhost:3000/_next/static/chunks/0stj_next_dist_19zsb-q._.js:776
[ 1716885ms] [LOG] [Fast Refresh] done in 62ms @ http://localhost:3000/_next/static/chunks/0stj_next_dist_19zsb-q._.js:776
[ 1716947ms] [LOG] [Fast Refresh] done in 62ms @ http://localhost:3000/_next/static/chunks/0stj_next_dist_19zsb-q._.js:776
[ 1717010ms] [LOG] [Fast Refresh] done in 62ms @ http://localhost:3000/_next/static/chunks/0stj_next_dist_19zsb-q._.js:776
[ 1717073ms] [LOG] [Fast Refresh] done in 62ms @ http://localhost:3000/_next/static/chunks/0stj_next_dist_19zsb-q._.js:776
[ 1717135ms] [LOG] [Fast Refresh] done in 62ms @ http://localhost:3000/_next/static/chunks/0stj_next_dist_19zsb-q._.js:776
[ 1717198ms] [LOG] [Fast Refresh] done in 62ms @ http://localhost:3000/_next/static/chunks/0stj_next_dist_19zsb-q._.js:776
[ 1717260ms] [LOG] [Fast Refresh] done in 62ms @ http://localhost:3000/_next/static/chunks/0stj_next_dist_19zsb-q._.js:776
[ 1717322ms] [LOG] [Fast Refresh] done in 62ms @ http://localhost:3000/_next/static/chunks/0stj_next_dist_19zsb-q._.js:776
[ 1717384ms] [LOG] [Fast Refresh] done in 62ms @ http://localhost:3000/_next/static/chunks/0stj_next_dist_19zsb-q._.js:776
[ 1717445ms] [LOG] [Fast Refresh] done in 62ms @ http://localhost:3000/_next/static/chunks/0stj_next_dist_19zsb-q._.js:776
[ 1717509ms] [LOG] [Fast Refresh] done in 62ms @ http://localhost:3000/_next/static/chunks/0stj_next_dist_19zsb-q._.js:776
[ 1717571ms] [LOG] [Fast Refresh] done in 62ms @ http://localhost:3000/_next/static/chunks/0stj_next_dist_19zsb-q._.js:776
[ 1717634ms] [LOG] [Fast Refresh] done in 62ms @ http://localhost:3000/_next/static/chunks/0stj_next_dist_19zsb-q._.js:776
[ 1717696ms] [LOG] [Fast Refresh] done in 62ms @ http://localhost:3000/_next/static/chunks/0stj_next_dist_19zsb-q._.js:776
[ 1717759ms] [LOG] [Fast Refresh] done in 62ms @ http://localhost:3000/_next/static/chunks/0stj_next_dist_19zsb-q._.js:776
[ 1717821ms] [LOG] [Fast Refresh] done in 62ms @ http://localhost:3000/_next/static/chunks/0stj_next_dist_19zsb-q._.js:776
[ 1717883ms] [LOG] [Fast Refresh] done in 62ms @ http://localhost:3000/_next/static/chunks/0stj_next_dist_19zsb-q._.js:776
[ 1717945ms] [LOG] [Fast Refresh] done in 62ms @ http://localhost:3000/_next/static/chunks/0stj_next_dist_19zsb-q._.js:776
[ 1718008ms] [LOG] [Fast Refresh] done in 62ms @ http://localhost:3000/_next/static/chunks/0stj_next_dist_19zsb-q._.js:776
[ 1718070ms] [LOG] [Fast Refresh] done in 62ms @ http://localhost:3000/_next/static/chunks/0stj_next_dist_19zsb-q._.js:776
[ 1718133ms] [LOG] [Fast Refresh] done in 62ms @ http://localhost:3000/_next/static/chunks/0stj_next_dist_19zsb-q._.js:776
[ 1718197ms] [LOG] [Fast Refresh] done in 62ms @ http://localhost:3000/_next/static/chunks/0stj_next_dist_19zsb-q._.js:776
[ 1718259ms] [LOG] [Fast Refresh] done in 62ms @ http://localhost:3000/_next/static/chunks/0stj_next_dist_19zsb-q._.js:776
[ 1718321ms] [LOG] [Fast Refresh] done in 62ms @ http://localhost:3000/_next/static/chunks/0stj_next_dist_19zsb-q._.js:776
[ 1718384ms] [LOG] [Fast Refresh] done in 62ms @ http://localhost:3000/_next/static/chunks/0stj_next_dist_19zsb-q._.js:776
[ 1718447ms] [LOG] [Fast Refresh] done in 62ms @ http://localhost:3000/_next/static/chunks/0stj_next_dist_19zsb-q._.js:776
[ 1718509ms] [LOG] [Fast Refresh] done in 62ms @ http://localhost:3000/_next/static/chunks/0stj_next_dist_19zsb-q._.js:776
[ 1718572ms] [LOG] [Fast Refresh] done in 62ms @ http://localhost:3000/_next/static/chunks/0stj_next_dist_19zsb-q._.js:776
[ 1718635ms] [LOG] [Fast Refresh] done in 62ms @ http://localhost:3000/_next/static/chunks/0stj_next_dist_19zsb-q._.js:776
[ 1718697ms] [LOG] [Fast Refresh] done in 62ms @ http://localhost:3000/_next/static/chunks/0stj_next_dist_19zsb-q._.js:776
[ 1718759ms] [LOG] [Fast Refresh] done in 62ms @ http://localhost:3000/_next/static/chunks/0stj_next_dist_19zsb-q._.js:776
[ 1718822ms] [LOG] [Fast Refresh] done in 62ms @ http://localhost:3000/_next/static/chunks/0stj_next_dist_19zsb-q._.js:776
[ 1718887ms] [LOG] [Fast Refresh] done in 62ms @ http://localhost:3000/_next/static/chunks/0stj_next_dist_19zsb-q._.js:776
[ 1718951ms] [LOG] [Fast Refresh] done in 62ms @ http://localhost:3000/_next/static/chunks/0stj_next_dist_19zsb-q._.js:776
[ 1719012ms] [LOG] [Fast Refresh] done in 62ms @ http://localhost:3000/_next/static/chunks/0stj_next_dist_19zsb-q._.js:776
[ 1719075ms] [LOG] [Fast Refresh] done in 62ms @ http://localhost:3000/_next/static/chunks/0stj_next_dist_19zsb-q._.js:776
[ 1719137ms] [LOG] [Fast Refresh] done in 62ms @ http://localhost:3000/_next/static/chunks/0stj_next_dist_19zsb-q._.js:776
[ 1719201ms] [LOG] [Fast Refresh] done in 62ms @ http://localhost:3000/_next/static/chunks/0stj_next_dist_19zsb-q._.js:776
[ 1719262ms] [LOG] [Fast Refresh] done in 62ms @ http://localhost:3000/_next/static/chunks/0stj_next_dist_19zsb-q._.js:776
[ 1719325ms] [LOG] [Fast Refresh] done in 62ms @ http://localhost:3000/_next/static/chunks/0stj_next_dist_19zsb-q._.js:776
[ 1719388ms] [LOG] [Fast Refresh] done in 62ms @ http://localhost:3000/_next/static/chunks/0stj_next_dist_19zsb-q._.js:776
[ 1719450ms] [LOG] [Fast Refresh] done in 62ms @ http://localhost:3000/_next/static/chunks/0stj_next_dist_19zsb-q._.js:776
[ 1719513ms] [LOG] [Fast Refresh] done in 62ms @ http://localhost:3000/_next/static/chunks/0stj_next_dist_19zsb-q._.js:776
[ 1719577ms] [LOG] [Fast Refresh] done in 62ms @ http://localhost:3000/_next/static/chunks/0stj_next_dist_19zsb-q._.js:776
[ 1719640ms] [LOG] [Fast Refresh] done in 62ms @ http://localhost:3000/_next/static/chunks/0stj_next_dist_19zsb-q._.js:776
[ 1719703ms] [LOG] [Fast Refresh] done in 62ms @ http://localhost:3000/_next/static/chunks/0stj_next_dist_19zsb-q._.js:776
[ 1719765ms] [LOG] [Fast Refresh] done in 62ms @ http://localhost:3000/_next/static/chunks/0stj_next_dist_19zsb-q._.js:776
[ 1719826ms] [LOG] [Fast Refresh] done in 62ms @ http://localhost:3000/_next/static/chunks/0stj_next_dist_19zsb-q._.js:776
[ 1719890ms] [LOG] [Fast Refresh] done in 62ms @ http://localhost:3000/_next/static/chunks/0stj_next_dist_19zsb-q._.js:776
[ 1719951ms] [LOG] [Fast Refresh] done in 62ms @ http://localhost:3000/_next/static/chunks/0stj_next_dist_19zsb-q._.js:776
[ 1720015ms] [LOG] [Fast Refresh] done in 62ms @ http://localhost:3000/_next/static/chunks/0stj_next_dist_19zsb-q._.js:776
[ 1720078ms] [LOG] [Fast Refresh] done in 62ms @ http://localhost:3000/_next/static/chunks/0stj_next_dist_19zsb-q._.js:776
[ 1720142ms] [LOG] [Fast Refresh] done in 62ms @ http://localhost:3000/_next/static/chunks/0stj_next_dist_19zsb-q._.js:776
[ 1720204ms] [LOG] [Fast Refresh] done in 62ms @ http://localhost:3000/_next/static/chunks/0stj_next_dist_19zsb-q._.js:776
[ 1720267ms] [LOG] [Fast Refresh] done in 62ms @ http://localhost:3000/_next/static/chunks/0stj_next_dist_19zsb-q._.js:776
[ 1720330ms] [LOG] [Fast Refresh] done in 62ms @ http://localhost:3000/_next/static/chunks/0stj_next_dist_19zsb-q._.js:776
[ 1720393ms] [LOG] [Fast Refresh] done in 62ms @ http://localhost:3000/_next/static/chunks/0stj_next_dist_19zsb-q._.js:776
[ 1720455ms] [LOG] [Fast Refresh] done in 62ms @ http://localhost:3000/_next/static/chunks/0stj_next_dist_19zsb-q._.js:776
[ 1720517ms] [LOG] [Fast Refresh] done in 62ms @ http://localhost:3000/_next/static/chunks/0stj_next_dist_19zsb-q._.js:776
[ 1720581ms] [LOG] [Fast Refresh] done in 62ms @ http://localhost:3000/_next/static/chunks/0stj_next_dist_19zsb-q._.js:776
[ 1720643ms] [LOG] [Fast Refresh] done in 62ms @ http://localhost:3000/_next/static/chunks/0stj_next_dist_19zsb-q._.js:776
[ 1720705ms] [LOG] [Fast Refresh] done in 62ms @ http://localhost:3000/_next/static/chunks/0stj_next_dist_19zsb-q._.js:776
[ 1720767ms] [LOG] [Fast Refresh] done in 62ms @ http://localhost:3000/_next/static/chunks/0stj_next_dist_19zsb-q._.js:776
[ 1720829ms] [LOG] [Fast Refresh] done in 62ms @ http://localhost:3000/_next/static/chunks/0stj_next_dist_19zsb-q._.js:776
[ 1720892ms] [LOG] [Fast Refresh] done in 62ms @ http://localhost:3000/_next/static/chunks/0stj_next_dist_19zsb-q._.js:776
[ 1720955ms] [LOG] [Fast Refresh] done in 62ms @ http://localhost:3000/_next/static/chunks/0stj_next_dist_19zsb-q._.js:776
[ 1721016ms] [LOG] [Fast Refresh] done in 62ms @ http://localhost:3000/_next/static/chunks/0stj_next_dist_19zsb-q._.js:776
[ 1721080ms] [LOG] [Fast Refresh] done in 62ms @ http://localhost:3000/_next/static/chunks/0stj_next_dist_19zsb-q._.js:776
[ 1721141ms] [LOG] [Fast Refresh] done in 62ms @ http://localhost:3000/_next/static/chunks/0stj_next_dist_19zsb-q._.js:776
[ 1721204ms] [LOG] [Fast Refresh] done in 62ms @ http://localhost:3000/_next/static/chunks/0stj_next_dist_19zsb-q._.js:776
[ 1721267ms] [LOG] [Fast Refresh] done in 62ms @ http://localhost:3000/_next/static/chunks/0stj_next_dist_19zsb-q._.js:776
[ 1721331ms] [LOG] [Fast Refresh] done in 62ms @ http://localhost:3000/_next/static/chunks/0stj_next_dist_19zsb-q._.js:776
[ 1721394ms] [LOG] [Fast Refresh] done in 62ms @ http://localhost:3000/_next/static/chunks/0stj_next_dist_19zsb-q._.js:776
[ 1721456ms] [LOG] [Fast Refresh] done in 62ms @ http://localhost:3000/_next/static/chunks/0stj_next_dist_19zsb-q._.js:776
[ 1721518ms] [LOG] [Fast Refresh] done in 62ms @ http://localhost:3000/_next/static/chunks/0stj_next_dist_19zsb-q._.js:776
[ 1721580ms] [LOG] [Fast Refresh] done in 62ms @ http://localhost:3000/_next/static/chunks/0stj_next_dist_19zsb-q._.js:776
[ 1721643ms] [LOG] [Fast Refresh] done in 62ms @ http://localhost:3000/_next/static/chunks/0stj_next_dist_19zsb-q._.js:776
[ 1721705ms] [LOG] [Fast Refresh] done in 62ms @ http://localhost:3000/_next/static/chunks/0stj_next_dist_19zsb-q._.js:776
[ 1721766ms] [LOG] [Fast Refresh] done in 62ms @ http://localhost:3000/_next/static/chunks/0stj_next_dist_19zsb-q._.js:776
[ 1721829ms] [LOG] [Fast Refresh] done in 62ms @ http://localhost:3000/_next/static/chunks/0stj_next_dist_19zsb-q._.js:776
[ 1721890ms] [LOG] [Fast Refresh] done in 62ms @ http://localhost:3000/_next/static/chunks/0stj_next_dist_19zsb-q._.js:776
[ 1721952ms] [LOG] [Fast Refresh] done in 62ms @ http://localhost:3000/_next/static/chunks/0stj_next_dist_19zsb-q._.js:776
[ 1722015ms] [LOG] [Fast Refresh] done in 62ms @ http://localhost:3000/_next/static/chunks/0stj_next_dist_19zsb-q._.js:776
[ 1722078ms] [LOG] [Fast Refresh] done in 62ms @ http://localhost:3000/_next/static/chunks/0stj_next_dist_19zsb-q._.js:776
[ 1722142ms] [LOG] [Fast Refresh] done in 62ms @ http://localhost:3000/_next/static/chunks/0stj_next_dist_19zsb-q._.js:776
[ 1722204ms] [LOG] [Fast Refresh] done in 62ms @ http://localhost:3000/_next/static/chunks/0stj_next_dist_19zsb-q._.js:776
[ 1722266ms] [LOG] [Fast Refresh] done in 62ms @ http://localhost:3000/_next/static/chunks/0stj_next_dist_19zsb-q._.js:776
[ 1722330ms] [LOG] [Fast Refresh] done in 62ms @ http://localhost:3000/_next/static/chunks/0stj_next_dist_19zsb-q._.js:776
[ 1722392ms] [LOG] [Fast Refresh] done in 62ms @ http://localhost:3000/_next/static/chunks/0stj_next_dist_19zsb-q._.js:776
[ 1722456ms] [LOG] [Fast Refresh] done in 62ms @ http://localhost:3000/_next/static/chunks/0stj_next_dist_19zsb-q._.js:776
[ 1722518ms] [LOG] [Fast Refresh] done in 62ms @ http://localhost:3000/_next/static/chunks/0stj_next_dist_19zsb-q._.js:776
[ 1722582ms] [LOG] [Fast Refresh] done in 62ms @ http://localhost:3000/_next/static/chunks/0stj_next_dist_19zsb-q._.js:776
[ 1722644ms] [LOG] [Fast Refresh] done in 62ms @ http://localhost:3000/_next/static/chunks/0stj_next_dist_19zsb-q._.js:776
[ 1722706ms] [LOG] [Fast Refresh] done in 62ms @ http://localhost:3000/_next/static/chunks/0stj_next_dist_19zsb-q._.js:776
[ 1722768ms] [LOG] [Fast Refresh] done in 62ms @ http://localhost:3000/_next/static/chunks/0stj_next_dist_19zsb-q._.js:776
[ 1722831ms] [LOG] [Fast Refresh] done in 62ms @ http://localhost:3000/_next/static/chunks/0stj_next_dist_19zsb-q._.js:776
[ 1722894ms] [LOG] [Fast Refresh] done in 62ms @ http://localhost:3000/_next/static/chunks/0stj_next_dist_19zsb-q._.js:776
[ 1722956ms] [LOG] [Fast Refresh] done in 62ms @ http://localhost:3000/_next/static/chunks/0stj_next_dist_19zsb-q._.js:776
[ 1723018ms] [LOG] [Fast Refresh] done in 62ms @ http://localhost:3000/_next/static/chunks/0stj_next_dist_19zsb-q._.js:776
[ 1723080ms] [LOG] [Fast Refresh] done in 62ms @ http://localhost:3000/_next/static/chunks/0stj_next_dist_19zsb-q._.js:776
[ 1723142ms] [LOG] [Fast Refresh] done in 62ms @ http://localhost:3000/_next/static/chunks/0stj_next_dist_19zsb-q._.js:776
[ 1723204ms] [LOG] [Fast Refresh] done in 62ms @ http://localhost:3000/_next/static/chunks/0stj_next_dist_19zsb-q._.js:776
[ 1723266ms] [LOG] [Fast Refresh] done in 62ms @ http://localhost:3000/_next/static/chunks/0stj_next_dist_19zsb-q._.js:776
[ 1723328ms] [LOG] [Fast Refresh] done in 62ms @ http://localhost:3000/_next/static/chunks/0stj_next_dist_19zsb-q._.js:776
[ 1723391ms] [LOG] [Fast Refresh] done in 62ms @ http://localhost:3000/_next/static/chunks/0stj_next_dist_19zsb-q._.js:776
[ 1723453ms] [LOG] [Fast Refresh] done in 62ms @ http://localhost:3000/_next/static/chunks/0stj_next_dist_19zsb-q._.js:776
[ 1723516ms] [LOG] [Fast Refresh] done in 62ms @ http://localhost:3000/_next/static/chunks/0stj_next_dist_19zsb-q._.js:776
[ 1723579ms] [LOG] [Fast Refresh] done in 62ms @ http://localhost:3000/_next/static/chunks/0stj_next_dist_19zsb-q._.js:776
[ 1723643ms] [LOG] [Fast Refresh] done in 62ms @ http://localhost:3000/_next/static/chunks/0stj_next_dist_19zsb-q._.js:776
[ 1723706ms] [LOG] [Fast Refresh] done in 62ms @ http://localhost:3000/_next/static/chunks/0stj_next_dist_19zsb-q._.js:776
[ 1723768ms] [LOG] [Fast Refresh] done in 62ms @ http://localhost:3000/_next/static/chunks/0stj_next_dist_19zsb-q._.js:776
[ 1723830ms] [LOG] [Fast Refresh] done in 62ms @ http://localhost:3000/_next/static/chunks/0stj_next_dist_19zsb-q._.js:776
[ 1723892ms] [LOG] [Fast Refresh] done in 62ms @ http://localhost:3000/_next/static/chunks/0stj_next_dist_19zsb-q._.js:776
[ 1723955ms] [LOG] [Fast Refresh] done in 62ms @ http://localhost:3000/_next/static/chunks/0stj_next_dist_19zsb-q._.js:776
[ 1724018ms] [LOG] [Fast Refresh] done in 62ms @ http://localhost:3000/_next/static/chunks/0stj_next_dist_19zsb-q._.js:776
[ 1724081ms] [LOG] [Fast Refresh] done in 62ms @ http://localhost:3000/_next/static/chunks/0stj_next_dist_19zsb-q._.js:776
[ 1724144ms] [LOG] [Fast Refresh] done in 62ms @ http://localhost:3000/_next/static/chunks/0stj_next_dist_19zsb-q._.js:776
[ 1724209ms] [LOG] [Fast Refresh] done in 62ms @ http://localhost:3000/_next/static/chunks/0stj_next_dist_19zsb-q._.js:776
[ 1724271ms] [LOG] [Fast Refresh] done in 62ms @ http://localhost:3000/_next/static/chunks/0stj_next_dist_19zsb-q._.js:776
[ 1724333ms] [LOG] [Fast Refresh] done in 62ms @ http://localhost:3000/_next/static/chunks/0stj_next_dist_19zsb-q._.js:776
[ 1724395ms] [LOG] [Fast Refresh] done in 62ms @ http://localhost:3000/_next/static/chunks/0stj_next_dist_19zsb-q._.js:776
[ 1724458ms] [LOG] [Fast Refresh] done in 62ms @ http://localhost:3000/_next/static/chunks/0stj_next_dist_19zsb-q._.js:776
[ 1724519ms] [LOG] [Fast Refresh] done in 62ms @ http://localhost:3000/_next/static/chunks/0stj_next_dist_19zsb-q._.js:776
[ 1724582ms] [LOG] [Fast Refresh] done in 62ms @ http://localhost:3000/_next/static/chunks/0stj_next_dist_19zsb-q._.js:776
[ 1724645ms] [LOG] [Fast Refresh] done in 62ms @ http://localhost:3000/_next/static/chunks/0stj_next_dist_19zsb-q._.js:776
[ 1724709ms] [LOG] [Fast Refresh] done in 62ms @ http://localhost:3000/_next/static/chunks/0stj_next_dist_19zsb-q._.js:776
[ 1724771ms] [LOG] [Fast Refresh] done in 62ms @ http://localhost:3000/_next/static/chunks/0stj_next_dist_19zsb-q._.js:776
[ 1724834ms] [LOG] [Fast Refresh] done in 62ms @ http://localhost:3000/_next/static/chunks/0stj_next_dist_19zsb-q._.js:776
[ 1724896ms] [LOG] [Fast Refresh] done in 62ms @ http://localhost:3000/_next/static/chunks/0stj_next_dist_19zsb-q._.js:776
[ 1724960ms] [LOG] [Fast Refresh] done in 62ms @ http://localhost:3000/_next/static/chunks/0stj_next_dist_19zsb-q._.js:776
[ 1725022ms] [LOG] [Fast Refresh] done in 62ms @ http://localhost:3000/_next/static/chunks/0stj_next_dist_19zsb-q._.js:776
[ 1725086ms] [LOG] [Fast Refresh] done in 62ms @ http://localhost:3000/_next/static/chunks/0stj_next_dist_19zsb-q._.js:776
[ 1725150ms] [LOG] [Fast Refresh] done in 62ms @ http://localhost:3000/_next/static/chunks/0stj_next_dist_19zsb-q._.js:776
[ 1725212ms] [LOG] [Fast Refresh] done in 62ms @ http://localhost:3000/_next/static/chunks/0stj_next_dist_19zsb-q._.js:776
[ 1725275ms] [LOG] [Fast Refresh] done in 62ms @ http://localhost:3000/_next/static/chunks/0stj_next_dist_19zsb-q._.js:776
[ 1725338ms] [LOG] [Fast Refresh] done in 62ms @ http://localhost:3000/_next/static/chunks/0stj_next_dist_19zsb-q._.js:776
[ 1725401ms] [LOG] [Fast Refresh] done in 62ms @ http://localhost:3000/_next/static/chunks/0stj_next_dist_19zsb-q._.js:776
[ 1725464ms] [LOG] [Fast Refresh] done in 62ms @ http://localhost:3000/_next/static/chunks/0stj_next_dist_19zsb-q._.js:776
[ 1725528ms] [LOG] [Fast Refresh] done in 62ms @ http://localhost:3000/_next/static/chunks/0stj_next_dist_19zsb-q._.js:776
[ 1725592ms] [LOG] [Fast Refresh] done in 62ms @ http://localhost:3000/_next/static/chunks/0stj_next_dist_19zsb-q._.js:776
[ 1725655ms] [LOG] [Fast Refresh] done in 62ms @ http://localhost:3000/_next/static/chunks/0stj_next_dist_19zsb-q._.js:776
[ 1725717ms] [LOG] [Fast Refresh] done in 62ms @ http://localhost:3000/_next/static/chunks/0stj_next_dist_19zsb-q._.js:776
[ 1725779ms] [LOG] [Fast Refresh] done in 62ms @ http://localhost:3000/_next/static/chunks/0stj_next_dist_19zsb-q._.js:776
[ 1725841ms] [LOG] [Fast Refresh] done in 62ms @ http://localhost:3000/_next/static/chunks/0stj_next_dist_19zsb-q._.js:776
[ 1725903ms] [LOG] [Fast Refresh] done in 62ms @ http://localhost:3000/_next/static/chunks/0stj_next_dist_19zsb-q._.js:776
[ 1725965ms] [LOG] [Fast Refresh] done in 62ms @ http://localhost:3000/_next/static/chunks/0stj_next_dist_19zsb-q._.js:776
[ 1726026ms] [LOG] [Fast Refresh] done in 62ms @ http://localhost:3000/_next/static/chunks/0stj_next_dist_19zsb-q._.js:776
[ 1726090ms] [LOG] [Fast Refresh] done in 62ms @ http://localhost:3000/_next/static/chunks/0stj_next_dist_19zsb-q._.js:776
[ 1726150ms] [LOG] [Fast Refresh] done in 62ms @ http://localhost:3000/_next/static/chunks/0stj_next_dist_19zsb-q._.js:776
[ 1726212ms] [LOG] [Fast Refresh] done in 62ms @ http://localhost:3000/_next/static/chunks/0stj_next_dist_19zsb-q._.js:776
[ 1726275ms] [LOG] [Fast Refresh] done in 62ms @ http://localhost:3000/_next/static/chunks/0stj_next_dist_19zsb-q._.js:776
[ 1726341ms] [LOG] [Fast Refresh] done in 62ms @ http://localhost:3000/_next/static/chunks/0stj_next_dist_19zsb-q._.js:776
[ 1726399ms] [LOG] [Fast Refresh] done in 62ms @ http://localhost:3000/_next/static/chunks/0stj_next_dist_19zsb-q._.js:776
[ 1726462ms] [LOG] [Fast Refresh] done in 62ms @ http://localhost:3000/_next/static/chunks/0stj_next_dist_19zsb-q._.js:776
[ 1726526ms] [LOG] [Fast Refresh] done in 62ms @ http://localhost:3000/_next/static/chunks/0stj_next_dist_19zsb-q._.js:776
[ 1726591ms] [LOG] [Fast Refresh] done in 62ms @ http://localhost:3000/_next/static/chunks/0stj_next_dist_19zsb-q._.js:776
[ 1726651ms] [LOG] [Fast Refresh] done in 62ms @ http://localhost:3000/_next/static/chunks/0stj_next_dist_19zsb-q._.js:776
[ 1726712ms] [LOG] [Fast Refresh] done in 62ms @ http://localhost:3000/_next/static/chunks/0stj_next_dist_19zsb-q._.js:776
[ 1726773ms] [LOG] [Fast Refresh] done in 62ms @ http://localhost:3000/_next/static/chunks/0stj_next_dist_19zsb-q._.js:776
[ 1726838ms] [LOG] [Fast Refresh] done in 62ms @ http://localhost:3000/_next/static/chunks/0stj_next_dist_19zsb-q._.js:776
[ 1726898ms] [LOG] [Fast Refresh] done in 62ms @ http://localhost:3000/_next/static/chunks/0stj_next_dist_19zsb-q._.js:776
[ 1726961ms] [LOG] [Fast Refresh] done in 62ms @ http://localhost:3000/_next/static/chunks/0stj_next_dist_19zsb-q._.js:776
[ 1727022ms] [LOG] [Fast Refresh] done in 62ms @ http://localhost:3000/_next/static/chunks/0stj_next_dist_19zsb-q._.js:776
[ 1727085ms] [LOG] [Fast Refresh] done in 62ms @ http://localhost:3000/_next/static/chunks/0stj_next_dist_19zsb-q._.js:776
[ 1727146ms] [LOG] [Fast Refresh] done in 62ms @ http://localhost:3000/_next/static/chunks/0stj_next_dist_19zsb-q._.js:776
[ 1727210ms] [LOG] [Fast Refresh] done in 62ms @ http://localhost:3000/_next/static/chunks/0stj_next_dist_19zsb-q._.js:776
[ 1727273ms] [LOG] [Fast Refresh] done in 62ms @ http://localhost:3000/_next/static/chunks/0stj_next_dist_19zsb-q._.js:776
[ 1727337ms] [LOG] [Fast Refresh] done in 62ms @ http://localhost:3000/_next/static/chunks/0stj_next_dist_19zsb-q._.js:776
[ 1727397ms] [LOG] [Fast Refresh] done in 62ms @ http://localhost:3000/_next/static/chunks/0stj_next_dist_19zsb-q._.js:776
[ 1727458ms] [LOG] [Fast Refresh] done in 62ms @ http://localhost:3000/_next/static/chunks/0stj_next_dist_19zsb-q._.js:776
[ 1727521ms] [LOG] [Fast Refresh] done in 62ms @ http://localhost:3000/_next/static/chunks/0stj_next_dist_19zsb-q._.js:776
[ 1727585ms] [LOG] [Fast Refresh] done in 62ms @ http://localhost:3000/_next/static/chunks/0stj_next_dist_19zsb-q._.js:776
[ 1727647ms] [LOG] [Fast Refresh] done in 62ms @ http://localhost:3000/_next/static/chunks/0stj_next_dist_19zsb-q._.js:776
[ 1727708ms] [LOG] [Fast Refresh] done in 62ms @ http://localhost:3000/_next/static/chunks/0stj_next_dist_19zsb-q._.js:776
[ 1727771ms] [LOG] [Fast Refresh] done in 62ms @ http://localhost:3000/_next/static/chunks/0stj_next_dist_19zsb-q._.js:776
[ 1727833ms] [LOG] [Fast Refresh] done in 62ms @ http://localhost:3000/_next/static/chunks/0stj_next_dist_19zsb-q._.js:776
[ 1727895ms] [LOG] [Fast Refresh] done in 62ms @ http://localhost:3000/_next/static/chunks/0stj_next_dist_19zsb-q._.js:776
[ 1727959ms] [LOG] [Fast Refresh] done in 62ms @ http://localhost:3000/_next/static/chunks/0stj_next_dist_19zsb-q._.js:776
[ 1728021ms] [LOG] [Fast Refresh] done in 62ms @ http://localhost:3000/_next/static/chunks/0stj_next_dist_19zsb-q._.js:776
[ 1728082ms] [LOG] [Fast Refresh] done in 62ms @ http://localhost:3000/_next/static/chunks/0stj_next_dist_19zsb-q._.js:776
[ 1728145ms] [LOG] [Fast Refresh] done in 62ms @ http://localhost:3000/_next/static/chunks/0stj_next_dist_19zsb-q._.js:776
[ 1728207ms] [LOG] [Fast Refresh] done in 62ms @ http://localhost:3000/_next/static/chunks/0stj_next_dist_19zsb-q._.js:776
[ 1728270ms] [LOG] [Fast Refresh] done in 62ms @ http://localhost:3000/_next/static/chunks/0stj_next_dist_19zsb-q._.js:776
[ 1728335ms] [LOG] [Fast Refresh] done in 62ms @ http://localhost:3000/_next/static/chunks/0stj_next_dist_19zsb-q._.js:776
[ 1728396ms] [LOG] [Fast Refresh] done in 62ms @ http://localhost:3000/_next/static/chunks/0stj_next_dist_19zsb-q._.js:776
[ 1728459ms] [LOG] [Fast Refresh] done in 62ms @ http://localhost:3000/_next/static/chunks/0stj_next_dist_19zsb-q._.js:776
[ 1728520ms] [LOG] [Fast Refresh] done in 62ms @ http://localhost:3000/_next/static/chunks/0stj_next_dist_19zsb-q._.js:776
[ 1728581ms] [LOG] [Fast Refresh] done in 62ms @ http://localhost:3000/_next/static/chunks/0stj_next_dist_19zsb-q._.js:776
[ 1728660ms] [LOG] [Fast Refresh] done in 62ms @ http://localhost:3000/_next/static/chunks/0stj_next_dist_19zsb-q._.js:776
[ 1728723ms] [LOG] [Fast Refresh] done in 62ms @ http://localhost:3000/_next/static/chunks/0stj_next_dist_19zsb-q._.js:776
[ 1728785ms] [LOG] [Fast Refresh] done in 62ms @ http://localhost:3000/_next/static/chunks/0stj_next_dist_19zsb-q._.js:776
[ 1728850ms] [LOG] [Fast Refresh] done in 62ms @ http://localhost:3000/_next/static/chunks/0stj_next_dist_19zsb-q._.js:776
[ 1728909ms] [LOG] [Fast Refresh] done in 62ms @ http://localhost:3000/_next/static/chunks/0stj_next_dist_19zsb-q._.js:776
[ 1728973ms] [LOG] [Fast Refresh] done in 62ms @ http://localhost:3000/_next/static/chunks/0stj_next_dist_19zsb-q._.js:776
[ 1729034ms] [LOG] [Fast Refresh] done in 62ms @ http://localhost:3000/_next/static/chunks/0stj_next_dist_19zsb-q._.js:776
[ 1729099ms] [LOG] [Fast Refresh] done in 62ms @ http://localhost:3000/_next/static/chunks/0stj_next_dist_19zsb-q._.js:776
[ 1729162ms] [LOG] [Fast Refresh] done in 62ms @ http://localhost:3000/_next/static/chunks/0stj_next_dist_19zsb-q._.js:776
[ 1729224ms] [LOG] [Fast Refresh] done in 62ms @ http://localhost:3000/_next/static/chunks/0stj_next_dist_19zsb-q._.js:776
[ 1729285ms] [LOG] [Fast Refresh] done in 62ms @ http://localhost:3000/_next/static/chunks/0stj_next_dist_19zsb-q._.js:776
[ 1729351ms] [LOG] [Fast Refresh] done in 62ms @ http://localhost:3000/_next/static/chunks/0stj_next_dist_19zsb-q._.js:776
[ 1729410ms] [LOG] [Fast Refresh] done in 62ms @ http://localhost:3000/_next/static/chunks/0stj_next_dist_19zsb-q._.js:776
[ 1729472ms] [LOG] [Fast Refresh] done in 62ms @ http://localhost:3000/_next/static/chunks/0stj_next_dist_19zsb-q._.js:776
[ 1729533ms] [LOG] [Fast Refresh] done in 62ms @ http://localhost:3000/_next/static/chunks/0stj_next_dist_19zsb-q._.js:776
[ 1729596ms] [LOG] [Fast Refresh] done in 62ms @ http://localhost:3000/_next/static/chunks/0stj_next_dist_19zsb-q._.js:776
[ 1729658ms] [LOG] [Fast Refresh] done in 62ms @ http://localhost:3000/_next/static/chunks/0stj_next_dist_19zsb-q._.js:776
[ 1729722ms] [LOG] [Fast Refresh] done in 62ms @ http://localhost:3000/_next/static/chunks/0stj_next_dist_19zsb-q._.js:776
[ 1729785ms] [LOG] [Fast Refresh] done in 62ms @ http://localhost:3000/_next/static/chunks/0stj_next_dist_19zsb-q._.js:776
[ 1729849ms] [LOG] [Fast Refresh] done in 62ms @ http://localhost:3000/_next/static/chunks/0stj_next_dist_19zsb-q._.js:776
[ 1729907ms] [LOG] [Fast Refresh] done in 62ms @ http://localhost:3000/_next/static/chunks/0stj_next_dist_19zsb-q._.js:776
[ 1729971ms] [LOG] [Fast Refresh] done in 62ms @ http://localhost:3000/_next/static/chunks/0stj_next_dist_19zsb-q._.js:776
[ 1730032ms] [LOG] [Fast Refresh] done in 62ms @ http://localhost:3000/_next/static/chunks/0stj_next_dist_19zsb-q._.js:776
[ 1730096ms] [LOG] [Fast Refresh] done in 62ms @ http://localhost:3000/_next/static/chunks/0stj_next_dist_19zsb-q._.js:776
[ 1730158ms] [LOG] [Fast Refresh] done in 62ms @ http://localhost:3000/_next/static/chunks/0stj_next_dist_19zsb-q._.js:776
[ 1730221ms] [LOG] [Fast Refresh] done in 62ms @ http://localhost:3000/_next/static/chunks/0stj_next_dist_19zsb-q._.js:776
[ 1730283ms] [LOG] [Fast Refresh] done in 62ms @ http://localhost:3000/_next/static/chunks/0stj_next_dist_19zsb-q._.js:776
[ 1730346ms] [LOG] [Fast Refresh] done in 62ms @ http://localhost:3000/_next/static/chunks/0stj_next_dist_19zsb-q._.js:776
[ 1730407ms] [LOG] [Fast Refresh] done in 62ms @ http://localhost:3000/_next/static/chunks/0stj_next_dist_19zsb-q._.js:776
[ 1730470ms] [LOG] [Fast Refresh] done in 62ms @ http://localhost:3000/_next/static/chunks/0stj_next_dist_19zsb-q._.js:776
[ 1730533ms] [LOG] [Fast Refresh] done in 62ms @ http://localhost:3000/_next/static/chunks/0stj_next_dist_19zsb-q._.js:776
[ 1730597ms] [LOG] [Fast Refresh] done in 62ms @ http://localhost:3000/_next/static/chunks/0stj_next_dist_19zsb-q._.js:776
[ 1730658ms] [LOG] [Fast Refresh] done in 62ms @ http://localhost:3000/_next/static/chunks/0stj_next_dist_19zsb-q._.js:776
[ 1730720ms] [LOG] [Fast Refresh] done in 62ms @ http://localhost:3000/_next/static/chunks/0stj_next_dist_19zsb-q._.js:776
[ 1730781ms] [LOG] [Fast Refresh] done in 62ms @ http://localhost:3000/_next/static/chunks/0stj_next_dist_19zsb-q._.js:776
[ 1730846ms] [LOG] [Fast Refresh] done in 62ms @ http://localhost:3000/_next/static/chunks/0stj_next_dist_19zsb-q._.js:776
[ 1730905ms] [LOG] [Fast Refresh] done in 62ms @ http://localhost:3000/_next/static/chunks/0stj_next_dist_19zsb-q._.js:776
[ 1730968ms] [LOG] [Fast Refresh] done in 62ms @ http://localhost:3000/_next/static/chunks/0stj_next_dist_19zsb-q._.js:776
[ 1731031ms] [LOG] [Fast Refresh] done in 62ms @ http://localhost:3000/_next/static/chunks/0stj_next_dist_19zsb-q._.js:776
[ 1731093ms] [LOG] [Fast Refresh] done in 62ms @ http://localhost:3000/_next/static/chunks/0stj_next_dist_19zsb-q._.js:776
[ 1731156ms] [LOG] [Fast Refresh] done in 62ms @ http://localhost:3000/_next/static/chunks/0stj_next_dist_19zsb-q._.js:776
[ 1731218ms] [LOG] [Fast Refresh] done in 62ms @ http://localhost:3000/_next/static/chunks/0stj_next_dist_19zsb-q._.js:776
[ 1731279ms] [LOG] [Fast Refresh] done in 62ms @ http://localhost:3000/_next/static/chunks/0stj_next_dist_19zsb-q._.js:776
[ 1731341ms] [LOG] [Fast Refresh] done in 62ms @ http://localhost:3000/_next/static/chunks/0stj_next_dist_19zsb-q._.js:776
[ 1731402ms] [LOG] [Fast Refresh] done in 62ms @ http://localhost:3000/_next/static/chunks/0stj_next_dist_19zsb-q._.js:776
[ 1731465ms] [LOG] [Fast Refresh] done in 62ms @ http://localhost:3000/_next/static/chunks/0stj_next_dist_19zsb-q._.js:776
[ 1731528ms] [LOG] [Fast Refresh] done in 62ms @ http://localhost:3000/_next/static/chunks/0stj_next_dist_19zsb-q._.js:776
[ 1731589ms] [LOG] [Fast Refresh] done in 62ms @ http://localhost:3000/_next/static/chunks/0stj_next_dist_19zsb-q._.js:776
[ 1731653ms] [LOG] [Fast Refresh] done in 62ms @ http://localhost:3000/_next/static/chunks/0stj_next_dist_19zsb-q._.js:776
[ 1731716ms] [LOG] [Fast Refresh] done in 62ms @ http://localhost:3000/_next/static/chunks/0stj_next_dist_19zsb-q._.js:776
[ 1731779ms] [LOG] [Fast Refresh] done in 62ms @ http://localhost:3000/_next/static/chunks/0stj_next_dist_19zsb-q._.js:776
[ 1731839ms] [LOG] [Fast Refresh] done in 62ms @ http://localhost:3000/_next/static/chunks/0stj_next_dist_19zsb-q._.js:776
[ 1731902ms] [LOG] [Fast Refresh] done in 62ms @ http://localhost:3000/_next/static/chunks/0stj_next_dist_19zsb-q._.js:776
[ 1731966ms] [LOG] [Fast Refresh] done in 62ms @ http://localhost:3000/_next/static/chunks/0stj_next_dist_19zsb-q._.js:776
[ 1732027ms] [LOG] [Fast Refresh] done in 62ms @ http://localhost:3000/_next/static/chunks/0stj_next_dist_19zsb-q._.js:776
[ 1732089ms] [LOG] [Fast Refresh] done in 62ms @ http://localhost:3000/_next/static/chunks/0stj_next_dist_19zsb-q._.js:776
[ 1732151ms] [LOG] [Fast Refresh] done in 62ms @ http://localhost:3000/_next/static/chunks/0stj_next_dist_19zsb-q._.js:776
[ 1732214ms] [LOG] [Fast Refresh] done in 62ms @ http://localhost:3000/_next/static/chunks/0stj_next_dist_19zsb-q._.js:776
[ 1732277ms] [LOG] [Fast Refresh] done in 62ms @ http://localhost:3000/_next/static/chunks/0stj_next_dist_19zsb-q._.js:776
[ 1732340ms] [LOG] [Fast Refresh] done in 62ms @ http://localhost:3000/_next/static/chunks/0stj_next_dist_19zsb-q._.js:776
[ 1732401ms] [LOG] [Fast Refresh] done in 62ms @ http://localhost:3000/_next/static/chunks/0stj_next_dist_19zsb-q._.js:776
[ 1732464ms] [LOG] [Fast Refresh] done in 62ms @ http://localhost:3000/_next/static/chunks/0stj_next_dist_19zsb-q._.js:776
[ 1732528ms] [LOG] [Fast Refresh] done in 62ms @ http://localhost:3000/_next/static/chunks/0stj_next_dist_19zsb-q._.js:776
[ 1732588ms] [LOG] [Fast Refresh] done in 62ms @ http://localhost:3000/_next/static/chunks/0stj_next_dist_19zsb-q._.js:776
[ 1732651ms] [LOG] [Fast Refresh] done in 62ms @ http://localhost:3000/_next/static/chunks/0stj_next_dist_19zsb-q._.js:776
[ 1732714ms] [LOG] [Fast Refresh] done in 62ms @ http://localhost:3000/_next/static/chunks/0stj_next_dist_19zsb-q._.js:776
[ 1732775ms] [LOG] [Fast Refresh] done in 62ms @ http://localhost:3000/_next/static/chunks/0stj_next_dist_19zsb-q._.js:776
[ 1732837ms] [LOG] [Fast Refresh] done in 62ms @ http://localhost:3000/_next/static/chunks/0stj_next_dist_19zsb-q._.js:776
[ 1732898ms] [LOG] [Fast Refresh] done in 62ms @ http://localhost:3000/_next/static/chunks/0stj_next_dist_19zsb-q._.js:776
[ 1732961ms] [LOG] [Fast Refresh] done in 62ms @ http://localhost:3000/_next/static/chunks/0stj_next_dist_19zsb-q._.js:776
[ 1733022ms] [LOG] [Fast Refresh] done in 62ms @ http://localhost:3000/_next/static/chunks/0stj_next_dist_19zsb-q._.js:776
[ 1733085ms] [LOG] [Fast Refresh] done in 62ms @ http://localhost:3000/_next/static/chunks/0stj_next_dist_19zsb-q._.js:776
[ 1733148ms] [LOG] [Fast Refresh] done in 62ms @ http://localhost:3000/_next/static/chunks/0stj_next_dist_19zsb-q._.js:776
[ 1733210ms] [LOG] [Fast Refresh] done in 62ms @ http://localhost:3000/_next/static/chunks/0stj_next_dist_19zsb-q._.js:776
[ 1733271ms] [LOG] [Fast Refresh] done in 62ms @ http://localhost:3000/_next/static/chunks/0stj_next_dist_19zsb-q._.js:776
[ 1733333ms] [LOG] [Fast Refresh] done in 62ms @ http://localhost:3000/_next/static/chunks/0stj_next_dist_19zsb-q._.js:776
[ 1733395ms] [LOG] [Fast Refresh] done in 62ms @ http://localhost:3000/_next/static/chunks/0stj_next_dist_19zsb-q._.js:776
[ 1733456ms] [LOG] [Fast Refresh] done in 62ms @ http://localhost:3000/_next/static/chunks/0stj_next_dist_19zsb-q._.js:776
[ 1733517ms] [LOG] [Fast Refresh] done in 62ms @ http://localhost:3000/_next/static/chunks/0stj_next_dist_19zsb-q._.js:776
[ 1733578ms] [LOG] [Fast Refresh] done in 62ms @ http://localhost:3000/_next/static/chunks/0stj_next_dist_19zsb-q._.js:776
[ 1733642ms] [LOG] [Fast Refresh] done in 62ms @ http://localhost:3000/_next/static/chunks/0stj_next_dist_19zsb-q._.js:776
[ 1733704ms] [LOG] [Fast Refresh] done in 62ms @ http://localhost:3000/_next/static/chunks/0stj_next_dist_19zsb-q._.js:776
[ 1733767ms] [LOG] [Fast Refresh] done in 62ms @ http://localhost:3000/_next/static/chunks/0stj_next_dist_19zsb-q._.js:776
[ 1733829ms] [LOG] [Fast Refresh] done in 62ms @ http://localhost:3000/_next/static/chunks/0stj_next_dist_19zsb-q._.js:776
[ 1733893ms] [LOG] [Fast Refresh] done in 62ms @ http://localhost:3000/_next/static/chunks/0stj_next_dist_19zsb-q._.js:776
[ 1733958ms] [LOG] [Fast Refresh] done in 62ms @ http://localhost:3000/_next/static/chunks/0stj_next_dist_19zsb-q._.js:776
[ 1734017ms] [LOG] [Fast Refresh] done in 62ms @ http://localhost:3000/_next/static/chunks/0stj_next_dist_19zsb-q._.js:776
[ 1734080ms] [LOG] [Fast Refresh] done in 62ms @ http://localhost:3000/_next/static/chunks/0stj_next_dist_19zsb-q._.js:776
[ 1734143ms] [LOG] [Fast Refresh] done in 62ms @ http://localhost:3000/_next/static/chunks/0stj_next_dist_19zsb-q._.js:776
[ 1734207ms] [LOG] [Fast Refresh] done in 62ms @ http://localhost:3000/_next/static/chunks/0stj_next_dist_19zsb-q._.js:776
[ 1734270ms] [LOG] [Fast Refresh] done in 62ms @ http://localhost:3000/_next/static/chunks/0stj_next_dist_19zsb-q._.js:776
[ 1734332ms] [LOG] [Fast Refresh] done in 62ms @ http://localhost:3000/_next/static/chunks/0stj_next_dist_19zsb-q._.js:776
[ 1734395ms] [LOG] [Fast Refresh] done in 62ms @ http://localhost:3000/_next/static/chunks/0stj_next_dist_19zsb-q._.js:776
[ 1734459ms] [LOG] [Fast Refresh] done in 62ms @ http://localhost:3000/_next/static/chunks/0stj_next_dist_19zsb-q._.js:776
[ 1734519ms] [LOG] [Fast Refresh] done in 62ms @ http://localhost:3000/_next/static/chunks/0stj_next_dist_19zsb-q._.js:776
[ 1734582ms] [LOG] [Fast Refresh] done in 62ms @ http://localhost:3000/_next/static/chunks/0stj_next_dist_19zsb-q._.js:776
[ 1734646ms] [LOG] [Fast Refresh] done in 62ms @ http://localhost:3000/_next/static/chunks/0stj_next_dist_19zsb-q._.js:776
[ 1734708ms] [LOG] [Fast Refresh] done in 62ms @ http://localhost:3000/_next/static/chunks/0stj_next_dist_19zsb-q._.js:776
[ 1734769ms] [LOG] [Fast Refresh] done in 62ms @ http://localhost:3000/_next/static/chunks/0stj_next_dist_19zsb-q._.js:776
[ 1734830ms] [LOG] [Fast Refresh] done in 62ms @ http://localhost:3000/_next/static/chunks/0stj_next_dist_19zsb-q._.js:776
[ 1734895ms] [LOG] [Fast Refresh] done in 62ms @ http://localhost:3000/_next/static/chunks/0stj_next_dist_19zsb-q._.js:776
[ 1734957ms] [LOG] [Fast Refresh] done in 62ms @ http://localhost:3000/_next/static/chunks/0stj_next_dist_19zsb-q._.js:776
[ 1735020ms] [LOG] [Fast Refresh] done in 62ms @ http://localhost:3000/_next/static/chunks/0stj_next_dist_19zsb-q._.js:776
[ 1735081ms] [LOG] [Fast Refresh] done in 62ms @ http://localhost:3000/_next/static/chunks/0stj_next_dist_19zsb-q._.js:776
[ 1735143ms] [LOG] [Fast Refresh] done in 62ms @ http://localhost:3000/_next/static/chunks/0stj_next_dist_19zsb-q._.js:776
[ 1735206ms] [LOG] [Fast Refresh] done in 62ms @ http://localhost:3000/_next/static/chunks/0stj_next_dist_19zsb-q._.js:776
[ 1735265ms] [LOG] [Fast Refresh] done in 62ms @ http://localhost:3000/_next/static/chunks/0stj_next_dist_19zsb-q._.js:776
[ 1735327ms] [LOG] [Fast Refresh] done in 62ms @ http://localhost:3000/_next/static/chunks/0stj_next_dist_19zsb-q._.js:776
[ 1735390ms] [LOG] [Fast Refresh] done in 62ms @ http://localhost:3000/_next/static/chunks/0stj_next_dist_19zsb-q._.js:776
[ 1735451ms] [LOG] [Fast Refresh] done in 62ms @ http://localhost:3000/_next/static/chunks/0stj_next_dist_19zsb-q._.js:776
[ 1735513ms] [LOG] [Fast Refresh] done in 62ms @ http://localhost:3000/_next/static/chunks/0stj_next_dist_19zsb-q._.js:776
[ 1735575ms] [LOG] [Fast Refresh] done in 62ms @ http://localhost:3000/_next/static/chunks/0stj_next_dist_19zsb-q._.js:776
[ 1735638ms] [LOG] [Fast Refresh] done in 62ms @ http://localhost:3000/_next/static/chunks/0stj_next_dist_19zsb-q._.js:776
[ 1735701ms] [LOG] [Fast Refresh] done in 62ms @ http://localhost:3000/_next/static/chunks/0stj_next_dist_19zsb-q._.js:776
[ 1735763ms] [LOG] [Fast Refresh] done in 62ms @ http://localhost:3000/_next/static/chunks/0stj_next_dist_19zsb-q._.js:776
[ 1735825ms] [LOG] [Fast Refresh] done in 62ms @ http://localhost:3000/_next/static/chunks/0stj_next_dist_19zsb-q._.js:776
[ 1735886ms] [LOG] [Fast Refresh] done in 62ms @ http://localhost:3000/_next/static/chunks/0stj_next_dist_19zsb-q._.js:776
[ 1735948ms] [LOG] [Fast Refresh] done in 62ms @ http://localhost:3000/_next/static/chunks/0stj_next_dist_19zsb-q._.js:776
[ 1736010ms] [LOG] [Fast Refresh] done in 62ms @ http://localhost:3000/_next/static/chunks/0stj_next_dist_19zsb-q._.js:776
[ 1736072ms] [LOG] [Fast Refresh] done in 62ms @ http://localhost:3000/_next/static/chunks/0stj_next_dist_19zsb-q._.js:776
[ 1736132ms] [LOG] [Fast Refresh] done in 62ms @ http://localhost:3000/_next/static/chunks/0stj_next_dist_19zsb-q._.js:776
[ 1736195ms] [LOG] [Fast Refresh] done in 62ms @ http://localhost:3000/_next/static/chunks/0stj_next_dist_19zsb-q._.js:776
[ 1736256ms] [LOG] [Fast Refresh] done in 62ms @ http://localhost:3000/_next/static/chunks/0stj_next_dist_19zsb-q._.js:776
[ 1736319ms] [LOG] [Fast Refresh] done in 62ms @ http://localhost:3000/_next/static/chunks/0stj_next_dist_19zsb-q._.js:776
[ 1736382ms] [LOG] [Fast Refresh] done in 62ms @ http://localhost:3000/_next/static/chunks/0stj_next_dist_19zsb-q._.js:776
[ 1736444ms] [LOG] [Fast Refresh] done in 62ms @ http://localhost:3000/_next/static/chunks/0stj_next_dist_19zsb-q._.js:776
[ 1736507ms] [LOG] [Fast Refresh] done in 62ms @ http://localhost:3000/_next/static/chunks/0stj_next_dist_19zsb-q._.js:776
[ 1736570ms] [LOG] [Fast Refresh] done in 62ms @ http://localhost:3000/_next/static/chunks/0stj_next_dist_19zsb-q._.js:776
[ 1736632ms] [LOG] [Fast Refresh] done in 62ms @ http://localhost:3000/_next/static/chunks/0stj_next_dist_19zsb-q._.js:776
[ 1736695ms] [LOG] [Fast Refresh] done in 62ms @ http://localhost:3000/_next/static/chunks/0stj_next_dist_19zsb-q._.js:776
[ 1736758ms] [LOG] [Fast Refresh] done in 62ms @ http://localhost:3000/_next/static/chunks/0stj_next_dist_19zsb-q._.js:776
[ 1736821ms] [LOG] [Fast Refresh] done in 62ms @ http://localhost:3000/_next/static/chunks/0stj_next_dist_19zsb-q._.js:776
[ 1736883ms] [LOG] [Fast Refresh] done in 62ms @ http://localhost:3000/_next/static/chunks/0stj_next_dist_19zsb-q._.js:776
[ 1736946ms] [LOG] [Fast Refresh] done in 62ms @ http://localhost:3000/_next/static/chunks/0stj_next_dist_19zsb-q._.js:776
[ 1737008ms] [LOG] [Fast Refresh] done in 62ms @ http://localhost:3000/_next/static/chunks/0stj_next_dist_19zsb-q._.js:776
[ 1737070ms] [LOG] [Fast Refresh] done in 62ms @ http://localhost:3000/_next/static/chunks/0stj_next_dist_19zsb-q._.js:776
[ 1737131ms] [LOG] [Fast Refresh] done in 62ms @ http://localhost:3000/_next/static/chunks/0stj_next_dist_19zsb-q._.js:776
[ 1737193ms] [LOG] [Fast Refresh] done in 62ms @ http://localhost:3000/_next/static/chunks/0stj_next_dist_19zsb-q._.js:776
[ 1737254ms] [LOG] [Fast Refresh] done in 62ms @ http://localhost:3000/_next/static/chunks/0stj_next_dist_19zsb-q._.js:776
[ 1737315ms] [LOG] [Fast Refresh] done in 62ms @ http://localhost:3000/_next/static/chunks/0stj_next_dist_19zsb-q._.js:776
[ 1737377ms] [LOG] [Fast Refresh] done in 62ms @ http://localhost:3000/_next/static/chunks/0stj_next_dist_19zsb-q._.js:776
[ 1737440ms] [LOG] [Fast Refresh] done in 62ms @ http://localhost:3000/_next/static/chunks/0stj_next_dist_19zsb-q._.js:776
[ 1737501ms] [LOG] [Fast Refresh] done in 62ms @ http://localhost:3000/_next/static/chunks/0stj_next_dist_19zsb-q._.js:776
[ 1737565ms] [LOG] [Fast Refresh] done in 62ms @ http://localhost:3000/_next/static/chunks/0stj_next_dist_19zsb-q._.js:776
[ 1737627ms] [LOG] [Fast Refresh] done in 62ms @ http://localhost:3000/_next/static/chunks/0stj_next_dist_19zsb-q._.js:776
[ 1737690ms] [LOG] [Fast Refresh] done in 62ms @ http://localhost:3000/_next/static/chunks/0stj_next_dist_19zsb-q._.js:776
[ 1737754ms] [LOG] [Fast Refresh] done in 62ms @ http://localhost:3000/_next/static/chunks/0stj_next_dist_19zsb-q._.js:776
[ 1737815ms] [LOG] [Fast Refresh] done in 62ms @ http://localhost:3000/_next/static/chunks/0stj_next_dist_19zsb-q._.js:776
[ 1737879ms] [LOG] [Fast Refresh] done in 62ms @ http://localhost:3000/_next/static/chunks/0stj_next_dist_19zsb-q._.js:776
[ 1737943ms] [LOG] [Fast Refresh] done in 62ms @ http://localhost:3000/_next/static/chunks/0stj_next_dist_19zsb-q._.js:776
[ 1738005ms] [LOG] [Fast Refresh] done in 62ms @ http://localhost:3000/_next/static/chunks/0stj_next_dist_19zsb-q._.js:776
[ 1738066ms] [LOG] [Fast Refresh] done in 62ms @ http://localhost:3000/_next/static/chunks/0stj_next_dist_19zsb-q._.js:776
[ 1738127ms] [LOG] [Fast Refresh] done in 62ms @ http://localhost:3000/_next/static/chunks/0stj_next_dist_19zsb-q._.js:776
[ 1738190ms] [LOG] [Fast Refresh] done in 62ms @ http://localhost:3000/_next/static/chunks/0stj_next_dist_19zsb-q._.js:776
[ 1738252ms] [LOG] [Fast Refresh] done in 62ms @ http://localhost:3000/_next/static/chunks/0stj_next_dist_19zsb-q._.js:776
[ 1738315ms] [LOG] [Fast Refresh] done in 62ms @ http://localhost:3000/_next/static/chunks/0stj_next_dist_19zsb-q._.js:776
[ 1738377ms] [LOG] [Fast Refresh] done in 62ms @ http://localhost:3000/_next/static/chunks/0stj_next_dist_19zsb-q._.js:776
[ 1738439ms] [LOG] [Fast Refresh] done in 62ms @ http://localhost:3000/_next/static/chunks/0stj_next_dist_19zsb-q._.js:776
[ 1738504ms] [LOG] [Fast Refresh] done in 62ms @ http://localhost:3000/_next/static/chunks/0stj_next_dist_19zsb-q._.js:776
[ 1738564ms] [LOG] [Fast Refresh] done in 62ms @ http://localhost:3000/_next/static/chunks/0stj_next_dist_19zsb-q._.js:776
[ 1738626ms] [LOG] [Fast Refresh] done in 62ms @ http://localhost:3000/_next/static/chunks/0stj_next_dist_19zsb-q._.js:776
[ 1738689ms] [LOG] [Fast Refresh] done in 62ms @ http://localhost:3000/_next/static/chunks/0stj_next_dist_19zsb-q._.js:776
[ 1738754ms] [LOG] [Fast Refresh] done in 62ms @ http://localhost:3000/_next/static/chunks/0stj_next_dist_19zsb-q._.js:776
[ 1738812ms] [LOG] [Fast Refresh] done in 62ms @ http://localhost:3000/_next/static/chunks/0stj_next_dist_19zsb-q._.js:776
[ 1738875ms] [LOG] [Fast Refresh] done in 62ms @ http://localhost:3000/_next/static/chunks/0stj_next_dist_19zsb-q._.js:776
[ 1738935ms] [LOG] [Fast Refresh] done in 62ms @ http://localhost:3000/_next/static/chunks/0stj_next_dist_19zsb-q._.js:776
[ 1738998ms] [LOG] [Fast Refresh] done in 62ms @ http://localhost:3000/_next/static/chunks/0stj_next_dist_19zsb-q._.js:776
[ 1739059ms] [LOG] [Fast Refresh] done in 62ms @ http://localhost:3000/_next/static/chunks/0stj_next_dist_19zsb-q._.js:776
[ 1739121ms] [LOG] [Fast Refresh] done in 62ms @ http://localhost:3000/_next/static/chunks/0stj_next_dist_19zsb-q._.js:776
[ 1739183ms] [LOG] [Fast Refresh] done in 62ms @ http://localhost:3000/_next/static/chunks/0stj_next_dist_19zsb-q._.js:776
[ 1739245ms] [LOG] [Fast Refresh] done in 62ms @ http://localhost:3000/_next/static/chunks/0stj_next_dist_19zsb-q._.js:776
[ 1739308ms] [LOG] [Fast Refresh] done in 62ms @ http://localhost:3000/_next/static/chunks/0stj_next_dist_19zsb-q._.js:776
[ 1739371ms] [LOG] [Fast Refresh] done in 62ms @ http://localhost:3000/_next/static/chunks/0stj_next_dist_19zsb-q._.js:776
[ 1739434ms] [LOG] [Fast Refresh] done in 62ms @ http://localhost:3000/_next/static/chunks/0stj_next_dist_19zsb-q._.js:776
[ 1739496ms] [LOG] [Fast Refresh] done in 62ms @ http://localhost:3000/_next/static/chunks/0stj_next_dist_19zsb-q._.js:776
[ 1739572ms] [LOG] [Fast Refresh] done in 62ms @ http://localhost:3000/_next/static/chunks/0stj_next_dist_19zsb-q._.js:776
[ 1739635ms] [LOG] [Fast Refresh] done in 62ms @ http://localhost:3000/_next/static/chunks/0stj_next_dist_19zsb-q._.js:776
[ 1739698ms] [LOG] [Fast Refresh] done in 62ms @ http://localhost:3000/_next/static/chunks/0stj_next_dist_19zsb-q._.js:776
[ 1739765ms] [LOG] [Fast Refresh] done in 62ms @ http://localhost:3000/_next/static/chunks/0stj_next_dist_19zsb-q._.js:776
[ 1739824ms] [LOG] [Fast Refresh] done in 62ms @ http://localhost:3000/_next/static/chunks/0stj_next_dist_19zsb-q._.js:776
[ 1739885ms] [LOG] [Fast Refresh] done in 62ms @ http://localhost:3000/_next/static/chunks/0stj_next_dist_19zsb-q._.js:776
[ 1739947ms] [LOG] [Fast Refresh] done in 62ms @ http://localhost:3000/_next/static/chunks/0stj_next_dist_19zsb-q._.js:776
[ 1740009ms] [LOG] [Fast Refresh] done in 62ms @ http://localhost:3000/_next/static/chunks/0stj_next_dist_19zsb-q._.js:776
[ 1740072ms] [LOG] [Fast Refresh] done in 62ms @ http://localhost:3000/_next/static/chunks/0stj_next_dist_19zsb-q._.js:776
[ 1740134ms] [LOG] [Fast Refresh] done in 62ms @ http://localhost:3000/_next/static/chunks/0stj_next_dist_19zsb-q._.js:776
[ 1740196ms] [LOG] [Fast Refresh] done in 62ms @ http://localhost:3000/_next/static/chunks/0stj_next_dist_19zsb-q._.js:776
[ 1740262ms] [LOG] [Fast Refresh] done in 62ms @ http://localhost:3000/_next/static/chunks/0stj_next_dist_19zsb-q._.js:776
[ 1740322ms] [LOG] [Fast Refresh] done in 62ms @ http://localhost:3000/_next/static/chunks/0stj_next_dist_19zsb-q._.js:776
[ 1740386ms] [LOG] [Fast Refresh] done in 62ms @ http://localhost:3000/_next/static/chunks/0stj_next_dist_19zsb-q._.js:776
[ 1740448ms] [LOG] [Fast Refresh] done in 62ms @ http://localhost:3000/_next/static/chunks/0stj_next_dist_19zsb-q._.js:776
[ 1740513ms] [LOG] [Fast Refresh] done in 62ms @ http://localhost:3000/_next/static/chunks/0stj_next_dist_19zsb-q._.js:776
[ 1740572ms] [LOG] [Fast Refresh] done in 62ms @ http://localhost:3000/_next/static/chunks/0stj_next_dist_19zsb-q._.js:776
[ 1740635ms] [LOG] [Fast Refresh] done in 62ms @ http://localhost:3000/_next/static/chunks/0stj_next_dist_19zsb-q._.js:776
[ 1740698ms] [LOG] [Fast Refresh] done in 62ms @ http://localhost:3000/_next/static/chunks/0stj_next_dist_19zsb-q._.js:776
[ 1740764ms] [LOG] [Fast Refresh] done in 62ms @ http://localhost:3000/_next/static/chunks/0stj_next_dist_19zsb-q._.js:776
[ 1740822ms] [LOG] [Fast Refresh] done in 62ms @ http://localhost:3000/_next/static/chunks/0stj_next_dist_19zsb-q._.js:776
[ 1740883ms] [LOG] [Fast Refresh] done in 62ms @ http://localhost:3000/_next/static/chunks/0stj_next_dist_19zsb-q._.js:776
[ 1740944ms] [LOG] [Fast Refresh] done in 62ms @ http://localhost:3000/_next/static/chunks/0stj_next_dist_19zsb-q._.js:776
[ 1741014ms] [LOG] [Fast Refresh] done in 62ms @ http://localhost:3000/_next/static/chunks/0stj_next_dist_19zsb-q._.js:776
[ 1741067ms] [LOG] [Fast Refresh] done in 62ms @ http://localhost:3000/_next/static/chunks/0stj_next_dist_19zsb-q._.js:776
[ 1741128ms] [LOG] [Fast Refresh] done in 62ms @ http://localhost:3000/_next/static/chunks/0stj_next_dist_19zsb-q._.js:776
[ 1741191ms] [LOG] [Fast Refresh] done in 62ms @ http://localhost:3000/_next/static/chunks/0stj_next_dist_19zsb-q._.js:776
[ 1741255ms] [LOG] [Fast Refresh] done in 62ms @ http://localhost:3000/_next/static/chunks/0stj_next_dist_19zsb-q._.js:776
[ 1741316ms] [LOG] [Fast Refresh] done in 62ms @ http://localhost:3000/_next/static/chunks/0stj_next_dist_19zsb-q._.js:776
[ 1741377ms] [LOG] [Fast Refresh] done in 62ms @ http://localhost:3000/_next/static/chunks/0stj_next_dist_19zsb-q._.js:776
[ 1741440ms] [LOG] [Fast Refresh] done in 62ms @ http://localhost:3000/_next/static/chunks/0stj_next_dist_19zsb-q._.js:776
[ 1741504ms] [LOG] [Fast Refresh] done in 62ms @ http://localhost:3000/_next/static/chunks/0stj_next_dist_19zsb-q._.js:776
[ 1741565ms] [LOG] [Fast Refresh] done in 62ms @ http://localhost:3000/_next/static/chunks/0stj_next_dist_19zsb-q._.js:776
[ 1741627ms] [LOG] [Fast Refresh] done in 62ms @ http://localhost:3000/_next/static/chunks/0stj_next_dist_19zsb-q._.js:776
[ 1741691ms] [LOG] [Fast Refresh] done in 62ms @ http://localhost:3000/_next/static/chunks/0stj_next_dist_19zsb-q._.js:776
[ 1741755ms] [LOG] [Fast Refresh] done in 62ms @ http://localhost:3000/_next/static/chunks/0stj_next_dist_19zsb-q._.js:776
[ 1741832ms] [LOG] [Fast Refresh] done in 62ms @ http://localhost:3000/_next/static/chunks/0stj_next_dist_19zsb-q._.js:776
[ 1741893ms] [LOG] [Fast Refresh] done in 62ms @ http://localhost:3000/_next/static/chunks/0stj_next_dist_19zsb-q._.js:776
[ 1741956ms] [LOG] [Fast Refresh] done in 62ms @ http://localhost:3000/_next/static/chunks/0stj_next_dist_19zsb-q._.js:776
[ 1742019ms] [LOG] [Fast Refresh] done in 62ms @ http://localhost:3000/_next/static/chunks/0stj_next_dist_19zsb-q._.js:776
[ 1742095ms] [LOG] [Fast Refresh] done in 62ms @ http://localhost:3000/_next/static/chunks/0stj_next_dist_19zsb-q._.js:776
[ 1742157ms] [LOG] [Fast Refresh] done in 62ms @ http://localhost:3000/_next/static/chunks/0stj_next_dist_19zsb-q._.js:776
[ 1742219ms] [LOG] [Fast Refresh] done in 62ms @ http://localhost:3000/_next/static/chunks/0stj_next_dist_19zsb-q._.js:776
[ 1742287ms] [LOG] [Fast Refresh] done in 62ms @ http://localhost:3000/_next/static/chunks/0stj_next_dist_19zsb-q._.js:776
[ 1742364ms] [LOG] [Fast Refresh] done in 62ms @ http://localhost:3000/_next/static/chunks/0stj_next_dist_19zsb-q._.js:776
[ 1742423ms] [LOG] [Fast Refresh] done in 62ms @ http://localhost:3000/_next/static/chunks/0stj_next_dist_19zsb-q._.js:776
[ 1742484ms] [LOG] [Fast Refresh] done in 62ms @ http://localhost:3000/_next/static/chunks/0stj_next_dist_19zsb-q._.js:776
[ 1742552ms] [LOG] [Fast Refresh] done in 62ms @ http://localhost:3000/_next/static/chunks/0stj_next_dist_19zsb-q._.js:776
[ 1742610ms] [LOG] [Fast Refresh] done in 62ms @ http://localhost:3000/_next/static/chunks/0stj_next_dist_19zsb-q._.js:776
[ 1742673ms] [LOG] [Fast Refresh] done in 62ms @ http://localhost:3000/_next/static/chunks/0stj_next_dist_19zsb-q._.js:776
[ 1742733ms] [LOG] [Fast Refresh] done in 62ms @ http://localhost:3000/_next/static/chunks/0stj_next_dist_19zsb-q._.js:776
[ 1742798ms] [LOG] [Fast Refresh] done in 62ms @ http://localhost:3000/_next/static/chunks/0stj_next_dist_19zsb-q._.js:776
[ 1742858ms] [LOG] [Fast Refresh] done in 62ms @ http://localhost:3000/_next/static/chunks/0stj_next_dist_19zsb-q._.js:776
[ 1742920ms] [LOG] [Fast Refresh] done in 62ms @ http://localhost:3000/_next/static/chunks/0stj_next_dist_19zsb-q._.js:776
[ 1742982ms] [LOG] [Fast Refresh] done in 62ms @ http://localhost:3000/_next/static/chunks/0stj_next_dist_19zsb-q._.js:776
[ 1743052ms] [LOG] [Fast Refresh] done in 62ms @ http://localhost:3000/_next/static/chunks/0stj_next_dist_19zsb-q._.js:776
[ 1743109ms] [LOG] [Fast Refresh] done in 62ms @ http://localhost:3000/_next/static/chunks/0stj_next_dist_19zsb-q._.js:776
[ 1743172ms] [LOG] [Fast Refresh] done in 62ms @ http://localhost:3000/_next/static/chunks/0stj_next_dist_19zsb-q._.js:776
[ 1743234ms] [LOG] [Fast Refresh] done in 62ms @ http://localhost:3000/_next/static/chunks/0stj_next_dist_19zsb-q._.js:776
[ 1743300ms] [LOG] [Fast Refresh] done in 62ms @ http://localhost:3000/_next/static/chunks/0stj_next_dist_19zsb-q._.js:776
[ 1743357ms] [LOG] [Fast Refresh] done in 62ms @ http://localhost:3000/_next/static/chunks/0stj_next_dist_19zsb-q._.js:776
[ 1743419ms] [LOG] [Fast Refresh] done in 62ms @ http://localhost:3000/_next/static/chunks/0stj_next_dist_19zsb-q._.js:776
[ 1743481ms] [LOG] [Fast Refresh] done in 62ms @ http://localhost:3000/_next/static/chunks/0stj_next_dist_19zsb-q._.js:776
[ 1743546ms] [LOG] [Fast Refresh] done in 62ms @ http://localhost:3000/_next/static/chunks/0stj_next_dist_19zsb-q._.js:776
[ 1743605ms] [LOG] [Fast Refresh] done in 62ms @ http://localhost:3000/_next/static/chunks/0stj_next_dist_19zsb-q._.js:776
[ 1743667ms] [LOG] [Fast Refresh] done in 62ms @ http://localhost:3000/_next/static/chunks/0stj_next_dist_19zsb-q._.js:776
[ 1743730ms] [LOG] [Fast Refresh] done in 62ms @ http://localhost:3000/_next/static/chunks/0stj_next_dist_19zsb-q._.js:776
[ 1743794ms] [LOG] [Fast Refresh] done in 62ms @ http://localhost:3000/_next/static/chunks/0stj_next_dist_19zsb-q._.js:776
[ 1743855ms] [LOG] [Fast Refresh] done in 62ms @ http://localhost:3000/_next/static/chunks/0stj_next_dist_19zsb-q._.js:776
[ 1743917ms] [LOG] [Fast Refresh] done in 62ms @ http://localhost:3000/_next/static/chunks/0stj_next_dist_19zsb-q._.js:776
[ 1743979ms] [LOG] [Fast Refresh] done in 62ms @ http://localhost:3000/_next/static/chunks/0stj_next_dist_19zsb-q._.js:776
[ 1744043ms] [LOG] [Fast Refresh] done in 62ms @ http://localhost:3000/_next/static/chunks/0stj_next_dist_19zsb-q._.js:776
[ 1744120ms] [LOG] [Fast Refresh] done in 62ms @ http://localhost:3000/_next/static/chunks/0stj_next_dist_19zsb-q._.js:776
[ 1744182ms] [LOG] [Fast Refresh] done in 62ms @ http://localhost:3000/_next/static/chunks/0stj_next_dist_19zsb-q._.js:776
[ 1744244ms] [LOG] [Fast Refresh] done in 62ms @ http://localhost:3000/_next/static/chunks/0stj_next_dist_19zsb-q._.js:776
[ 1744307ms] [LOG] [Fast Refresh] done in 62ms @ http://localhost:3000/_next/static/chunks/0stj_next_dist_19zsb-q._.js:776
[ 1744370ms] [LOG] [Fast Refresh] done in 62ms @ http://localhost:3000/_next/static/chunks/0stj_next_dist_19zsb-q._.js:776
[ 1744431ms] [LOG] [Fast Refresh] done in 62ms @ http://localhost:3000/_next/static/chunks/0stj_next_dist_19zsb-q._.js:776
[ 1744495ms] [LOG] [Fast Refresh] done in 62ms @ http://localhost:3000/_next/static/chunks/0stj_next_dist_19zsb-q._.js:776
[ 1744559ms] [LOG] [Fast Refresh] done in 62ms @ http://localhost:3000/_next/static/chunks/0stj_next_dist_19zsb-q._.js:776
[ 1744618ms] [LOG] [Fast Refresh] done in 62ms @ http://localhost:3000/_next/static/chunks/0stj_next_dist_19zsb-q._.js:776
[ 1744681ms] [LOG] [Fast Refresh] done in 62ms @ http://localhost:3000/_next/static/chunks/0stj_next_dist_19zsb-q._.js:776
[ 1744743ms] [LOG] [Fast Refresh] done in 62ms @ http://localhost:3000/_next/static/chunks/0stj_next_dist_19zsb-q._.js:776
[ 1744805ms] [LOG] [Fast Refresh] done in 62ms @ http://localhost:3000/_next/static/chunks/0stj_next_dist_19zsb-q._.js:776
[ 1744867ms] [LOG] [Fast Refresh] done in 62ms @ http://localhost:3000/_next/static/chunks/0stj_next_dist_19zsb-q._.js:776
[ 1744928ms] [LOG] [Fast Refresh] done in 62ms @ http://localhost:3000/_next/static/chunks/0stj_next_dist_19zsb-q._.js:776
[ 1744989ms] [LOG] [Fast Refresh] done in 62ms @ http://localhost:3000/_next/static/chunks/0stj_next_dist_19zsb-q._.js:776
[ 1745051ms] [LOG] [Fast Refresh] done in 62ms @ http://localhost:3000/_next/static/chunks/0stj_next_dist_19zsb-q._.js:776
[ 1745127ms] [LOG] [Fast Refresh] done in 62ms @ http://localhost:3000/_next/static/chunks/0stj_next_dist_19zsb-q._.js:776
[ 1745189ms] [LOG] [Fast Refresh] done in 62ms @ http://localhost:3000/_next/static/chunks/0stj_next_dist_19zsb-q._.js:776
[ 1745252ms] [LOG] [Fast Refresh] done in 62ms @ http://localhost:3000/_next/static/chunks/0stj_next_dist_19zsb-q._.js:776
[ 1745314ms] [LOG] [Fast Refresh] done in 62ms @ http://localhost:3000/_next/static/chunks/0stj_next_dist_19zsb-q._.js:776
[ 1745376ms] [LOG] [Fast Refresh] done in 62ms @ http://localhost:3000/_next/static/chunks/0stj_next_dist_19zsb-q._.js:776
[ 1745440ms] [LOG] [Fast Refresh] done in 62ms @ http://localhost:3000/_next/static/chunks/0stj_next_dist_19zsb-q._.js:776
[ 1745501ms] [LOG] [Fast Refresh] done in 62ms @ http://localhost:3000/_next/static/chunks/0stj_next_dist_19zsb-q._.js:776
[ 1745563ms] [LOG] [Fast Refresh] done in 62ms @ http://localhost:3000/_next/static/chunks/0stj_next_dist_19zsb-q._.js:776
[ 1745659ms] [LOG] [Fast Refresh] done in 62ms @ http://localhost:3000/_next/static/chunks/0stj_next_dist_19zsb-q._.js:776
[ 1745721ms] [LOG] [Fast Refresh] done in 62ms @ http://localhost:3000/_next/static/chunks/0stj_next_dist_19zsb-q._.js:776
[ 1745784ms] [LOG] [Fast Refresh] done in 62ms @ http://localhost:3000/_next/static/chunks/0stj_next_dist_19zsb-q._.js:776
[ 1745846ms] [LOG] [Fast Refresh] done in 62ms @ http://localhost:3000/_next/static/chunks/0stj_next_dist_19zsb-q._.js:776
[ 1745908ms] [LOG] [Fast Refresh] done in 62ms @ http://localhost:3000/_next/static/chunks/0stj_next_dist_19zsb-q._.js:776
[ 1745970ms] [LOG] [Fast Refresh] done in 62ms @ http://localhost:3000/_next/static/chunks/0stj_next_dist_19zsb-q._.js:776
[ 1746033ms] [LOG] [Fast Refresh] done in 62ms @ http://localhost:3000/_next/static/chunks/0stj_next_dist_19zsb-q._.js:776
[ 1746095ms] [LOG] [Fast Refresh] done in 62ms @ http://localhost:3000/_next/static/chunks/0stj_next_dist_19zsb-q._.js:776
[ 1746157ms] [LOG] [Fast Refresh] done in 62ms @ http://localhost:3000/_next/static/chunks/0stj_next_dist_19zsb-q._.js:776
[ 1746220ms] [LOG] [Fast Refresh] done in 62ms @ http://localhost:3000/_next/static/chunks/0stj_next_dist_19zsb-q._.js:776
[ 1746282ms] [LOG] [Fast Refresh] done in 62ms @ http://localhost:3000/_next/static/chunks/0stj_next_dist_19zsb-q._.js:776
[ 1746343ms] [LOG] [Fast Refresh] done in 62ms @ http://localhost:3000/_next/static/chunks/0stj_next_dist_19zsb-q._.js:776
[ 1746405ms] [LOG] [Fast Refresh] done in 62ms @ http://localhost:3000/_next/static/chunks/0stj_next_dist_19zsb-q._.js:776
[ 1746468ms] [LOG] [Fast Refresh] done in 62ms @ http://localhost:3000/_next/static/chunks/0stj_next_dist_19zsb-q._.js:776
[ 1746531ms] [LOG] [Fast Refresh] done in 62ms @ http://localhost:3000/_next/static/chunks/0stj_next_dist_19zsb-q._.js:776
[ 1746593ms] [LOG] [Fast Refresh] done in 62ms @ http://localhost:3000/_next/static/chunks/0stj_next_dist_19zsb-q._.js:776
[ 1746656ms] [LOG] [Fast Refresh] done in 62ms @ http://localhost:3000/_next/static/chunks/0stj_next_dist_19zsb-q._.js:776
[ 1746718ms] [LOG] [Fast Refresh] done in 62ms @ http://localhost:3000/_next/static/chunks/0stj_next_dist_19zsb-q._.js:776
[ 1746781ms] [LOG] [Fast Refresh] done in 62ms @ http://localhost:3000/_next/static/chunks/0stj_next_dist_19zsb-q._.js:776
[ 1746843ms] [LOG] [Fast Refresh] done in 62ms @ http://localhost:3000/_next/static/chunks/0stj_next_dist_19zsb-q._.js:776
[ 1746905ms] [LOG] [Fast Refresh] done in 62ms @ http://localhost:3000/_next/static/chunks/0stj_next_dist_19zsb-q._.js:776
[ 1746968ms] [LOG] [Fast Refresh] done in 62ms @ http://localhost:3000/_next/static/chunks/0stj_next_dist_19zsb-q._.js:776
[ 1747032ms] [LOG] [Fast Refresh] done in 62ms @ http://localhost:3000/_next/static/chunks/0stj_next_dist_19zsb-q._.js:776
[ 1747095ms] [LOG] [Fast Refresh] done in 62ms @ http://localhost:3000/_next/static/chunks/0stj_next_dist_19zsb-q._.js:776
[ 1747157ms] [LOG] [Fast Refresh] done in 62ms @ http://localhost:3000/_next/static/chunks/0stj_next_dist_19zsb-q._.js:776
[ 1747220ms] [LOG] [Fast Refresh] done in 62ms @ http://localhost:3000/_next/static/chunks/0stj_next_dist_19zsb-q._.js:776
[ 1747284ms] [LOG] [Fast Refresh] done in 62ms @ http://localhost:3000/_next/static/chunks/0stj_next_dist_19zsb-q._.js:776
[ 1747346ms] [LOG] [Fast Refresh] done in 62ms @ http://localhost:3000/_next/static/chunks/0stj_next_dist_19zsb-q._.js:776
[ 1747409ms] [LOG] [Fast Refresh] done in 62ms @ http://localhost:3000/_next/static/chunks/0stj_next_dist_19zsb-q._.js:776
[ 1747470ms] [LOG] [Fast Refresh] done in 62ms @ http://localhost:3000/_next/static/chunks/0stj_next_dist_19zsb-q._.js:776
[ 1747532ms] [LOG] [Fast Refresh] done in 62ms @ http://localhost:3000/_next/static/chunks/0stj_next_dist_19zsb-q._.js:776
[ 1747595ms] [LOG] [Fast Refresh] done in 62ms @ http://localhost:3000/_next/static/chunks/0stj_next_dist_19zsb-q._.js:776
[ 1747656ms] [LOG] [Fast Refresh] done in 62ms @ http://localhost:3000/_next/static/chunks/0stj_next_dist_19zsb-q._.js:776
[ 1747720ms] [LOG] [Fast Refresh] done in 62ms @ http://localhost:3000/_next/static/chunks/0stj_next_dist_19zsb-q._.js:776
[ 1747783ms] [LOG] [Fast Refresh] done in 62ms @ http://localhost:3000/_next/static/chunks/0stj_next_dist_19zsb-q._.js:776
[ 1747845ms] [LOG] [Fast Refresh] done in 62ms @ http://localhost:3000/_next/static/chunks/0stj_next_dist_19zsb-q._.js:776
[ 1747906ms] [LOG] [Fast Refresh] done in 62ms @ http://localhost:3000/_next/static/chunks/0stj_next_dist_19zsb-q._.js:776
[ 1747970ms] [LOG] [Fast Refresh] done in 62ms @ http://localhost:3000/_next/static/chunks/0stj_next_dist_19zsb-q._.js:776
[ 1748032ms] [LOG] [Fast Refresh] done in 62ms @ http://localhost:3000/_next/static/chunks/0stj_next_dist_19zsb-q._.js:776
[ 1748092ms] [LOG] [Fast Refresh] done in 62ms @ http://localhost:3000/_next/static/chunks/0stj_next_dist_19zsb-q._.js:776
[ 1748155ms] [LOG] [Fast Refresh] done in 62ms @ http://localhost:3000/_next/static/chunks/0stj_next_dist_19zsb-q._.js:776
[ 1748217ms] [LOG] [Fast Refresh] done in 62ms @ http://localhost:3000/_next/static/chunks/0stj_next_dist_19zsb-q._.js:776
[ 1748280ms] [LOG] [Fast Refresh] done in 62ms @ http://localhost:3000/_next/static/chunks/0stj_next_dist_19zsb-q._.js:776
[ 1748343ms] [LOG] [Fast Refresh] done in 62ms @ http://localhost:3000/_next/static/chunks/0stj_next_dist_19zsb-q._.js:776
[ 1748404ms] [LOG] [Fast Refresh] done in 62ms @ http://localhost:3000/_next/static/chunks/0stj_next_dist_19zsb-q._.js:776
[ 1748466ms] [LOG] [Fast Refresh] done in 62ms @ http://localhost:3000/_next/static/chunks/0stj_next_dist_19zsb-q._.js:776
[ 1748528ms] [LOG] [Fast Refresh] done in 62ms @ http://localhost:3000/_next/static/chunks/0stj_next_dist_19zsb-q._.js:776
[ 1748590ms] [LOG] [Fast Refresh] done in 62ms @ http://localhost:3000/_next/static/chunks/0stj_next_dist_19zsb-q._.js:776
[ 1748652ms] [LOG] [Fast Refresh] done in 62ms @ http://localhost:3000/_next/static/chunks/0stj_next_dist_19zsb-q._.js:776
[ 1748713ms] [LOG] [Fast Refresh] done in 62ms @ http://localhost:3000/_next/static/chunks/0stj_next_dist_19zsb-q._.js:776
[ 1748774ms] [LOG] [Fast Refresh] done in 62ms @ http://localhost:3000/_next/static/chunks/0stj_next_dist_19zsb-q._.js:776
[ 1748836ms] [LOG] [Fast Refresh] done in 62ms @ http://localhost:3000/_next/static/chunks/0stj_next_dist_19zsb-q._.js:776
[ 1748898ms] [LOG] [Fast Refresh] done in 62ms @ http://localhost:3000/_next/static/chunks/0stj_next_dist_19zsb-q._.js:776
[ 1748961ms] [LOG] [Fast Refresh] done in 62ms @ http://localhost:3000/_next/static/chunks/0stj_next_dist_19zsb-q._.js:776
[ 1749024ms] [LOG] [Fast Refresh] done in 62ms @ http://localhost:3000/_next/static/chunks/0stj_next_dist_19zsb-q._.js:776
[ 1749088ms] [LOG] [Fast Refresh] done in 62ms @ http://localhost:3000/_next/static/chunks/0stj_next_dist_19zsb-q._.js:776
[ 1749151ms] [LOG] [Fast Refresh] done in 62ms @ http://localhost:3000/_next/static/chunks/0stj_next_dist_19zsb-q._.js:776
[ 1749214ms] [LOG] [Fast Refresh] done in 62ms @ http://localhost:3000/_next/static/chunks/0stj_next_dist_19zsb-q._.js:776
[ 1749275ms] [LOG] [Fast Refresh] done in 62ms @ http://localhost:3000/_next/static/chunks/0stj_next_dist_19zsb-q._.js:776
[ 1749337ms] [LOG] [Fast Refresh] done in 62ms @ http://localhost:3000/_next/static/chunks/0stj_next_dist_19zsb-q._.js:776
[ 1749400ms] [LOG] [Fast Refresh] done in 62ms @ http://localhost:3000/_next/static/chunks/0stj_next_dist_19zsb-q._.js:776
[ 1749463ms] [LOG] [Fast Refresh] done in 62ms @ http://localhost:3000/_next/static/chunks/0stj_next_dist_19zsb-q._.js:776
[ 1749525ms] [LOG] [Fast Refresh] done in 62ms @ http://localhost:3000/_next/static/chunks/0stj_next_dist_19zsb-q._.js:776
[ 1749588ms] [LOG] [Fast Refresh] done in 62ms @ http://localhost:3000/_next/static/chunks/0stj_next_dist_19zsb-q._.js:776
[ 1749650ms] [LOG] [Fast Refresh] done in 62ms @ http://localhost:3000/_next/static/chunks/0stj_next_dist_19zsb-q._.js:776
[ 1749713ms] [LOG] [Fast Refresh] done in 62ms @ http://localhost:3000/_next/static/chunks/0stj_next_dist_19zsb-q._.js:776
[ 1749776ms] [LOG] [Fast Refresh] done in 62ms @ http://localhost:3000/_next/static/chunks/0stj_next_dist_19zsb-q._.js:776
[ 1749838ms] [LOG] [Fast Refresh] done in 62ms @ http://localhost:3000/_next/static/chunks/0stj_next_dist_19zsb-q._.js:776
[ 1749900ms] [LOG] [Fast Refresh] done in 62ms @ http://localhost:3000/_next/static/chunks/0stj_next_dist_19zsb-q._.js:776
[ 1749963ms] [LOG] [Fast Refresh] done in 62ms @ http://localhost:3000/_next/static/chunks/0stj_next_dist_19zsb-q._.js:776
[ 1750025ms] [LOG] [Fast Refresh] done in 62ms @ http://localhost:3000/_next/static/chunks/0stj_next_dist_19zsb-q._.js:776
[ 1750088ms] [LOG] [Fast Refresh] done in 62ms @ http://localhost:3000/_next/static/chunks/0stj_next_dist_19zsb-q._.js:776
[ 1750150ms] [LOG] [Fast Refresh] done in 62ms @ http://localhost:3000/_next/static/chunks/0stj_next_dist_19zsb-q._.js:776
[ 1750212ms] [LOG] [Fast Refresh] done in 62ms @ http://localhost:3000/_next/static/chunks/0stj_next_dist_19zsb-q._.js:776
[ 1750274ms] [LOG] [Fast Refresh] done in 62ms @ http://localhost:3000/_next/static/chunks/0stj_next_dist_19zsb-q._.js:776
[ 1750336ms] [LOG] [Fast Refresh] done in 62ms @ http://localhost:3000/_next/static/chunks/0stj_next_dist_19zsb-q._.js:776
[ 1750397ms] [LOG] [Fast Refresh] done in 62ms @ http://localhost:3000/_next/static/chunks/0stj_next_dist_19zsb-q._.js:776
[ 1750460ms] [LOG] [Fast Refresh] done in 62ms @ http://localhost:3000/_next/static/chunks/0stj_next_dist_19zsb-q._.js:776
[ 1750522ms] [LOG] [Fast Refresh] done in 62ms @ http://localhost:3000/_next/static/chunks/0stj_next_dist_19zsb-q._.js:776
[ 1750586ms] [LOG] [Fast Refresh] done in 62ms @ http://localhost:3000/_next/static/chunks/0stj_next_dist_19zsb-q._.js:776
[ 1750648ms] [LOG] [Fast Refresh] done in 62ms @ http://localhost:3000/_next/static/chunks/0stj_next_dist_19zsb-q._.js:776
[ 1750710ms] [LOG] [Fast Refresh] done in 62ms @ http://localhost:3000/_next/static/chunks/0stj_next_dist_19zsb-q._.js:776
[ 1750773ms] [LOG] [Fast Refresh] done in 62ms @ http://localhost:3000/_next/static/chunks/0stj_next_dist_19zsb-q._.js:776
[ 1750836ms] [LOG] [Fast Refresh] done in 62ms @ http://localhost:3000/_next/static/chunks/0stj_next_dist_19zsb-q._.js:776
[ 1750900ms] [LOG] [Fast Refresh] done in 62ms @ http://localhost:3000/_next/static/chunks/0stj_next_dist_19zsb-q._.js:776
[ 1750962ms] [LOG] [Fast Refresh] done in 62ms @ http://localhost:3000/_next/static/chunks/0stj_next_dist_19zsb-q._.js:776
[ 1751024ms] [LOG] [Fast Refresh] done in 62ms @ http://localhost:3000/_next/static/chunks/0stj_next_dist_19zsb-q._.js:776
[ 1751087ms] [LOG] [Fast Refresh] done in 62ms @ http://localhost:3000/_next/static/chunks/0stj_next_dist_19zsb-q._.js:776
[ 1751150ms] [LOG] [Fast Refresh] done in 62ms @ http://localhost:3000/_next/static/chunks/0stj_next_dist_19zsb-q._.js:776
[ 1751212ms] [LOG] [Fast Refresh] done in 62ms @ http://localhost:3000/_next/static/chunks/0stj_next_dist_19zsb-q._.js:776
[ 1751275ms] [LOG] [Fast Refresh] done in 62ms @ http://localhost:3000/_next/static/chunks/0stj_next_dist_19zsb-q._.js:776
[ 1751337ms] [LOG] [Fast Refresh] done in 62ms @ http://localhost:3000/_next/static/chunks/0stj_next_dist_19zsb-q._.js:776
[ 1751400ms] [LOG] [Fast Refresh] done in 62ms @ http://localhost:3000/_next/static/chunks/0stj_next_dist_19zsb-q._.js:776
[ 1751461ms] [LOG] [Fast Refresh] done in 62ms @ http://localhost:3000/_next/static/chunks/0stj_next_dist_19zsb-q._.js:776
[ 1751524ms] [LOG] [Fast Refresh] done in 62ms @ http://localhost:3000/_next/static/chunks/0stj_next_dist_19zsb-q._.js:776
[ 1751587ms] [LOG] [Fast Refresh] done in 62ms @ http://localhost:3000/_next/static/chunks/0stj_next_dist_19zsb-q._.js:776
[ 1751648ms] [LOG] [Fast Refresh] done in 62ms @ http://localhost:3000/_next/static/chunks/0stj_next_dist_19zsb-q._.js:776
[ 1751710ms] [LOG] [Fast Refresh] done in 62ms @ http://localhost:3000/_next/static/chunks/0stj_next_dist_19zsb-q._.js:776
[ 1751773ms] [LOG] [Fast Refresh] done in 62ms @ http://localhost:3000/_next/static/chunks/0stj_next_dist_19zsb-q._.js:776
[ 1751836ms] [LOG] [Fast Refresh] done in 62ms @ http://localhost:3000/_next/static/chunks/0stj_next_dist_19zsb-q._.js:776
[ 1751900ms] [LOG] [Fast Refresh] done in 62ms @ http://localhost:3000/_next/static/chunks/0stj_next_dist_19zsb-q._.js:776
[ 1751961ms] [LOG] [Fast Refresh] done in 62ms @ http://localhost:3000/_next/static/chunks/0stj_next_dist_19zsb-q._.js:776
[ 1752024ms] [LOG] [Fast Refresh] done in 62ms @ http://localhost:3000/_next/static/chunks/0stj_next_dist_19zsb-q._.js:776
[ 1752087ms] [LOG] [Fast Refresh] done in 62ms @ http://localhost:3000/_next/static/chunks/0stj_next_dist_19zsb-q._.js:776
[ 1752150ms] [LOG] [Fast Refresh] done in 62ms @ http://localhost:3000/_next/static/chunks/0stj_next_dist_19zsb-q._.js:776
[ 1752211ms] [LOG] [Fast Refresh] done in 62ms @ http://localhost:3000/_next/static/chunks/0stj_next_dist_19zsb-q._.js:776
[ 1752274ms] [LOG] [Fast Refresh] done in 62ms @ http://localhost:3000/_next/static/chunks/0stj_next_dist_19zsb-q._.js:776
[ 1752336ms] [LOG] [Fast Refresh] done in 62ms @ http://localhost:3000/_next/static/chunks/0stj_next_dist_19zsb-q._.js:776
[ 1752399ms] [LOG] [Fast Refresh] done in 62ms @ http://localhost:3000/_next/static/chunks/0stj_next_dist_19zsb-q._.js:776
[ 1752461ms] [LOG] [Fast Refresh] done in 62ms @ http://localhost:3000/_next/static/chunks/0stj_next_dist_19zsb-q._.js:776
[ 1752524ms] [LOG] [Fast Refresh] done in 62ms @ http://localhost:3000/_next/static/chunks/0stj_next_dist_19zsb-q._.js:776
[ 1752587ms] [LOG] [Fast Refresh] done in 62ms @ http://localhost:3000/_next/static/chunks/0stj_next_dist_19zsb-q._.js:776
[ 1752650ms] [LOG] [Fast Refresh] done in 62ms @ http://localhost:3000/_next/static/chunks/0stj_next_dist_19zsb-q._.js:776
[ 1752713ms] [LOG] [Fast Refresh] done in 62ms @ http://localhost:3000/_next/static/chunks/0stj_next_dist_19zsb-q._.js:776
[ 1752775ms] [LOG] [Fast Refresh] done in 62ms @ http://localhost:3000/_next/static/chunks/0stj_next_dist_19zsb-q._.js:776
[ 1752837ms] [LOG] [Fast Refresh] done in 62ms @ http://localhost:3000/_next/static/chunks/0stj_next_dist_19zsb-q._.js:776
[ 1752898ms] [LOG] [Fast Refresh] done in 62ms @ http://localhost:3000/_next/static/chunks/0stj_next_dist_19zsb-q._.js:776
[ 1752959ms] [LOG] [Fast Refresh] done in 62ms @ http://localhost:3000/_next/static/chunks/0stj_next_dist_19zsb-q._.js:776
[ 1753021ms] [LOG] [Fast Refresh] done in 62ms @ http://localhost:3000/_next/static/chunks/0stj_next_dist_19zsb-q._.js:776
[ 1753083ms] [LOG] [Fast Refresh] done in 62ms @ http://localhost:3000/_next/static/chunks/0stj_next_dist_19zsb-q._.js:776
[ 1753145ms] [LOG] [Fast Refresh] done in 62ms @ http://localhost:3000/_next/static/chunks/0stj_next_dist_19zsb-q._.js:776
[ 1753208ms] [LOG] [Fast Refresh] done in 62ms @ http://localhost:3000/_next/static/chunks/0stj_next_dist_19zsb-q._.js:776
[ 1753270ms] [LOG] [Fast Refresh] done in 62ms @ http://localhost:3000/_next/static/chunks/0stj_next_dist_19zsb-q._.js:776
[ 1753332ms] [LOG] [Fast Refresh] done in 62ms @ http://localhost:3000/_next/static/chunks/0stj_next_dist_19zsb-q._.js:776
[ 1753394ms] [LOG] [Fast Refresh] done in 62ms @ http://localhost:3000/_next/static/chunks/0stj_next_dist_19zsb-q._.js:776
[ 1753456ms] [LOG] [Fast Refresh] done in 62ms @ http://localhost:3000/_next/static/chunks/0stj_next_dist_19zsb-q._.js:776
[ 1753520ms] [LOG] [Fast Refresh] done in 62ms @ http://localhost:3000/_next/static/chunks/0stj_next_dist_19zsb-q._.js:776
[ 1753584ms] [LOG] [Fast Refresh] done in 62ms @ http://localhost:3000/_next/static/chunks/0stj_next_dist_19zsb-q._.js:776
[ 1753647ms] [LOG] [Fast Refresh] done in 62ms @ http://localhost:3000/_next/static/chunks/0stj_next_dist_19zsb-q._.js:776
[ 1753709ms] [LOG] [Fast Refresh] done in 62ms @ http://localhost:3000/_next/static/chunks/0stj_next_dist_19zsb-q._.js:776
[ 1753772ms] [LOG] [Fast Refresh] done in 62ms @ http://localhost:3000/_next/static/chunks/0stj_next_dist_19zsb-q._.js:776
[ 1753837ms] [LOG] [Fast Refresh] done in 62ms @ http://localhost:3000/_next/static/chunks/0stj_next_dist_19zsb-q._.js:776
[ 1753898ms] [LOG] [Fast Refresh] done in 62ms @ http://localhost:3000/_next/static/chunks/0stj_next_dist_19zsb-q._.js:776
[ 1753959ms] [LOG] [Fast Refresh] done in 62ms @ http://localhost:3000/_next/static/chunks/0stj_next_dist_19zsb-q._.js:776
[ 1754020ms] [LOG] [Fast Refresh] done in 62ms @ http://localhost:3000/_next/static/chunks/0stj_next_dist_19zsb-q._.js:776
[ 1754083ms] [LOG] [Fast Refresh] done in 62ms @ http://localhost:3000/_next/static/chunks/0stj_next_dist_19zsb-q._.js:776
[ 1754146ms] [LOG] [Fast Refresh] done in 62ms @ http://localhost:3000/_next/static/chunks/0stj_next_dist_19zsb-q._.js:776
[ 1754208ms] [LOG] [Fast Refresh] done in 62ms @ http://localhost:3000/_next/static/chunks/0stj_next_dist_19zsb-q._.js:776
[ 1754271ms] [LOG] [Fast Refresh] done in 62ms @ http://localhost:3000/_next/static/chunks/0stj_next_dist_19zsb-q._.js:776
[ 1754333ms] [LOG] [Fast Refresh] done in 62ms @ http://localhost:3000/_next/static/chunks/0stj_next_dist_19zsb-q._.js:776
[ 1754395ms] [LOG] [Fast Refresh] done in 62ms @ http://localhost:3000/_next/static/chunks/0stj_next_dist_19zsb-q._.js:776
[ 1754457ms] [LOG] [Fast Refresh] done in 62ms @ http://localhost:3000/_next/static/chunks/0stj_next_dist_19zsb-q._.js:776
[ 1754521ms] [LOG] [Fast Refresh] done in 62ms @ http://localhost:3000/_next/static/chunks/0stj_next_dist_19zsb-q._.js:776
[ 1754585ms] [LOG] [Fast Refresh] done in 62ms @ http://localhost:3000/_next/static/chunks/0stj_next_dist_19zsb-q._.js:776
[ 1754648ms] [LOG] [Fast Refresh] done in 62ms @ http://localhost:3000/_next/static/chunks/0stj_next_dist_19zsb-q._.js:776
[ 1754710ms] [LOG] [Fast Refresh] done in 62ms @ http://localhost:3000/_next/static/chunks/0stj_next_dist_19zsb-q._.js:776
[ 1754771ms] [LOG] [Fast Refresh] done in 62ms @ http://localhost:3000/_next/static/chunks/0stj_next_dist_19zsb-q._.js:776
[ 1754832ms] [LOG] [Fast Refresh] done in 62ms @ http://localhost:3000/_next/static/chunks/0stj_next_dist_19zsb-q._.js:776
[ 1754896ms] [LOG] [Fast Refresh] done in 62ms @ http://localhost:3000/_next/static/chunks/0stj_next_dist_19zsb-q._.js:776
[ 1754959ms] [LOG] [Fast Refresh] done in 62ms @ http://localhost:3000/_next/static/chunks/0stj_next_dist_19zsb-q._.js:776
[ 1755020ms] [LOG] [Fast Refresh] done in 62ms @ http://localhost:3000/_next/static/chunks/0stj_next_dist_19zsb-q._.js:776
[ 1755081ms] [LOG] [Fast Refresh] done in 62ms @ http://localhost:3000/_next/static/chunks/0stj_next_dist_19zsb-q._.js:776
[ 1755144ms] [LOG] [Fast Refresh] done in 62ms @ http://localhost:3000/_next/static/chunks/0stj_next_dist_19zsb-q._.js:776
[ 1755206ms] [LOG] [Fast Refresh] done in 62ms @ http://localhost:3000/_next/static/chunks/0stj_next_dist_19zsb-q._.js:776
[ 1755268ms] [LOG] [Fast Refresh] done in 62ms @ http://localhost:3000/_next/static/chunks/0stj_next_dist_19zsb-q._.js:776
[ 1755329ms] [LOG] [Fast Refresh] done in 62ms @ http://localhost:3000/_next/static/chunks/0stj_next_dist_19zsb-q._.js:776
[ 1755391ms] [LOG] [Fast Refresh] done in 62ms @ http://localhost:3000/_next/static/chunks/0stj_next_dist_19zsb-q._.js:776
[ 1755454ms] [LOG] [Fast Refresh] done in 62ms @ http://localhost:3000/_next/static/chunks/0stj_next_dist_19zsb-q._.js:776
[ 1755517ms] [LOG] [Fast Refresh] done in 62ms @ http://localhost:3000/_next/static/chunks/0stj_next_dist_19zsb-q._.js:776
[ 1755579ms] [LOG] [Fast Refresh] done in 62ms @ http://localhost:3000/_next/static/chunks/0stj_next_dist_19zsb-q._.js:776
[ 1755642ms] [LOG] [Fast Refresh] done in 62ms @ http://localhost:3000/_next/static/chunks/0stj_next_dist_19zsb-q._.js:776
[ 1755705ms] [LOG] [Fast Refresh] done in 62ms @ http://localhost:3000/_next/static/chunks/0stj_next_dist_19zsb-q._.js:776
[ 1755768ms] [LOG] [Fast Refresh] done in 62ms @ http://localhost:3000/_next/static/chunks/0stj_next_dist_19zsb-q._.js:776
[ 1755830ms] [LOG] [Fast Refresh] done in 62ms @ http://localhost:3000/_next/static/chunks/0stj_next_dist_19zsb-q._.js:776
[ 1755894ms] [LOG] [Fast Refresh] done in 62ms @ http://localhost:3000/_next/static/chunks/0stj_next_dist_19zsb-q._.js:776
[ 1755957ms] [LOG] [Fast Refresh] done in 62ms @ http://localhost:3000/_next/static/chunks/0stj_next_dist_19zsb-q._.js:776
[ 1756018ms] [LOG] [Fast Refresh] done in 62ms @ http://localhost:3000/_next/static/chunks/0stj_next_dist_19zsb-q._.js:776
[ 1756080ms] [LOG] [Fast Refresh] done in 62ms @ http://localhost:3000/_next/static/chunks/0stj_next_dist_19zsb-q._.js:776
[ 1756143ms] [LOG] [Fast Refresh] done in 62ms @ http://localhost:3000/_next/static/chunks/0stj_next_dist_19zsb-q._.js:776
[ 1756205ms] [LOG] [Fast Refresh] done in 62ms @ http://localhost:3000/_next/static/chunks/0stj_next_dist_19zsb-q._.js:776
[ 1756268ms] [LOG] [Fast Refresh] done in 62ms @ http://localhost:3000/_next/static/chunks/0stj_next_dist_19zsb-q._.js:776
[ 1756330ms] [LOG] [Fast Refresh] done in 62ms @ http://localhost:3000/_next/static/chunks/0stj_next_dist_19zsb-q._.js:776
[ 1756393ms] [LOG] [Fast Refresh] done in 62ms @ http://localhost:3000/_next/static/chunks/0stj_next_dist_19zsb-q._.js:776
[ 1756457ms] [LOG] [Fast Refresh] done in 62ms @ http://localhost:3000/_next/static/chunks/0stj_next_dist_19zsb-q._.js:776
[ 1756521ms] [LOG] [Fast Refresh] done in 62ms @ http://localhost:3000/_next/static/chunks/0stj_next_dist_19zsb-q._.js:776
[ 1756584ms] [LOG] [Fast Refresh] done in 62ms @ http://localhost:3000/_next/static/chunks/0stj_next_dist_19zsb-q._.js:776
[ 1756646ms] [LOG] [Fast Refresh] done in 62ms @ http://localhost:3000/_next/static/chunks/0stj_next_dist_19zsb-q._.js:776
[ 1756708ms] [LOG] [Fast Refresh] done in 62ms @ http://localhost:3000/_next/static/chunks/0stj_next_dist_19zsb-q._.js:776
[ 1756772ms] [LOG] [Fast Refresh] done in 62ms @ http://localhost:3000/_next/static/chunks/0stj_next_dist_19zsb-q._.js:776
[ 1756834ms] [LOG] [Fast Refresh] done in 62ms @ http://localhost:3000/_next/static/chunks/0stj_next_dist_19zsb-q._.js:776
[ 1756897ms] [LOG] [Fast Refresh] done in 62ms @ http://localhost:3000/_next/static/chunks/0stj_next_dist_19zsb-q._.js:776
[ 1756959ms] [LOG] [Fast Refresh] done in 62ms @ http://localhost:3000/_next/static/chunks/0stj_next_dist_19zsb-q._.js:776
[ 1757022ms] [LOG] [Fast Refresh] done in 62ms @ http://localhost:3000/_next/static/chunks/0stj_next_dist_19zsb-q._.js:776
[ 1757085ms] [LOG] [Fast Refresh] done in 62ms @ http://localhost:3000/_next/static/chunks/0stj_next_dist_19zsb-q._.js:776
[ 1757147ms] [LOG] [Fast Refresh] done in 62ms @ http://localhost:3000/_next/static/chunks/0stj_next_dist_19zsb-q._.js:776
[ 1757210ms] [LOG] [Fast Refresh] done in 62ms @ http://localhost:3000/_next/static/chunks/0stj_next_dist_19zsb-q._.js:776
[ 1757274ms] [LOG] [Fast Refresh] done in 62ms @ http://localhost:3000/_next/static/chunks/0stj_next_dist_19zsb-q._.js:776
[ 1757336ms] [LOG] [Fast Refresh] done in 62ms @ http://localhost:3000/_next/static/chunks/0stj_next_dist_19zsb-q._.js:776
[ 1757398ms] [LOG] [Fast Refresh] done in 62ms @ http://localhost:3000/_next/static/chunks/0stj_next_dist_19zsb-q._.js:776
[ 1757460ms] [LOG] [Fast Refresh] done in 62ms @ http://localhost:3000/_next/static/chunks/0stj_next_dist_19zsb-q._.js:776
[ 1757523ms] [LOG] [Fast Refresh] done in 62ms @ http://localhost:3000/_next/static/chunks/0stj_next_dist_19zsb-q._.js:776
[ 1757585ms] [LOG] [Fast Refresh] done in 62ms @ http://localhost:3000/_next/static/chunks/0stj_next_dist_19zsb-q._.js:776
[ 1757647ms] [LOG] [Fast Refresh] done in 62ms @ http://localhost:3000/_next/static/chunks/0stj_next_dist_19zsb-q._.js:776
[ 1757711ms] [LOG] [Fast Refresh] done in 62ms @ http://localhost:3000/_next/static/chunks/0stj_next_dist_19zsb-q._.js:776
[ 1757773ms] [LOG] [Fast Refresh] done in 62ms @ http://localhost:3000/_next/static/chunks/0stj_next_dist_19zsb-q._.js:776
[ 1757836ms] [LOG] [Fast Refresh] done in 62ms @ http://localhost:3000/_next/static/chunks/0stj_next_dist_19zsb-q._.js:776
[ 1757899ms] [LOG] [Fast Refresh] done in 62ms @ http://localhost:3000/_next/static/chunks/0stj_next_dist_19zsb-q._.js:776
[ 1757962ms] [LOG] [Fast Refresh] done in 62ms @ http://localhost:3000/_next/static/chunks/0stj_next_dist_19zsb-q._.js:776
[ 1758024ms] [LOG] [Fast Refresh] done in 62ms @ http://localhost:3000/_next/static/chunks/0stj_next_dist_19zsb-q._.js:776
[ 1758086ms] [LOG] [Fast Refresh] done in 62ms @ http://localhost:3000/_next/static/chunks/0stj_next_dist_19zsb-q._.js:776
[ 1758148ms] [LOG] [Fast Refresh] done in 62ms @ http://localhost:3000/_next/static/chunks/0stj_next_dist_19zsb-q._.js:776
[ 1758211ms] [LOG] [Fast Refresh] done in 62ms @ http://localhost:3000/_next/static/chunks/0stj_next_dist_19zsb-q._.js:776
[ 1758272ms] [LOG] [Fast Refresh] done in 62ms @ http://localhost:3000/_next/static/chunks/0stj_next_dist_19zsb-q._.js:776
[ 1758334ms] [LOG] [Fast Refresh] done in 62ms @ http://localhost:3000/_next/static/chunks/0stj_next_dist_19zsb-q._.js:776
[ 1758397ms] [LOG] [Fast Refresh] done in 62ms @ http://localhost:3000/_next/static/chunks/0stj_next_dist_19zsb-q._.js:776
[ 1758459ms] [LOG] [Fast Refresh] done in 62ms @ http://localhost:3000/_next/static/chunks/0stj_next_dist_19zsb-q._.js:776
[ 1758521ms] [LOG] [Fast Refresh] done in 62ms @ http://localhost:3000/_next/static/chunks/0stj_next_dist_19zsb-q._.js:776
[ 1758583ms] [LOG] [Fast Refresh] done in 62ms @ http://localhost:3000/_next/static/chunks/0stj_next_dist_19zsb-q._.js:776
[ 1758646ms] [LOG] [Fast Refresh] done in 62ms @ http://localhost:3000/_next/static/chunks/0stj_next_dist_19zsb-q._.js:776
[ 1758708ms] [LOG] [Fast Refresh] done in 62ms @ http://localhost:3000/_next/static/chunks/0stj_next_dist_19zsb-q._.js:776
[ 1758772ms] [LOG] [Fast Refresh] done in 62ms @ http://localhost:3000/_next/static/chunks/0stj_next_dist_19zsb-q._.js:776
[ 1758835ms] [LOG] [Fast Refresh] done in 62ms @ http://localhost:3000/_next/static/chunks/0stj_next_dist_19zsb-q._.js:776
[ 1758899ms] [LOG] [Fast Refresh] done in 62ms @ http://localhost:3000/_next/static/chunks/0stj_next_dist_19zsb-q._.js:776
[ 1758960ms] [LOG] [Fast Refresh] done in 62ms @ http://localhost:3000/_next/static/chunks/0stj_next_dist_19zsb-q._.js:776
[ 1759022ms] [LOG] [Fast Refresh] done in 62ms @ http://localhost:3000/_next/static/chunks/0stj_next_dist_19zsb-q._.js:776
[ 1759085ms] [LOG] [Fast Refresh] done in 62ms @ http://localhost:3000/_next/static/chunks/0stj_next_dist_19zsb-q._.js:776
[ 1759148ms] [LOG] [Fast Refresh] done in 62ms @ http://localhost:3000/_next/static/chunks/0stj_next_dist_19zsb-q._.js:776
[ 1759212ms] [LOG] [Fast Refresh] done in 62ms @ http://localhost:3000/_next/static/chunks/0stj_next_dist_19zsb-q._.js:776
[ 1759275ms] [LOG] [Fast Refresh] done in 62ms @ http://localhost:3000/_next/static/chunks/0stj_next_dist_19zsb-q._.js:776
[ 1759337ms] [LOG] [Fast Refresh] done in 62ms @ http://localhost:3000/_next/static/chunks/0stj_next_dist_19zsb-q._.js:776
[ 1759400ms] [LOG] [Fast Refresh] done in 62ms @ http://localhost:3000/_next/static/chunks/0stj_next_dist_19zsb-q._.js:776
[ 1759462ms] [LOG] [Fast Refresh] done in 62ms @ http://localhost:3000/_next/static/chunks/0stj_next_dist_19zsb-q._.js:776
[ 1759524ms] [LOG] [Fast Refresh] done in 62ms @ http://localhost:3000/_next/static/chunks/0stj_next_dist_19zsb-q._.js:776
[ 1759587ms] [LOG] [Fast Refresh] done in 62ms @ http://localhost:3000/_next/static/chunks/0stj_next_dist_19zsb-q._.js:776
[ 1759649ms] [LOG] [Fast Refresh] done in 62ms @ http://localhost:3000/_next/static/chunks/0stj_next_dist_19zsb-q._.js:776
[ 1759710ms] [LOG] [Fast Refresh] done in 62ms @ http://localhost:3000/_next/static/chunks/0stj_next_dist_19zsb-q._.js:776
[ 1759773ms] [LOG] [Fast Refresh] done in 62ms @ http://localhost:3000/_next/static/chunks/0stj_next_dist_19zsb-q._.js:776
[ 1759835ms] [LOG] [Fast Refresh] done in 62ms @ http://localhost:3000/_next/static/chunks/0stj_next_dist_19zsb-q._.js:776
[ 1759897ms] [LOG] [Fast Refresh] done in 62ms @ http://localhost:3000/_next/static/chunks/0stj_next_dist_19zsb-q._.js:776
[ 1759960ms] [LOG] [Fast Refresh] done in 62ms @ http://localhost:3000/_next/static/chunks/0stj_next_dist_19zsb-q._.js:776
[ 1760023ms] [LOG] [Fast Refresh] done in 62ms @ http://localhost:3000/_next/static/chunks/0stj_next_dist_19zsb-q._.js:776
[ 1760085ms] [LOG] [Fast Refresh] done in 62ms @ http://localhost:3000/_next/static/chunks/0stj_next_dist_19zsb-q._.js:776
[ 1760149ms] [LOG] [Fast Refresh] done in 62ms @ http://localhost:3000/_next/static/chunks/0stj_next_dist_19zsb-q._.js:776
[ 1760210ms] [LOG] [Fast Refresh] done in 62ms @ http://localhost:3000/_next/static/chunks/0stj_next_dist_19zsb-q._.js:776
[ 1760273ms] [LOG] [Fast Refresh] done in 62ms @ http://localhost:3000/_next/static/chunks/0stj_next_dist_19zsb-q._.js:776
[ 1760335ms] [LOG] [Fast Refresh] done in 62ms @ http://localhost:3000/_next/static/chunks/0stj_next_dist_19zsb-q._.js:776
[ 1760397ms] [LOG] [Fast Refresh] done in 62ms @ http://localhost:3000/_next/static/chunks/0stj_next_dist_19zsb-q._.js:776
[ 1760460ms] [LOG] [Fast Refresh] done in 62ms @ http://localhost:3000/_next/static/chunks/0stj_next_dist_19zsb-q._.js:776
[ 1760522ms] [LOG] [Fast Refresh] done in 62ms @ http://localhost:3000/_next/static/chunks/0stj_next_dist_19zsb-q._.js:776
[ 1760586ms] [LOG] [Fast Refresh] done in 62ms @ http://localhost:3000/_next/static/chunks/0stj_next_dist_19zsb-q._.js:776
[ 1760648ms] [LOG] [Fast Refresh] done in 62ms @ http://localhost:3000/_next/static/chunks/0stj_next_dist_19zsb-q._.js:776
[ 1760710ms] [LOG] [Fast Refresh] done in 62ms @ http://localhost:3000/_next/static/chunks/0stj_next_dist_19zsb-q._.js:776
[ 1760772ms] [LOG] [Fast Refresh] done in 62ms @ http://localhost:3000/_next/static/chunks/0stj_next_dist_19zsb-q._.js:776
[ 1760836ms] [LOG] [Fast Refresh] done in 62ms @ http://localhost:3000/_next/static/chunks/0stj_next_dist_19zsb-q._.js:776
[ 1760898ms] [LOG] [Fast Refresh] done in 62ms @ http://localhost:3000/_next/static/chunks/0stj_next_dist_19zsb-q._.js:776
[ 1760960ms] [LOG] [Fast Refresh] done in 62ms @ http://localhost:3000/_next/static/chunks/0stj_next_dist_19zsb-q._.js:776
[ 1761022ms] [LOG] [Fast Refresh] done in 62ms @ http://localhost:3000/_next/static/chunks/0stj_next_dist_19zsb-q._.js:776
[ 1761084ms] [LOG] [Fast Refresh] done in 62ms @ http://localhost:3000/_next/static/chunks/0stj_next_dist_19zsb-q._.js:776
[ 1761147ms] [LOG] [Fast Refresh] done in 62ms @ http://localhost:3000/_next/static/chunks/0stj_next_dist_19zsb-q._.js:776
[ 1761210ms] [LOG] [Fast Refresh] done in 62ms @ http://localhost:3000/_next/static/chunks/0stj_next_dist_19zsb-q._.js:776
[ 1761272ms] [LOG] [Fast Refresh] done in 62ms @ http://localhost:3000/_next/static/chunks/0stj_next_dist_19zsb-q._.js:776
[ 1761336ms] [LOG] [Fast Refresh] done in 62ms @ http://localhost:3000/_next/static/chunks/0stj_next_dist_19zsb-q._.js:776
[ 1761399ms] [LOG] [Fast Refresh] done in 62ms @ http://localhost:3000/_next/static/chunks/0stj_next_dist_19zsb-q._.js:776
[ 1761461ms] [LOG] [Fast Refresh] done in 62ms @ http://localhost:3000/_next/static/chunks/0stj_next_dist_19zsb-q._.js:776
[ 1761524ms] [LOG] [Fast Refresh] done in 62ms @ http://localhost:3000/_next/static/chunks/0stj_next_dist_19zsb-q._.js:776
[ 1761585ms] [LOG] [Fast Refresh] done in 62ms @ http://localhost:3000/_next/static/chunks/0stj_next_dist_19zsb-q._.js:776
[ 1761648ms] [LOG] [Fast Refresh] done in 62ms @ http://localhost:3000/_next/static/chunks/0stj_next_dist_19zsb-q._.js:776
[ 1761710ms] [LOG] [Fast Refresh] done in 62ms @ http://localhost:3000/_next/static/chunks/0stj_next_dist_19zsb-q._.js:776
[ 1761770ms] [LOG] [Fast Refresh] done in 62ms @ http://localhost:3000/_next/static/chunks/0stj_next_dist_19zsb-q._.js:776
[ 1761833ms] [LOG] [Fast Refresh] done in 62ms @ http://localhost:3000/_next/static/chunks/0stj_next_dist_19zsb-q._.js:776
[ 1761895ms] [LOG] [Fast Refresh] done in 62ms @ http://localhost:3000/_next/static/chunks/0stj_next_dist_19zsb-q._.js:776
[ 1761958ms] [LOG] [Fast Refresh] done in 62ms @ http://localhost:3000/_next/static/chunks/0stj_next_dist_19zsb-q._.js:776
[ 1762020ms] [LOG] [Fast Refresh] done in 62ms @ http://localhost:3000/_next/static/chunks/0stj_next_dist_19zsb-q._.js:776
[ 1762082ms] [LOG] [Fast Refresh] done in 62ms @ http://localhost:3000/_next/static/chunks/0stj_next_dist_19zsb-q._.js:776
[ 1762145ms] [LOG] [Fast Refresh] done in 62ms @ http://localhost:3000/_next/static/chunks/0stj_next_dist_19zsb-q._.js:776
[ 1762207ms] [LOG] [Fast Refresh] done in 62ms @ http://localhost:3000/_next/static/chunks/0stj_next_dist_19zsb-q._.js:776
[ 1762268ms] [LOG] [Fast Refresh] done in 62ms @ http://localhost:3000/_next/static/chunks/0stj_next_dist_19zsb-q._.js:776
[ 1762330ms] [LOG] [Fast Refresh] done in 62ms @ http://localhost:3000/_next/static/chunks/0stj_next_dist_19zsb-q._.js:776
[ 1762392ms] [LOG] [Fast Refresh] done in 62ms @ http://localhost:3000/_next/static/chunks/0stj_next_dist_19zsb-q._.js:776
[ 1762455ms] [LOG] [Fast Refresh] done in 62ms @ http://localhost:3000/_next/static/chunks/0stj_next_dist_19zsb-q._.js:776
[ 1762519ms] [LOG] [Fast Refresh] done in 62ms @ http://localhost:3000/_next/static/chunks/0stj_next_dist_19zsb-q._.js:776
[ 1762581ms] [LOG] [Fast Refresh] done in 62ms @ http://localhost:3000/_next/static/chunks/0stj_next_dist_19zsb-q._.js:776
[ 1762643ms] [LOG] [Fast Refresh] done in 62ms @ http://localhost:3000/_next/static/chunks/0stj_next_dist_19zsb-q._.js:776
[ 1762705ms] [LOG] [Fast Refresh] done in 62ms @ http://localhost:3000/_next/static/chunks/0stj_next_dist_19zsb-q._.js:776
[ 1762767ms] [LOG] [Fast Refresh] done in 62ms @ http://localhost:3000/_next/static/chunks/0stj_next_dist_19zsb-q._.js:776
[ 1762829ms] [LOG] [Fast Refresh] done in 62ms @ http://localhost:3000/_next/static/chunks/0stj_next_dist_19zsb-q._.js:776
[ 1762892ms] [LOG] [Fast Refresh] done in 62ms @ http://localhost:3000/_next/static/chunks/0stj_next_dist_19zsb-q._.js:776
[ 1762954ms] [LOG] [Fast Refresh] done in 62ms @ http://localhost:3000/_next/static/chunks/0stj_next_dist_19zsb-q._.js:776
[ 1763015ms] [LOG] [Fast Refresh] done in 62ms @ http://localhost:3000/_next/static/chunks/0stj_next_dist_19zsb-q._.js:776
[ 1763076ms] [LOG] [Fast Refresh] done in 62ms @ http://localhost:3000/_next/static/chunks/0stj_next_dist_19zsb-q._.js:776
[ 1763140ms] [LOG] [Fast Refresh] done in 62ms @ http://localhost:3000/_next/static/chunks/0stj_next_dist_19zsb-q._.js:776
[ 1763202ms] [LOG] [Fast Refresh] done in 62ms @ http://localhost:3000/_next/static/chunks/0stj_next_dist_19zsb-q._.js:776
[ 1763262ms] [LOG] [Fast Refresh] done in 62ms @ http://localhost:3000/_next/static/chunks/0stj_next_dist_19zsb-q._.js:776
[ 1763325ms] [LOG] [Fast Refresh] done in 62ms @ http://localhost:3000/_next/static/chunks/0stj_next_dist_19zsb-q._.js:776
[ 1763388ms] [LOG] [Fast Refresh] done in 62ms @ http://localhost:3000/_next/static/chunks/0stj_next_dist_19zsb-q._.js:776
[ 1763451ms] [LOG] [Fast Refresh] done in 62ms @ http://localhost:3000/_next/static/chunks/0stj_next_dist_19zsb-q._.js:776
[ 1763514ms] [LOG] [Fast Refresh] done in 62ms @ http://localhost:3000/_next/static/chunks/0stj_next_dist_19zsb-q._.js:776
[ 1763578ms] [LOG] [Fast Refresh] done in 62ms @ http://localhost:3000/_next/static/chunks/0stj_next_dist_19zsb-q._.js:776
[ 1763640ms] [LOG] [Fast Refresh] done in 62ms @ http://localhost:3000/_next/static/chunks/0stj_next_dist_19zsb-q._.js:776
[ 1763702ms] [LOG] [Fast Refresh] done in 62ms @ http://localhost:3000/_next/static/chunks/0stj_next_dist_19zsb-q._.js:776
[ 1763764ms] [LOG] [Fast Refresh] done in 62ms @ http://localhost:3000/_next/static/chunks/0stj_next_dist_19zsb-q._.js:776
[ 1763829ms] [LOG] [Fast Refresh] done in 62ms @ http://localhost:3000/_next/static/chunks/0stj_next_dist_19zsb-q._.js:776
[ 1763891ms] [LOG] [Fast Refresh] done in 62ms @ http://localhost:3000/_next/static/chunks/0stj_next_dist_19zsb-q._.js:776
[ 1763954ms] [LOG] [Fast Refresh] done in 62ms @ http://localhost:3000/_next/static/chunks/0stj_next_dist_19zsb-q._.js:776
[ 1764016ms] [LOG] [Fast Refresh] done in 62ms @ http://localhost:3000/_next/static/chunks/0stj_next_dist_19zsb-q._.js:776
[ 1764078ms] [LOG] [Fast Refresh] done in 62ms @ http://localhost:3000/_next/static/chunks/0stj_next_dist_19zsb-q._.js:776
[ 1764141ms] [LOG] [Fast Refresh] done in 62ms @ http://localhost:3000/_next/static/chunks/0stj_next_dist_19zsb-q._.js:776
[ 1764204ms] [LOG] [Fast Refresh] done in 62ms @ http://localhost:3000/_next/static/chunks/0stj_next_dist_19zsb-q._.js:776
[ 1764266ms] [LOG] [Fast Refresh] done in 62ms @ http://localhost:3000/_next/static/chunks/0stj_next_dist_19zsb-q._.js:776
[ 1764329ms] [LOG] [Fast Refresh] done in 62ms @ http://localhost:3000/_next/static/chunks/0stj_next_dist_19zsb-q._.js:776
[ 1764391ms] [LOG] [Fast Refresh] done in 62ms @ http://localhost:3000/_next/static/chunks/0stj_next_dist_19zsb-q._.js:776
[ 1764454ms] [LOG] [Fast Refresh] done in 62ms @ http://localhost:3000/_next/static/chunks/0stj_next_dist_19zsb-q._.js:776
[ 1764516ms] [LOG] [Fast Refresh] done in 62ms @ http://localhost:3000/_next/static/chunks/0stj_next_dist_19zsb-q._.js:776
[ 1764579ms] [LOG] [Fast Refresh] done in 62ms @ http://localhost:3000/_next/static/chunks/0stj_next_dist_19zsb-q._.js:776
[ 1764640ms] [LOG] [Fast Refresh] done in 62ms @ http://localhost:3000/_next/static/chunks/0stj_next_dist_19zsb-q._.js:776
[ 1764702ms] [LOG] [Fast Refresh] done in 62ms @ http://localhost:3000/_next/static/chunks/0stj_next_dist_19zsb-q._.js:776
[ 1764766ms] [LOG] [Fast Refresh] done in 62ms @ http://localhost:3000/_next/static/chunks/0stj_next_dist_19zsb-q._.js:776
[ 1764828ms] [LOG] [Fast Refresh] done in 62ms @ http://localhost:3000/_next/static/chunks/0stj_next_dist_19zsb-q._.js:776
[ 1764891ms] [LOG] [Fast Refresh] done in 62ms @ http://localhost:3000/_next/static/chunks/0stj_next_dist_19zsb-q._.js:776
[ 1764953ms] [LOG] [Fast Refresh] done in 62ms @ http://localhost:3000/_next/static/chunks/0stj_next_dist_19zsb-q._.js:776
[ 1765015ms] [LOG] [Fast Refresh] done in 62ms @ http://localhost:3000/_next/static/chunks/0stj_next_dist_19zsb-q._.js:776
[ 1765077ms] [LOG] [Fast Refresh] done in 62ms @ http://localhost:3000/_next/static/chunks/0stj_next_dist_19zsb-q._.js:776
[ 1765140ms] [LOG] [Fast Refresh] done in 62ms @ http://localhost:3000/_next/static/chunks/0stj_next_dist_19zsb-q._.js:776
[ 1765202ms] [LOG] [Fast Refresh] done in 62ms @ http://localhost:3000/_next/static/chunks/0stj_next_dist_19zsb-q._.js:776
[ 1765264ms] [LOG] [Fast Refresh] done in 62ms @ http://localhost:3000/_next/static/chunks/0stj_next_dist_19zsb-q._.js:776
[ 1765327ms] [LOG] [Fast Refresh] done in 62ms @ http://localhost:3000/_next/static/chunks/0stj_next_dist_19zsb-q._.js:776
[ 1765389ms] [LOG] [Fast Refresh] done in 62ms @ http://localhost:3000/_next/static/chunks/0stj_next_dist_19zsb-q._.js:776
[ 1765452ms] [LOG] [Fast Refresh] done in 62ms @ http://localhost:3000/_next/static/chunks/0stj_next_dist_19zsb-q._.js:776
[ 1765515ms] [LOG] [Fast Refresh] done in 62ms @ http://localhost:3000/_next/static/chunks/0stj_next_dist_19zsb-q._.js:776
[ 1765578ms] [LOG] [Fast Refresh] done in 62ms @ http://localhost:3000/_next/static/chunks/0stj_next_dist_19zsb-q._.js:776
[ 1765641ms] [LOG] [Fast Refresh] done in 62ms @ http://localhost:3000/_next/static/chunks/0stj_next_dist_19zsb-q._.js:776
[ 1765703ms] [LOG] [Fast Refresh] done in 62ms @ http://localhost:3000/_next/static/chunks/0stj_next_dist_19zsb-q._.js:776
[ 1765765ms] [LOG] [Fast Refresh] done in 62ms @ http://localhost:3000/_next/static/chunks/0stj_next_dist_19zsb-q._.js:776
[ 1765828ms] [LOG] [Fast Refresh] done in 62ms @ http://localhost:3000/_next/static/chunks/0stj_next_dist_19zsb-q._.js:776
[ 1765889ms] [LOG] [Fast Refresh] done in 62ms @ http://localhost:3000/_next/static/chunks/0stj_next_dist_19zsb-q._.js:776
[ 1765952ms] [LOG] [Fast Refresh] done in 62ms @ http://localhost:3000/_next/static/chunks/0stj_next_dist_19zsb-q._.js:776
[ 1766013ms] [LOG] [Fast Refresh] done in 62ms @ http://localhost:3000/_next/static/chunks/0stj_next_dist_19zsb-q._.js:776
[ 1766076ms] [LOG] [Fast Refresh] done in 62ms @ http://localhost:3000/_next/static/chunks/0stj_next_dist_19zsb-q._.js:776
[ 1766139ms] [LOG] [Fast Refresh] done in 62ms @ http://localhost:3000/_next/static/chunks/0stj_next_dist_19zsb-q._.js:776
[ 1766200ms] [LOG] [Fast Refresh] done in 62ms @ http://localhost:3000/_next/static/chunks/0stj_next_dist_19zsb-q._.js:776
[ 1766262ms] [LOG] [Fast Refresh] done in 62ms @ http://localhost:3000/_next/static/chunks/0stj_next_dist_19zsb-q._.js:776
[ 1766324ms] [LOG] [Fast Refresh] done in 62ms @ http://localhost:3000/_next/static/chunks/0stj_next_dist_19zsb-q._.js:776
[ 1766387ms] [LOG] [Fast Refresh] done in 62ms @ http://localhost:3000/_next/static/chunks/0stj_next_dist_19zsb-q._.js:776
[ 1766450ms] [LOG] [Fast Refresh] done in 62ms @ http://localhost:3000/_next/static/chunks/0stj_next_dist_19zsb-q._.js:776
[ 1766512ms] [LOG] [Fast Refresh] done in 62ms @ http://localhost:3000/_next/static/chunks/0stj_next_dist_19zsb-q._.js:776
[ 1766574ms] [LOG] [Fast Refresh] done in 62ms @ http://localhost:3000/_next/static/chunks/0stj_next_dist_19zsb-q._.js:776
[ 1766635ms] [LOG] [Fast Refresh] done in 62ms @ http://localhost:3000/_next/static/chunks/0stj_next_dist_19zsb-q._.js:776
[ 1766697ms] [LOG] [Fast Refresh] done in 62ms @ http://localhost:3000/_next/static/chunks/0stj_next_dist_19zsb-q._.js:776
[ 1766759ms] [LOG] [Fast Refresh] done in 62ms @ http://localhost:3000/_next/static/chunks/0stj_next_dist_19zsb-q._.js:776
[ 1766822ms] [LOG] [Fast Refresh] done in 62ms @ http://localhost:3000/_next/static/chunks/0stj_next_dist_19zsb-q._.js:776
[ 1766886ms] [LOG] [Fast Refresh] done in 62ms @ http://localhost:3000/_next/static/chunks/0stj_next_dist_19zsb-q._.js:776
[ 1766948ms] [LOG] [Fast Refresh] done in 62ms @ http://localhost:3000/_next/static/chunks/0stj_next_dist_19zsb-q._.js:776
[ 1767012ms] [LOG] [Fast Refresh] done in 62ms @ http://localhost:3000/_next/static/chunks/0stj_next_dist_19zsb-q._.js:776
[ 1767075ms] [LOG] [Fast Refresh] done in 62ms @ http://localhost:3000/_next/static/chunks/0stj_next_dist_19zsb-q._.js:776
[ 1767136ms] [LOG] [Fast Refresh] done in 62ms @ http://localhost:3000/_next/static/chunks/0stj_next_dist_19zsb-q._.js:776
[ 1767199ms] [LOG] [Fast Refresh] done in 62ms @ http://localhost:3000/_next/static/chunks/0stj_next_dist_19zsb-q._.js:776
[ 1767261ms] [LOG] [Fast Refresh] done in 62ms @ http://localhost:3000/_next/static/chunks/0stj_next_dist_19zsb-q._.js:776
[ 1767324ms] [LOG] [Fast Refresh] done in 62ms @ http://localhost:3000/_next/static/chunks/0stj_next_dist_19zsb-q._.js:776
[ 1767386ms] [LOG] [Fast Refresh] done in 62ms @ http://localhost:3000/_next/static/chunks/0stj_next_dist_19zsb-q._.js:776
[ 1767449ms] [LOG] [Fast Refresh] done in 62ms @ http://localhost:3000/_next/static/chunks/0stj_next_dist_19zsb-q._.js:776
[ 1767511ms] [LOG] [Fast Refresh] done in 62ms @ http://localhost:3000/_next/static/chunks/0stj_next_dist_19zsb-q._.js:776
[ 1767573ms] [LOG] [Fast Refresh] done in 62ms @ http://localhost:3000/_next/static/chunks/0stj_next_dist_19zsb-q._.js:776
[ 1767636ms] [LOG] [Fast Refresh] done in 62ms @ http://localhost:3000/_next/static/chunks/0stj_next_dist_19zsb-q._.js:776
[ 1767697ms] [LOG] [Fast Refresh] done in 62ms @ http://localhost:3000/_next/static/chunks/0stj_next_dist_19zsb-q._.js:776
[ 1767759ms] [LOG] [Fast Refresh] done in 62ms @ http://localhost:3000/_next/static/chunks/0stj_next_dist_19zsb-q._.js:776
[ 1767826ms] [LOG] [Fast Refresh] done in 62ms @ http://localhost:3000/_next/static/chunks/0stj_next_dist_19zsb-q._.js:776
[ 1767886ms] [LOG] [Fast Refresh] done in 62ms @ http://localhost:3000/_next/static/chunks/0stj_next_dist_19zsb-q._.js:776
[ 1767947ms] [LOG] [Fast Refresh] done in 62ms @ http://localhost:3000/_next/static/chunks/0stj_next_dist_19zsb-q._.js:776
[ 1768010ms] [LOG] [Fast Refresh] done in 62ms @ http://localhost:3000/_next/static/chunks/0stj_next_dist_19zsb-q._.js:776
[ 1768071ms] [LOG] [Fast Refresh] done in 62ms @ http://localhost:3000/_next/static/chunks/0stj_next_dist_19zsb-q._.js:776
[ 1768134ms] [LOG] [Fast Refresh] done in 62ms @ http://localhost:3000/_next/static/chunks/0stj_next_dist_19zsb-q._.js:776
[ 1768196ms] [LOG] [Fast Refresh] done in 62ms @ http://localhost:3000/_next/static/chunks/0stj_next_dist_19zsb-q._.js:776
[ 1768260ms] [LOG] [Fast Refresh] done in 62ms @ http://localhost:3000/_next/static/chunks/0stj_next_dist_19zsb-q._.js:776
[ 1768322ms] [LOG] [Fast Refresh] done in 62ms @ http://localhost:3000/_next/static/chunks/0stj_next_dist_19zsb-q._.js:776
[ 1768386ms] [LOG] [Fast Refresh] done in 62ms @ http://localhost:3000/_next/static/chunks/0stj_next_dist_19zsb-q._.js:776
[ 1768448ms] [LOG] [Fast Refresh] done in 62ms @ http://localhost:3000/_next/static/chunks/0stj_next_dist_19zsb-q._.js:776
[ 1768511ms] [LOG] [Fast Refresh] done in 62ms @ http://localhost:3000/_next/static/chunks/0stj_next_dist_19zsb-q._.js:776
[ 1768573ms] [LOG] [Fast Refresh] done in 62ms @ http://localhost:3000/_next/static/chunks/0stj_next_dist_19zsb-q._.js:776
[ 1768635ms] [LOG] [Fast Refresh] done in 62ms @ http://localhost:3000/_next/static/chunks/0stj_next_dist_19zsb-q._.js:776
[ 1768697ms] [LOG] [Fast Refresh] done in 62ms @ http://localhost:3000/_next/static/chunks/0stj_next_dist_19zsb-q._.js:776
[ 1768760ms] [LOG] [Fast Refresh] done in 62ms @ http://localhost:3000/_next/static/chunks/0stj_next_dist_19zsb-q._.js:776
[ 1768823ms] [LOG] [Fast Refresh] done in 62ms @ http://localhost:3000/_next/static/chunks/0stj_next_dist_19zsb-q._.js:776
[ 1768885ms] [LOG] [Fast Refresh] done in 62ms @ http://localhost:3000/_next/static/chunks/0stj_next_dist_19zsb-q._.js:776
[ 1768947ms] [LOG] [Fast Refresh] done in 62ms @ http://localhost:3000/_next/static/chunks/0stj_next_dist_19zsb-q._.js:776
[ 1769011ms] [LOG] [Fast Refresh] done in 62ms @ http://localhost:3000/_next/static/chunks/0stj_next_dist_19zsb-q._.js:776
[ 1769072ms] [LOG] [Fast Refresh] done in 62ms @ http://localhost:3000/_next/static/chunks/0stj_next_dist_19zsb-q._.js:776
[ 1769136ms] [LOG] [Fast Refresh] done in 62ms @ http://localhost:3000/_next/static/chunks/0stj_next_dist_19zsb-q._.js:776
[ 1769199ms] [LOG] [Fast Refresh] done in 62ms @ http://localhost:3000/_next/static/chunks/0stj_next_dist_19zsb-q._.js:776
[ 1769262ms] [LOG] [Fast Refresh] done in 62ms @ http://localhost:3000/_next/static/chunks/0stj_next_dist_19zsb-q._.js:776
[ 1769324ms] [LOG] [Fast Refresh] done in 62ms @ http://localhost:3000/_next/static/chunks/0stj_next_dist_19zsb-q._.js:776
[ 1769387ms] [LOG] [Fast Refresh] done in 62ms @ http://localhost:3000/_next/static/chunks/0stj_next_dist_19zsb-q._.js:776
[ 1769447ms] [LOG] [Fast Refresh] done in 62ms @ http://localhost:3000/_next/static/chunks/0stj_next_dist_19zsb-q._.js:776
[ 1769509ms] [LOG] [Fast Refresh] done in 62ms @ http://localhost:3000/_next/static/chunks/0stj_next_dist_19zsb-q._.js:776
[ 1769572ms] [LOG] [Fast Refresh] done in 62ms @ http://localhost:3000/_next/static/chunks/0stj_next_dist_19zsb-q._.js:776
[ 1769634ms] [LOG] [Fast Refresh] done in 62ms @ http://localhost:3000/_next/static/chunks/0stj_next_dist_19zsb-q._.js:776
[ 1769697ms] [LOG] [Fast Refresh] done in 62ms @ http://localhost:3000/_next/static/chunks/0stj_next_dist_19zsb-q._.js:776
[ 1769759ms] [LOG] [Fast Refresh] done in 62ms @ http://localhost:3000/_next/static/chunks/0stj_next_dist_19zsb-q._.js:776
[ 1769822ms] [LOG] [Fast Refresh] done in 62ms @ http://localhost:3000/_next/static/chunks/0stj_next_dist_19zsb-q._.js:776
[ 1769884ms] [LOG] [Fast Refresh] done in 62ms @ http://localhost:3000/_next/static/chunks/0stj_next_dist_19zsb-q._.js:776
[ 1769946ms] [LOG] [Fast Refresh] done in 62ms @ http://localhost:3000/_next/static/chunks/0stj_next_dist_19zsb-q._.js:776
[ 1770011ms] [LOG] [Fast Refresh] done in 62ms @ http://localhost:3000/_next/static/chunks/0stj_next_dist_19zsb-q._.js:776
[ 1770071ms] [LOG] [Fast Refresh] done in 62ms @ http://localhost:3000/_next/static/chunks/0stj_next_dist_19zsb-q._.js:776
[ 1770134ms] [LOG] [Fast Refresh] done in 62ms @ http://localhost:3000/_next/static/chunks/0stj_next_dist_19zsb-q._.js:776
[ 1770197ms] [LOG] [Fast Refresh] done in 62ms @ http://localhost:3000/_next/static/chunks/0stj_next_dist_19zsb-q._.js:776
[ 1770259ms] [LOG] [Fast Refresh] done in 62ms @ http://localhost:3000/_next/static/chunks/0stj_next_dist_19zsb-q._.js:776
[ 1770322ms] [LOG] [Fast Refresh] done in 62ms @ http://localhost:3000/_next/static/chunks/0stj_next_dist_19zsb-q._.js:776
[ 1770384ms] [LOG] [Fast Refresh] done in 62ms @ http://localhost:3000/_next/static/chunks/0stj_next_dist_19zsb-q._.js:776
[ 1770447ms] [LOG] [Fast Refresh] done in 62ms @ http://localhost:3000/_next/static/chunks/0stj_next_dist_19zsb-q._.js:776
[ 1770510ms] [LOG] [Fast Refresh] done in 62ms @ http://localhost:3000/_next/static/chunks/0stj_next_dist_19zsb-q._.js:776
[ 1770572ms] [LOG] [Fast Refresh] done in 62ms @ http://localhost:3000/_next/static/chunks/0stj_next_dist_19zsb-q._.js:776
[ 1770635ms] [LOG] [Fast Refresh] done in 62ms @ http://localhost:3000/_next/static/chunks/0stj_next_dist_19zsb-q._.js:776
[ 1770696ms] [LOG] [Fast Refresh] done in 62ms @ http://localhost:3000/_next/static/chunks/0stj_next_dist_19zsb-q._.js:776
[ 1770758ms] [LOG] [Fast Refresh] done in 62ms @ http://localhost:3000/_next/static/chunks/0stj_next_dist_19zsb-q._.js:776
[ 1770820ms] [LOG] [Fast Refresh] done in 62ms @ http://localhost:3000/_next/static/chunks/0stj_next_dist_19zsb-q._.js:776
[ 1770882ms] [LOG] [Fast Refresh] done in 62ms @ http://localhost:3000/_next/static/chunks/0stj_next_dist_19zsb-q._.js:776
[ 1770944ms] [LOG] [Fast Refresh] done in 62ms @ http://localhost:3000/_next/static/chunks/0stj_next_dist_19zsb-q._.js:776
[ 1771007ms] [LOG] [Fast Refresh] done in 62ms @ http://localhost:3000/_next/static/chunks/0stj_next_dist_19zsb-q._.js:776
[ 1771069ms] [LOG] [Fast Refresh] done in 62ms @ http://localhost:3000/_next/static/chunks/0stj_next_dist_19zsb-q._.js:776
[ 1771131ms] [LOG] [Fast Refresh] done in 62ms @ http://localhost:3000/_next/static/chunks/0stj_next_dist_19zsb-q._.js:776
[ 1771194ms] [LOG] [Fast Refresh] done in 62ms @ http://localhost:3000/_next/static/chunks/0stj_next_dist_19zsb-q._.js:776
[ 1771256ms] [LOG] [Fast Refresh] done in 62ms @ http://localhost:3000/_next/static/chunks/0stj_next_dist_19zsb-q._.js:776
[ 1771319ms] [LOG] [Fast Refresh] done in 62ms @ http://localhost:3000/_next/static/chunks/0stj_next_dist_19zsb-q._.js:776
[ 1771381ms] [LOG] [Fast Refresh] done in 62ms @ http://localhost:3000/_next/static/chunks/0stj_next_dist_19zsb-q._.js:776
[ 1771445ms] [LOG] [Fast Refresh] done in 62ms @ http://localhost:3000/_next/static/chunks/0stj_next_dist_19zsb-q._.js:776
[ 1771509ms] [LOG] [Fast Refresh] done in 62ms @ http://localhost:3000/_next/static/chunks/0stj_next_dist_19zsb-q._.js:776
[ 1771570ms] [LOG] [Fast Refresh] done in 62ms @ http://localhost:3000/_next/static/chunks/0stj_next_dist_19zsb-q._.js:776
[ 1771632ms] [LOG] [Fast Refresh] done in 62ms @ http://localhost:3000/_next/static/chunks/0stj_next_dist_19zsb-q._.js:776
[ 1771693ms] [LOG] [Fast Refresh] done in 62ms @ http://localhost:3000/_next/static/chunks/0stj_next_dist_19zsb-q._.js:776
[ 1771755ms] [LOG] [Fast Refresh] done in 62ms @ http://localhost:3000/_next/static/chunks/0stj_next_dist_19zsb-q._.js:776
[ 1771816ms] [LOG] [Fast Refresh] done in 62ms @ http://localhost:3000/_next/static/chunks/0stj_next_dist_19zsb-q._.js:776
[ 1771879ms] [LOG] [Fast Refresh] done in 62ms @ http://localhost:3000/_next/static/chunks/0stj_next_dist_19zsb-q._.js:776
[ 1771942ms] [LOG] [Fast Refresh] done in 62ms @ http://localhost:3000/_next/static/chunks/0stj_next_dist_19zsb-q._.js:776
[ 1772006ms] [LOG] [Fast Refresh] done in 62ms @ http://localhost:3000/_next/static/chunks/0stj_next_dist_19zsb-q._.js:776
[ 1772068ms] [LOG] [Fast Refresh] done in 62ms @ http://localhost:3000/_next/static/chunks/0stj_next_dist_19zsb-q._.js:776
[ 1772130ms] [LOG] [Fast Refresh] done in 62ms @ http://localhost:3000/_next/static/chunks/0stj_next_dist_19zsb-q._.js:776
[ 1772193ms] [LOG] [Fast Refresh] done in 62ms @ http://localhost:3000/_next/static/chunks/0stj_next_dist_19zsb-q._.js:776
[ 1772254ms] [LOG] [Fast Refresh] done in 62ms @ http://localhost:3000/_next/static/chunks/0stj_next_dist_19zsb-q._.js:776
[ 1772317ms] [LOG] [Fast Refresh] done in 62ms @ http://localhost:3000/_next/static/chunks/0stj_next_dist_19zsb-q._.js:776
[ 1772379ms] [LOG] [Fast Refresh] done in 62ms @ http://localhost:3000/_next/static/chunks/0stj_next_dist_19zsb-q._.js:776
[ 1772441ms] [LOG] [Fast Refresh] done in 62ms @ http://localhost:3000/_next/static/chunks/0stj_next_dist_19zsb-q._.js:776
[ 1772502ms] [LOG] [Fast Refresh] done in 62ms @ http://localhost:3000/_next/static/chunks/0stj_next_dist_19zsb-q._.js:776
[ 1772564ms] [LOG] [Fast Refresh] done in 62ms @ http://localhost:3000/_next/static/chunks/0stj_next_dist_19zsb-q._.js:776
[ 1772626ms] [LOG] [Fast Refresh] done in 62ms @ http://localhost:3000/_next/static/chunks/0stj_next_dist_19zsb-q._.js:776
[ 1772688ms] [LOG] [Fast Refresh] done in 62ms @ http://localhost:3000/_next/static/chunks/0stj_next_dist_19zsb-q._.js:776
[ 1772751ms] [LOG] [Fast Refresh] done in 62ms @ http://localhost:3000/_next/static/chunks/0stj_next_dist_19zsb-q._.js:776
[ 1772812ms] [LOG] [Fast Refresh] done in 62ms @ http://localhost:3000/_next/static/chunks/0stj_next_dist_19zsb-q._.js:776
[ 1772874ms] [LOG] [Fast Refresh] done in 62ms @ http://localhost:3000/_next/static/chunks/0stj_next_dist_19zsb-q._.js:776
[ 1772937ms] [LOG] [Fast Refresh] done in 62ms @ http://localhost:3000/_next/static/chunks/0stj_next_dist_19zsb-q._.js:776
[ 1772998ms] [LOG] [Fast Refresh] done in 62ms @ http://localhost:3000/_next/static/chunks/0stj_next_dist_19zsb-q._.js:776
[ 1773060ms] [LOG] [Fast Refresh] done in 62ms @ http://localhost:3000/_next/static/chunks/0stj_next_dist_19zsb-q._.js:776
[ 1773123ms] [LOG] [Fast Refresh] done in 62ms @ http://localhost:3000/_next/static/chunks/0stj_next_dist_19zsb-q._.js:776
[ 1773185ms] [LOG] [Fast Refresh] done in 62ms @ http://localhost:3000/_next/static/chunks/0stj_next_dist_19zsb-q._.js:776
[ 1773247ms] [LOG] [Fast Refresh] done in 62ms @ http://localhost:3000/_next/static/chunks/0stj_next_dist_19zsb-q._.js:776
[ 1773308ms] [LOG] [Fast Refresh] done in 62ms @ http://localhost:3000/_next/static/chunks/0stj_next_dist_19zsb-q._.js:776
[ 1773370ms] [LOG] [Fast Refresh] done in 62ms @ http://localhost:3000/_next/static/chunks/0stj_next_dist_19zsb-q._.js:776
[ 1773434ms] [LOG] [Fast Refresh] done in 62ms @ http://localhost:3000/_next/static/chunks/0stj_next_dist_19zsb-q._.js:776
[ 1773496ms] [LOG] [Fast Refresh] done in 62ms @ http://localhost:3000/_next/static/chunks/0stj_next_dist_19zsb-q._.js:776
[ 1773559ms] [LOG] [Fast Refresh] done in 62ms @ http://localhost:3000/_next/static/chunks/0stj_next_dist_19zsb-q._.js:776
[ 1773623ms] [LOG] [Fast Refresh] done in 62ms @ http://localhost:3000/_next/static/chunks/0stj_next_dist_19zsb-q._.js:776
[ 1773684ms] [LOG] [Fast Refresh] done in 62ms @ http://localhost:3000/_next/static/chunks/0stj_next_dist_19zsb-q._.js:776
[ 1773747ms] [LOG] [Fast Refresh] done in 62ms @ http://localhost:3000/_next/static/chunks/0stj_next_dist_19zsb-q._.js:776
[ 1773810ms] [LOG] [Fast Refresh] done in 62ms @ http://localhost:3000/_next/static/chunks/0stj_next_dist_19zsb-q._.js:776
[ 1773872ms] [LOG] [Fast Refresh] done in 62ms @ http://localhost:3000/_next/static/chunks/0stj_next_dist_19zsb-q._.js:776
[ 1773935ms] [LOG] [Fast Refresh] done in 62ms @ http://localhost:3000/_next/static/chunks/0stj_next_dist_19zsb-q._.js:776
[ 1773997ms] [LOG] [Fast Refresh] done in 62ms @ http://localhost:3000/_next/static/chunks/0stj_next_dist_19zsb-q._.js:776
[ 1774060ms] [LOG] [Fast Refresh] done in 62ms @ http://localhost:3000/_next/static/chunks/0stj_next_dist_19zsb-q._.js:776
[ 1774122ms] [LOG] [Fast Refresh] done in 62ms @ http://localhost:3000/_next/static/chunks/0stj_next_dist_19zsb-q._.js:776
[ 1774185ms] [LOG] [Fast Refresh] done in 62ms @ http://localhost:3000/_next/static/chunks/0stj_next_dist_19zsb-q._.js:776
[ 1774248ms] [LOG] [Fast Refresh] done in 62ms @ http://localhost:3000/_next/static/chunks/0stj_next_dist_19zsb-q._.js:776
[ 1774310ms] [LOG] [Fast Refresh] done in 62ms @ http://localhost:3000/_next/static/chunks/0stj_next_dist_19zsb-q._.js:776
[ 1774371ms] [LOG] [Fast Refresh] done in 62ms @ http://localhost:3000/_next/static/chunks/0stj_next_dist_19zsb-q._.js:776
[ 1774433ms] [LOG] [Fast Refresh] done in 62ms @ http://localhost:3000/_next/static/chunks/0stj_next_dist_19zsb-q._.js:776
[ 1774496ms] [LOG] [Fast Refresh] done in 62ms @ http://localhost:3000/_next/static/chunks/0stj_next_dist_19zsb-q._.js:776
[ 1774558ms] [LOG] [Fast Refresh] done in 62ms @ http://localhost:3000/_next/static/chunks/0stj_next_dist_19zsb-q._.js:776
[ 1774620ms] [LOG] [Fast Refresh] done in 62ms @ http://localhost:3000/_next/static/chunks/0stj_next_dist_19zsb-q._.js:776
[ 1774681ms] [LOG] [Fast Refresh] done in 62ms @ http://localhost:3000/_next/static/chunks/0stj_next_dist_19zsb-q._.js:776
[ 1774745ms] [LOG] [Fast Refresh] done in 62ms @ http://localhost:3000/_next/static/chunks/0stj_next_dist_19zsb-q._.js:776
[ 1774809ms] [LOG] [Fast Refresh] done in 62ms @ http://localhost:3000/_next/static/chunks/0stj_next_dist_19zsb-q._.js:776
[ 1774870ms] [LOG] [Fast Refresh] done in 62ms @ http://localhost:3000/_next/static/chunks/0stj_next_dist_19zsb-q._.js:776
[ 1774933ms] [LOG] [Fast Refresh] done in 62ms @ http://localhost:3000/_next/static/chunks/0stj_next_dist_19zsb-q._.js:776
[ 1774995ms] [LOG] [Fast Refresh] done in 62ms @ http://localhost:3000/_next/static/chunks/0stj_next_dist_19zsb-q._.js:776
[ 1775057ms] [LOG] [Fast Refresh] done in 62ms @ http://localhost:3000/_next/static/chunks/0stj_next_dist_19zsb-q._.js:776
[ 1775120ms] [LOG] [Fast Refresh] done in 62ms @ http://localhost:3000/_next/static/chunks/0stj_next_dist_19zsb-q._.js:776
[ 1775183ms] [LOG] [Fast Refresh] done in 62ms @ http://localhost:3000/_next/static/chunks/0stj_next_dist_19zsb-q._.js:776
[ 1775244ms] [LOG] [Fast Refresh] done in 62ms @ http://localhost:3000/_next/static/chunks/0stj_next_dist_19zsb-q._.js:776
[ 1775308ms] [LOG] [Fast Refresh] done in 62ms @ http://localhost:3000/_next/static/chunks/0stj_next_dist_19zsb-q._.js:776
[ 1775371ms] [LOG] [Fast Refresh] done in 62ms @ http://localhost:3000/_next/static/chunks/0stj_next_dist_19zsb-q._.js:776
[ 1775433ms] [LOG] [Fast Refresh] done in 62ms @ http://localhost:3000/_next/static/chunks/0stj_next_dist_19zsb-q._.js:776
[ 1775494ms] [LOG] [Fast Refresh] done in 62ms @ http://localhost:3000/_next/static/chunks/0stj_next_dist_19zsb-q._.js:776
[ 1775558ms] [LOG] [Fast Refresh] done in 62ms @ http://localhost:3000/_next/static/chunks/0stj_next_dist_19zsb-q._.js:776
[ 1775620ms] [LOG] [Fast Refresh] done in 62ms @ http://localhost:3000/_next/static/chunks/0stj_next_dist_19zsb-q._.js:776
[ 1775683ms] [LOG] [Fast Refresh] done in 62ms @ http://localhost:3000/_next/static/chunks/0stj_next_dist_19zsb-q._.js:776
[ 1775745ms] [LOG] [Fast Refresh] done in 62ms @ http://localhost:3000/_next/static/chunks/0stj_next_dist_19zsb-q._.js:776
[ 1775808ms] [LOG] [Fast Refresh] done in 62ms @ http://localhost:3000/_next/static/chunks/0stj_next_dist_19zsb-q._.js:776
[ 1775871ms] [LOG] [Fast Refresh] done in 62ms @ http://localhost:3000/_next/static/chunks/0stj_next_dist_19zsb-q._.js:776
[ 1775934ms] [LOG] [Fast Refresh] done in 62ms @ http://localhost:3000/_next/static/chunks/0stj_next_dist_19zsb-q._.js:776
[ 1775996ms] [LOG] [Fast Refresh] done in 62ms @ http://localhost:3000/_next/static/chunks/0stj_next_dist_19zsb-q._.js:776
[ 1776059ms] [LOG] [Fast Refresh] done in 62ms @ http://localhost:3000/_next/static/chunks/0stj_next_dist_19zsb-q._.js:776
[ 1776122ms] [LOG] [Fast Refresh] done in 62ms @ http://localhost:3000/_next/static/chunks/0stj_next_dist_19zsb-q._.js:776
[ 1776186ms] [LOG] [Fast Refresh] done in 62ms @ http://localhost:3000/_next/static/chunks/0stj_next_dist_19zsb-q._.js:776
[ 1776249ms] [LOG] [Fast Refresh] done in 62ms @ http://localhost:3000/_next/static/chunks/0stj_next_dist_19zsb-q._.js:776
[ 1776311ms] [LOG] [Fast Refresh] done in 62ms @ http://localhost:3000/_next/static/chunks/0stj_next_dist_19zsb-q._.js:776
[ 1776373ms] [LOG] [Fast Refresh] done in 62ms @ http://localhost:3000/_next/static/chunks/0stj_next_dist_19zsb-q._.js:776
[ 1776436ms] [LOG] [Fast Refresh] done in 62ms @ http://localhost:3000/_next/static/chunks/0stj_next_dist_19zsb-q._.js:776
[ 1776498ms] [LOG] [Fast Refresh] done in 62ms @ http://localhost:3000/_next/static/chunks/0stj_next_dist_19zsb-q._.js:776
[ 1776561ms] [LOG] [Fast Refresh] done in 62ms @ http://localhost:3000/_next/static/chunks/0stj_next_dist_19zsb-q._.js:776
[ 1776623ms] [LOG] [Fast Refresh] done in 62ms @ http://localhost:3000/_next/static/chunks/0stj_next_dist_19zsb-q._.js:776
[ 1776686ms] [LOG] [Fast Refresh] done in 62ms @ http://localhost:3000/_next/static/chunks/0stj_next_dist_19zsb-q._.js:776
[ 1776748ms] [LOG] [Fast Refresh] done in 62ms @ http://localhost:3000/_next/static/chunks/0stj_next_dist_19zsb-q._.js:776
[ 1776810ms] [LOG] [Fast Refresh] done in 62ms @ http://localhost:3000/_next/static/chunks/0stj_next_dist_19zsb-q._.js:776
[ 1776872ms] [LOG] [Fast Refresh] done in 62ms @ http://localhost:3000/_next/static/chunks/0stj_next_dist_19zsb-q._.js:776
[ 1776936ms] [LOG] [Fast Refresh] done in 62ms @ http://localhost:3000/_next/static/chunks/0stj_next_dist_19zsb-q._.js:776
[ 1776998ms] [LOG] [Fast Refresh] done in 62ms @ http://localhost:3000/_next/static/chunks/0stj_next_dist_19zsb-q._.js:776
[ 1777061ms] [LOG] [Fast Refresh] done in 62ms @ http://localhost:3000/_next/static/chunks/0stj_next_dist_19zsb-q._.js:776
[ 1777122ms] [LOG] [Fast Refresh] done in 62ms @ http://localhost:3000/_next/static/chunks/0stj_next_dist_19zsb-q._.js:776
[ 1777184ms] [LOG] [Fast Refresh] done in 62ms @ http://localhost:3000/_next/static/chunks/0stj_next_dist_19zsb-q._.js:776
[ 1777247ms] [LOG] [Fast Refresh] done in 62ms @ http://localhost:3000/_next/static/chunks/0stj_next_dist_19zsb-q._.js:776
[ 1777310ms] [LOG] [Fast Refresh] done in 62ms @ http://localhost:3000/_next/static/chunks/0stj_next_dist_19zsb-q._.js:776
[ 1777373ms] [LOG] [Fast Refresh] done in 62ms @ http://localhost:3000/_next/static/chunks/0stj_next_dist_19zsb-q._.js:776
[ 1777434ms] [LOG] [Fast Refresh] done in 62ms @ http://localhost:3000/_next/static/chunks/0stj_next_dist_19zsb-q._.js:776
[ 1777496ms] [LOG] [Fast Refresh] done in 62ms @ http://localhost:3000/_next/static/chunks/0stj_next_dist_19zsb-q._.js:776
[ 1777559ms] [LOG] [Fast Refresh] done in 62ms @ http://localhost:3000/_next/static/chunks/0stj_next_dist_19zsb-q._.js:776
[ 1777620ms] [LOG] [Fast Refresh] done in 62ms @ http://localhost:3000/_next/static/chunks/0stj_next_dist_19zsb-q._.js:776
[ 1777681ms] [LOG] [Fast Refresh] done in 62ms @ http://localhost:3000/_next/static/chunks/0stj_next_dist_19zsb-q._.js:776
[ 1777743ms] [LOG] [Fast Refresh] done in 62ms @ http://localhost:3000/_next/static/chunks/0stj_next_dist_19zsb-q._.js:776
[ 1777805ms] [LOG] [Fast Refresh] done in 62ms @ http://localhost:3000/_next/static/chunks/0stj_next_dist_19zsb-q._.js:776
[ 1777867ms] [LOG] [Fast Refresh] done in 62ms @ http://localhost:3000/_next/static/chunks/0stj_next_dist_19zsb-q._.js:776
[ 1777930ms] [LOG] [Fast Refresh] done in 62ms @ http://localhost:3000/_next/static/chunks/0stj_next_dist_19zsb-q._.js:776
[ 1777994ms] [LOG] [Fast Refresh] done in 62ms @ http://localhost:3000/_next/static/chunks/0stj_next_dist_19zsb-q._.js:776
[ 1778057ms] [LOG] [Fast Refresh] done in 62ms @ http://localhost:3000/_next/static/chunks/0stj_next_dist_19zsb-q._.js:776
[ 1778120ms] [LOG] [Fast Refresh] done in 62ms @ http://localhost:3000/_next/static/chunks/0stj_next_dist_19zsb-q._.js:776
[ 1778181ms] [LOG] [Fast Refresh] done in 62ms @ http://localhost:3000/_next/static/chunks/0stj_next_dist_19zsb-q._.js:776
[ 1778242ms] [LOG] [Fast Refresh] done in 62ms @ http://localhost:3000/_next/static/chunks/0stj_next_dist_19zsb-q._.js:776
[ 1778306ms] [LOG] [Fast Refresh] done in 62ms @ http://localhost:3000/_next/static/chunks/0stj_next_dist_19zsb-q._.js:776
[ 1778368ms] [LOG] [Fast Refresh] done in 62ms @ http://localhost:3000/_next/static/chunks/0stj_next_dist_19zsb-q._.js:776
[ 1778429ms] [LOG] [Fast Refresh] done in 62ms @ http://localhost:3000/_next/static/chunks/0stj_next_dist_19zsb-q._.js:776
[ 1778492ms] [LOG] [Fast Refresh] done in 62ms @ http://localhost:3000/_next/static/chunks/0stj_next_dist_19zsb-q._.js:776
[ 1778554ms] [LOG] [Fast Refresh] done in 62ms @ http://localhost:3000/_next/static/chunks/0stj_next_dist_19zsb-q._.js:776
[ 1778615ms] [LOG] [Fast Refresh] done in 62ms @ http://localhost:3000/_next/static/chunks/0stj_next_dist_19zsb-q._.js:776
[ 1778679ms] [LOG] [Fast Refresh] done in 62ms @ http://localhost:3000/_next/static/chunks/0stj_next_dist_19zsb-q._.js:776
[ 1778741ms] [LOG] [Fast Refresh] done in 62ms @ http://localhost:3000/_next/static/chunks/0stj_next_dist_19zsb-q._.js:776
[ 1778802ms] [LOG] [Fast Refresh] done in 62ms @ http://localhost:3000/_next/static/chunks/0stj_next_dist_19zsb-q._.js:776
[ 1778865ms] [LOG] [Fast Refresh] done in 62ms @ http://localhost:3000/_next/static/chunks/0stj_next_dist_19zsb-q._.js:776
[ 1778927ms] [LOG] [Fast Refresh] done in 62ms @ http://localhost:3000/_next/static/chunks/0stj_next_dist_19zsb-q._.js:776
[ 1778989ms] [LOG] [Fast Refresh] done in 62ms @ http://localhost:3000/_next/static/chunks/0stj_next_dist_19zsb-q._.js:776
[ 1779052ms] [LOG] [Fast Refresh] done in 62ms @ http://localhost:3000/_next/static/chunks/0stj_next_dist_19zsb-q._.js:776
[ 1779114ms] [LOG] [Fast Refresh] done in 62ms @ http://localhost:3000/_next/static/chunks/0stj_next_dist_19zsb-q._.js:776
[ 1779178ms] [LOG] [Fast Refresh] done in 62ms @ http://localhost:3000/_next/static/chunks/0stj_next_dist_19zsb-q._.js:776
[ 1779240ms] [LOG] [Fast Refresh] done in 62ms @ http://localhost:3000/_next/static/chunks/0stj_next_dist_19zsb-q._.js:776
[ 1779303ms] [LOG] [Fast Refresh] done in 62ms @ http://localhost:3000/_next/static/chunks/0stj_next_dist_19zsb-q._.js:776
[ 1779365ms] [LOG] [Fast Refresh] done in 62ms @ http://localhost:3000/_next/static/chunks/0stj_next_dist_19zsb-q._.js:776
[ 1779426ms] [LOG] [Fast Refresh] done in 62ms @ http://localhost:3000/_next/static/chunks/0stj_next_dist_19zsb-q._.js:776
[ 1779489ms] [LOG] [Fast Refresh] done in 62ms @ http://localhost:3000/_next/static/chunks/0stj_next_dist_19zsb-q._.js:776
[ 1779550ms] [LOG] [Fast Refresh] done in 62ms @ http://localhost:3000/_next/static/chunks/0stj_next_dist_19zsb-q._.js:776
[ 1779613ms] [LOG] [Fast Refresh] done in 62ms @ http://localhost:3000/_next/static/chunks/0stj_next_dist_19zsb-q._.js:776
[ 1779675ms] [LOG] [Fast Refresh] done in 62ms @ http://localhost:3000/_next/static/chunks/0stj_next_dist_19zsb-q._.js:776
[ 1779737ms] [LOG] [Fast Refresh] done in 62ms @ http://localhost:3000/_next/static/chunks/0stj_next_dist_19zsb-q._.js:776
[ 1779799ms] [LOG] [Fast Refresh] done in 62ms @ http://localhost:3000/_next/static/chunks/0stj_next_dist_19zsb-q._.js:776
[ 1779862ms] [LOG] [Fast Refresh] done in 62ms @ http://localhost:3000/_next/static/chunks/0stj_next_dist_19zsb-q._.js:776
[ 1779924ms] [LOG] [Fast Refresh] done in 62ms @ http://localhost:3000/_next/static/chunks/0stj_next_dist_19zsb-q._.js:776
[ 1779986ms] [LOG] [Fast Refresh] done in 62ms @ http://localhost:3000/_next/static/chunks/0stj_next_dist_19zsb-q._.js:776
[ 1780048ms] [LOG] [Fast Refresh] done in 62ms @ http://localhost:3000/_next/static/chunks/0stj_next_dist_19zsb-q._.js:776
[ 1780111ms] [LOG] [Fast Refresh] done in 62ms @ http://localhost:3000/_next/static/chunks/0stj_next_dist_19zsb-q._.js:776
[ 1780173ms] [LOG] [Fast Refresh] done in 62ms @ http://localhost:3000/_next/static/chunks/0stj_next_dist_19zsb-q._.js:776
[ 1780235ms] [LOG] [Fast Refresh] done in 62ms @ http://localhost:3000/_next/static/chunks/0stj_next_dist_19zsb-q._.js:776
[ 1780296ms] [LOG] [Fast Refresh] done in 62ms @ http://localhost:3000/_next/static/chunks/0stj_next_dist_19zsb-q._.js:776
[ 1780357ms] [LOG] [Fast Refresh] done in 62ms @ http://localhost:3000/_next/static/chunks/0stj_next_dist_19zsb-q._.js:776
[ 1780419ms] [LOG] [Fast Refresh] done in 62ms @ http://localhost:3000/_next/static/chunks/0stj_next_dist_19zsb-q._.js:776
[ 1780482ms] [LOG] [Fast Refresh] done in 62ms @ http://localhost:3000/_next/static/chunks/0stj_next_dist_19zsb-q._.js:776
[ 1780545ms] [LOG] [Fast Refresh] done in 62ms @ http://localhost:3000/_next/static/chunks/0stj_next_dist_19zsb-q._.js:776
[ 1780608ms] [LOG] [Fast Refresh] done in 62ms @ http://localhost:3000/_next/static/chunks/0stj_next_dist_19zsb-q._.js:776
[ 1780670ms] [LOG] [Fast Refresh] done in 62ms @ http://localhost:3000/_next/static/chunks/0stj_next_dist_19zsb-q._.js:776
[ 1780734ms] [LOG] [Fast Refresh] done in 62ms @ http://localhost:3000/_next/static/chunks/0stj_next_dist_19zsb-q._.js:776
[ 1780796ms] [LOG] [Fast Refresh] done in 62ms @ http://localhost:3000/_next/static/chunks/0stj_next_dist_19zsb-q._.js:776
[ 1780858ms] [LOG] [Fast Refresh] done in 62ms @ http://localhost:3000/_next/static/chunks/0stj_next_dist_19zsb-q._.js:776
[ 1780919ms] [LOG] [Fast Refresh] done in 62ms @ http://localhost:3000/_next/static/chunks/0stj_next_dist_19zsb-q._.js:776
[ 1780982ms] [LOG] [Fast Refresh] done in 62ms @ http://localhost:3000/_next/static/chunks/0stj_next_dist_19zsb-q._.js:776
[ 1781046ms] [LOG] [Fast Refresh] done in 62ms @ http://localhost:3000/_next/static/chunks/0stj_next_dist_19zsb-q._.js:776
[ 1781110ms] [LOG] [Fast Refresh] done in 62ms @ http://localhost:3000/_next/static/chunks/0stj_next_dist_19zsb-q._.js:776
[ 1781174ms] [LOG] [Fast Refresh] done in 62ms @ http://localhost:3000/_next/static/chunks/0stj_next_dist_19zsb-q._.js:776
[ 1781236ms] [LOG] [Fast Refresh] done in 62ms @ http://localhost:3000/_next/static/chunks/0stj_next_dist_19zsb-q._.js:776
[ 1781298ms] [LOG] [Fast Refresh] done in 62ms @ http://localhost:3000/_next/static/chunks/0stj_next_dist_19zsb-q._.js:776
[ 1781362ms] [LOG] [Fast Refresh] done in 62ms @ http://localhost:3000/_next/static/chunks/0stj_next_dist_19zsb-q._.js:776
[ 1781425ms] [LOG] [Fast Refresh] done in 62ms @ http://localhost:3000/_next/static/chunks/0stj_next_dist_19zsb-q._.js:776
[ 1781487ms] [LOG] [Fast Refresh] done in 62ms @ http://localhost:3000/_next/static/chunks/0stj_next_dist_19zsb-q._.js:776
[ 1781550ms] [LOG] [Fast Refresh] done in 62ms @ http://localhost:3000/_next/static/chunks/0stj_next_dist_19zsb-q._.js:776
[ 1781612ms] [LOG] [Fast Refresh] done in 62ms @ http://localhost:3000/_next/static/chunks/0stj_next_dist_19zsb-q._.js:776
[ 1781673ms] [LOG] [Fast Refresh] done in 62ms @ http://localhost:3000/_next/static/chunks/0stj_next_dist_19zsb-q._.js:776
[ 1781736ms] [LOG] [Fast Refresh] done in 62ms @ http://localhost:3000/_next/static/chunks/0stj_next_dist_19zsb-q._.js:776
[ 1781797ms] [LOG] [Fast Refresh] done in 62ms @ http://localhost:3000/_next/static/chunks/0stj_next_dist_19zsb-q._.js:776
[ 1781860ms] [LOG] [Fast Refresh] done in 62ms @ http://localhost:3000/_next/static/chunks/0stj_next_dist_19zsb-q._.js:776
[ 1781923ms] [LOG] [Fast Refresh] done in 62ms @ http://localhost:3000/_next/static/chunks/0stj_next_dist_19zsb-q._.js:776
[ 1781985ms] [LOG] [Fast Refresh] done in 62ms @ http://localhost:3000/_next/static/chunks/0stj_next_dist_19zsb-q._.js:776
[ 1782049ms] [LOG] [Fast Refresh] done in 62ms @ http://localhost:3000/_next/static/chunks/0stj_next_dist_19zsb-q._.js:776
[ 1782111ms] [LOG] [Fast Refresh] done in 62ms @ http://localhost:3000/_next/static/chunks/0stj_next_dist_19zsb-q._.js:776
[ 1782173ms] [LOG] [Fast Refresh] done in 62ms @ http://localhost:3000/_next/static/chunks/0stj_next_dist_19zsb-q._.js:776
[ 1782235ms] [LOG] [Fast Refresh] done in 62ms @ http://localhost:3000/_next/static/chunks/0stj_next_dist_19zsb-q._.js:776
[ 1782298ms] [LOG] [Fast Refresh] done in 62ms @ http://localhost:3000/_next/static/chunks/0stj_next_dist_19zsb-q._.js:776
[ 1782361ms] [LOG] [Fast Refresh] done in 62ms @ http://localhost:3000/_next/static/chunks/0stj_next_dist_19zsb-q._.js:776
[ 1782424ms] [LOG] [Fast Refresh] done in 62ms @ http://localhost:3000/_next/static/chunks/0stj_next_dist_19zsb-q._.js:776
[ 1782487ms] [LOG] [Fast Refresh] done in 62ms @ http://localhost:3000/_next/static/chunks/0stj_next_dist_19zsb-q._.js:776
[ 1782547ms] [LOG] [Fast Refresh] done in 62ms @ http://localhost:3000/_next/static/chunks/0stj_next_dist_19zsb-q._.js:776
[ 1782611ms] [LOG] [Fast Refresh] done in 62ms @ http://localhost:3000/_next/static/chunks/0stj_next_dist_19zsb-q._.js:776
[ 1782674ms] [LOG] [Fast Refresh] done in 62ms @ http://localhost:3000/_next/static/chunks/0stj_next_dist_19zsb-q._.js:776
[ 1782736ms] [LOG] [Fast Refresh] done in 62ms @ http://localhost:3000/_next/static/chunks/0stj_next_dist_19zsb-q._.js:776
[ 1782798ms] [LOG] [Fast Refresh] done in 62ms @ http://localhost:3000/_next/static/chunks/0stj_next_dist_19zsb-q._.js:776
[ 1782861ms] [LOG] [Fast Refresh] done in 62ms @ http://localhost:3000/_next/static/chunks/0stj_next_dist_19zsb-q._.js:776
[ 1782923ms] [LOG] [Fast Refresh] done in 62ms @ http://localhost:3000/_next/static/chunks/0stj_next_dist_19zsb-q._.js:776
[ 1782984ms] [LOG] [Fast Refresh] done in 62ms @ http://localhost:3000/_next/static/chunks/0stj_next_dist_19zsb-q._.js:776
[ 1783046ms] [LOG] [Fast Refresh] done in 62ms @ http://localhost:3000/_next/static/chunks/0stj_next_dist_19zsb-q._.js:776
[ 1783107ms] [LOG] [Fast Refresh] done in 62ms @ http://localhost:3000/_next/static/chunks/0stj_next_dist_19zsb-q._.js:776
[ 1783169ms] [LOG] [Fast Refresh] done in 62ms @ http://localhost:3000/_next/static/chunks/0stj_next_dist_19zsb-q._.js:776
[ 1783230ms] [LOG] [Fast Refresh] done in 62ms @ http://localhost:3000/_next/static/chunks/0stj_next_dist_19zsb-q._.js:776
[ 1783292ms] [LOG] [Fast Refresh] done in 62ms @ http://localhost:3000/_next/static/chunks/0stj_next_dist_19zsb-q._.js:776
[ 1783354ms] [LOG] [Fast Refresh] done in 62ms @ http://localhost:3000/_next/static/chunks/0stj_next_dist_19zsb-q._.js:776
[ 1783418ms] [LOG] [Fast Refresh] done in 62ms @ http://localhost:3000/_next/static/chunks/0stj_next_dist_19zsb-q._.js:776
[ 1783482ms] [LOG] [Fast Refresh] done in 62ms @ http://localhost:3000/_next/static/chunks/0stj_next_dist_19zsb-q._.js:776
[ 1783545ms] [LOG] [Fast Refresh] done in 62ms @ http://localhost:3000/_next/static/chunks/0stj_next_dist_19zsb-q._.js:776
[ 1783608ms] [LOG] [Fast Refresh] done in 62ms @ http://localhost:3000/_next/static/chunks/0stj_next_dist_19zsb-q._.js:776
[ 1783671ms] [LOG] [Fast Refresh] done in 62ms @ http://localhost:3000/_next/static/chunks/0stj_next_dist_19zsb-q._.js:776
[ 1783732ms] [LOG] [Fast Refresh] done in 62ms @ http://localhost:3000/_next/static/chunks/0stj_next_dist_19zsb-q._.js:776
[ 1783795ms] [LOG] [Fast Refresh] done in 62ms @ http://localhost:3000/_next/static/chunks/0stj_next_dist_19zsb-q._.js:776
[ 1783858ms] [LOG] [Fast Refresh] done in 62ms @ http://localhost:3000/_next/static/chunks/0stj_next_dist_19zsb-q._.js:776
[ 1783920ms] [LOG] [Fast Refresh] done in 62ms @ http://localhost:3000/_next/static/chunks/0stj_next_dist_19zsb-q._.js:776
[ 1783982ms] [LOG] [Fast Refresh] done in 62ms @ http://localhost:3000/_next/static/chunks/0stj_next_dist_19zsb-q._.js:776
[ 1784045ms] [LOG] [Fast Refresh] done in 62ms @ http://localhost:3000/_next/static/chunks/0stj_next_dist_19zsb-q._.js:776
[ 1784110ms] [LOG] [Fast Refresh] done in 62ms @ http://localhost:3000/_next/static/chunks/0stj_next_dist_19zsb-q._.js:776
[ 1784172ms] [LOG] [Fast Refresh] done in 62ms @ http://localhost:3000/_next/static/chunks/0stj_next_dist_19zsb-q._.js:776
[ 1784237ms] [LOG] [Fast Refresh] done in 62ms @ http://localhost:3000/_next/static/chunks/0stj_next_dist_19zsb-q._.js:776
[ 1784300ms] [LOG] [Fast Refresh] done in 62ms @ http://localhost:3000/_next/static/chunks/0stj_next_dist_19zsb-q._.js:776
[ 1784362ms] [LOG] [Fast Refresh] done in 62ms @ http://localhost:3000/_next/static/chunks/0stj_next_dist_19zsb-q._.js:776
[ 1784426ms] [LOG] [Fast Refresh] done in 62ms @ http://localhost:3000/_next/static/chunks/0stj_next_dist_19zsb-q._.js:776
[ 1784489ms] [LOG] [Fast Refresh] done in 62ms @ http://localhost:3000/_next/static/chunks/0stj_next_dist_19zsb-q._.js:776
[ 1784550ms] [LOG] [Fast Refresh] done in 62ms @ http://localhost:3000/_next/static/chunks/0stj_next_dist_19zsb-q._.js:776
[ 1784611ms] [LOG] [Fast Refresh] done in 62ms @ http://localhost:3000/_next/static/chunks/0stj_next_dist_19zsb-q._.js:776
[ 1784674ms] [LOG] [Fast Refresh] done in 62ms @ http://localhost:3000/_next/static/chunks/0stj_next_dist_19zsb-q._.js:776
[ 1784736ms] [LOG] [Fast Refresh] done in 62ms @ http://localhost:3000/_next/static/chunks/0stj_next_dist_19zsb-q._.js:776
[ 1784800ms] [LOG] [Fast Refresh] done in 62ms @ http://localhost:3000/_next/static/chunks/0stj_next_dist_19zsb-q._.js:776
[ 1784862ms] [LOG] [Fast Refresh] done in 62ms @ http://localhost:3000/_next/static/chunks/0stj_next_dist_19zsb-q._.js:776
[ 1784925ms] [LOG] [Fast Refresh] done in 62ms @ http://localhost:3000/_next/static/chunks/0stj_next_dist_19zsb-q._.js:776
[ 1784989ms] [LOG] [Fast Refresh] done in 62ms @ http://localhost:3000/_next/static/chunks/0stj_next_dist_19zsb-q._.js:776
[ 1785051ms] [LOG] [Fast Refresh] done in 62ms @ http://localhost:3000/_next/static/chunks/0stj_next_dist_19zsb-q._.js:776
[ 1785114ms] [LOG] [Fast Refresh] done in 62ms @ http://localhost:3000/_next/static/chunks/0stj_next_dist_19zsb-q._.js:776
[ 1785176ms] [LOG] [Fast Refresh] done in 62ms @ http://localhost:3000/_next/static/chunks/0stj_next_dist_19zsb-q._.js:776
[ 1785239ms] [LOG] [Fast Refresh] done in 62ms @ http://localhost:3000/_next/static/chunks/0stj_next_dist_19zsb-q._.js:776
[ 1785302ms] [LOG] [Fast Refresh] done in 62ms @ http://localhost:3000/_next/static/chunks/0stj_next_dist_19zsb-q._.js:776
[ 1785366ms] [LOG] [Fast Refresh] done in 62ms @ http://localhost:3000/_next/static/chunks/0stj_next_dist_19zsb-q._.js:776
[ 1785428ms] [LOG] [Fast Refresh] done in 62ms @ http://localhost:3000/_next/static/chunks/0stj_next_dist_19zsb-q._.js:776
[ 1785491ms] [LOG] [Fast Refresh] done in 62ms @ http://localhost:3000/_next/static/chunks/0stj_next_dist_19zsb-q._.js:776
[ 1785553ms] [LOG] [Fast Refresh] done in 62ms @ http://localhost:3000/_next/static/chunks/0stj_next_dist_19zsb-q._.js:776
[ 1785615ms] [LOG] [Fast Refresh] done in 62ms @ http://localhost:3000/_next/static/chunks/0stj_next_dist_19zsb-q._.js:776
[ 1785677ms] [LOG] [Fast Refresh] done in 62ms @ http://localhost:3000/_next/static/chunks/0stj_next_dist_19zsb-q._.js:776
[ 1785739ms] [LOG] [Fast Refresh] done in 62ms @ http://localhost:3000/_next/static/chunks/0stj_next_dist_19zsb-q._.js:776
[ 1785800ms] [LOG] [Fast Refresh] done in 62ms @ http://localhost:3000/_next/static/chunks/0stj_next_dist_19zsb-q._.js:776
[ 1785864ms] [LOG] [Fast Refresh] done in 62ms @ http://localhost:3000/_next/static/chunks/0stj_next_dist_19zsb-q._.js:776
[ 1785926ms] [LOG] [Fast Refresh] done in 62ms @ http://localhost:3000/_next/static/chunks/0stj_next_dist_19zsb-q._.js:776
[ 1785989ms] [LOG] [Fast Refresh] done in 62ms @ http://localhost:3000/_next/static/chunks/0stj_next_dist_19zsb-q._.js:776
[ 1786050ms] [LOG] [Fast Refresh] done in 62ms @ http://localhost:3000/_next/static/chunks/0stj_next_dist_19zsb-q._.js:776
[ 1786113ms] [LOG] [Fast Refresh] done in 62ms @ http://localhost:3000/_next/static/chunks/0stj_next_dist_19zsb-q._.js:776
[ 1786175ms] [LOG] [Fast Refresh] done in 62ms @ http://localhost:3000/_next/static/chunks/0stj_next_dist_19zsb-q._.js:776
[ 1786239ms] [LOG] [Fast Refresh] done in 62ms @ http://localhost:3000/_next/static/chunks/0stj_next_dist_19zsb-q._.js:776
[ 1786303ms] [LOG] [Fast Refresh] done in 62ms @ http://localhost:3000/_next/static/chunks/0stj_next_dist_19zsb-q._.js:776
[ 1786365ms] [LOG] [Fast Refresh] done in 62ms @ http://localhost:3000/_next/static/chunks/0stj_next_dist_19zsb-q._.js:776
[ 1786426ms] [LOG] [Fast Refresh] done in 62ms @ http://localhost:3000/_next/static/chunks/0stj_next_dist_19zsb-q._.js:776
[ 1786490ms] [LOG] [Fast Refresh] done in 62ms @ http://localhost:3000/_next/static/chunks/0stj_next_dist_19zsb-q._.js:776
[ 1786553ms] [LOG] [Fast Refresh] done in 62ms @ http://localhost:3000/_next/static/chunks/0stj_next_dist_19zsb-q._.js:776
[ 1786616ms] [LOG] [Fast Refresh] done in 62ms @ http://localhost:3000/_next/static/chunks/0stj_next_dist_19zsb-q._.js:776
[ 1786678ms] [LOG] [Fast Refresh] done in 62ms @ http://localhost:3000/_next/static/chunks/0stj_next_dist_19zsb-q._.js:776
[ 1786740ms] [LOG] [Fast Refresh] done in 62ms @ http://localhost:3000/_next/static/chunks/0stj_next_dist_19zsb-q._.js:776
[ 1786802ms] [LOG] [Fast Refresh] done in 62ms @ http://localhost:3000/_next/static/chunks/0stj_next_dist_19zsb-q._.js:776
[ 1786866ms] [LOG] [Fast Refresh] done in 62ms @ http://localhost:3000/_next/static/chunks/0stj_next_dist_19zsb-q._.js:776
[ 1786928ms] [LOG] [Fast Refresh] done in 62ms @ http://localhost:3000/_next/static/chunks/0stj_next_dist_19zsb-q._.js:776
[ 1786989ms] [LOG] [Fast Refresh] done in 62ms @ http://localhost:3000/_next/static/chunks/0stj_next_dist_19zsb-q._.js:776
[ 1787051ms] [LOG] [Fast Refresh] done in 62ms @ http://localhost:3000/_next/static/chunks/0stj_next_dist_19zsb-q._.js:776
[ 1787113ms] [LOG] [Fast Refresh] done in 62ms @ http://localhost:3000/_next/static/chunks/0stj_next_dist_19zsb-q._.js:776
[ 1787175ms] [LOG] [Fast Refresh] done in 62ms @ http://localhost:3000/_next/static/chunks/0stj_next_dist_19zsb-q._.js:776
[ 1787237ms] [LOG] [Fast Refresh] done in 62ms @ http://localhost:3000/_next/static/chunks/0stj_next_dist_19zsb-q._.js:776
[ 1787300ms] [LOG] [Fast Refresh] done in 62ms @ http://localhost:3000/_next/static/chunks/0stj_next_dist_19zsb-q._.js:776
[ 1787361ms] [LOG] [Fast Refresh] done in 62ms @ http://localhost:3000/_next/static/chunks/0stj_next_dist_19zsb-q._.js:776
[ 1787424ms] [LOG] [Fast Refresh] done in 62ms @ http://localhost:3000/_next/static/chunks/0stj_next_dist_19zsb-q._.js:776
[ 1787488ms] [LOG] [Fast Refresh] done in 62ms @ http://localhost:3000/_next/static/chunks/0stj_next_dist_19zsb-q._.js:776
[ 1787550ms] [LOG] [Fast Refresh] done in 62ms @ http://localhost:3000/_next/static/chunks/0stj_next_dist_19zsb-q._.js:776
[ 1787612ms] [LOG] [Fast Refresh] done in 62ms @ http://localhost:3000/_next/static/chunks/0stj_next_dist_19zsb-q._.js:776
[ 1787674ms] [LOG] [Fast Refresh] done in 62ms @ http://localhost:3000/_next/static/chunks/0stj_next_dist_19zsb-q._.js:776
[ 1787736ms] [LOG] [Fast Refresh] done in 62ms @ http://localhost:3000/_next/static/chunks/0stj_next_dist_19zsb-q._.js:776
[ 1787798ms] [LOG] [Fast Refresh] done in 62ms @ http://localhost:3000/_next/static/chunks/0stj_next_dist_19zsb-q._.js:776
[ 1787860ms] [LOG] [Fast Refresh] done in 62ms @ http://localhost:3000/_next/static/chunks/0stj_next_dist_19zsb-q._.js:776
[ 1787921ms] [LOG] [Fast Refresh] done in 62ms @ http://localhost:3000/_next/static/chunks/0stj_next_dist_19zsb-q._.js:776
[ 1787984ms] [LOG] [Fast Refresh] done in 62ms @ http://localhost:3000/_next/static/chunks/0stj_next_dist_19zsb-q._.js:776
[ 1788046ms] [LOG] [Fast Refresh] done in 62ms @ http://localhost:3000/_next/static/chunks/0stj_next_dist_19zsb-q._.js:776
[ 1788109ms] [LOG] [Fast Refresh] done in 62ms @ http://localhost:3000/_next/static/chunks/0stj_next_dist_19zsb-q._.js:776
[ 1788170ms] [LOG] [Fast Refresh] done in 62ms @ http://localhost:3000/_next/static/chunks/0stj_next_dist_19zsb-q._.js:776
[ 1788232ms] [LOG] [Fast Refresh] done in 62ms @ http://localhost:3000/_next/static/chunks/0stj_next_dist_19zsb-q._.js:776
[ 1788294ms] [LOG] [Fast Refresh] done in 62ms @ http://localhost:3000/_next/static/chunks/0stj_next_dist_19zsb-q._.js:776
[ 1788355ms] [LOG] [Fast Refresh] done in 62ms @ http://localhost:3000/_next/static/chunks/0stj_next_dist_19zsb-q._.js:776
[ 1788418ms] [LOG] [Fast Refresh] done in 62ms @ http://localhost:3000/_next/static/chunks/0stj_next_dist_19zsb-q._.js:776
[ 1788480ms] [LOG] [Fast Refresh] done in 62ms @ http://localhost:3000/_next/static/chunks/0stj_next_dist_19zsb-q._.js:776
[ 1788542ms] [LOG] [Fast Refresh] done in 62ms @ http://localhost:3000/_next/static/chunks/0stj_next_dist_19zsb-q._.js:776
[ 1788603ms] [LOG] [Fast Refresh] done in 62ms @ http://localhost:3000/_next/static/chunks/0stj_next_dist_19zsb-q._.js:776
[ 1788665ms] [LOG] [Fast Refresh] done in 62ms @ http://localhost:3000/_next/static/chunks/0stj_next_dist_19zsb-q._.js:776
[ 1788727ms] [LOG] [Fast Refresh] done in 62ms @ http://localhost:3000/_next/static/chunks/0stj_next_dist_19zsb-q._.js:776
[ 1788790ms] [LOG] [Fast Refresh] done in 62ms @ http://localhost:3000/_next/static/chunks/0stj_next_dist_19zsb-q._.js:776
[ 1788852ms] [LOG] [Fast Refresh] done in 62ms @ http://localhost:3000/_next/static/chunks/0stj_next_dist_19zsb-q._.js:776
[ 1788915ms] [LOG] [Fast Refresh] done in 62ms @ http://localhost:3000/_next/static/chunks/0stj_next_dist_19zsb-q._.js:776
[ 1788976ms] [LOG] [Fast Refresh] done in 62ms @ http://localhost:3000/_next/static/chunks/0stj_next_dist_19zsb-q._.js:776
[ 1789040ms] [LOG] [Fast Refresh] done in 62ms @ http://localhost:3000/_next/static/chunks/0stj_next_dist_19zsb-q._.js:776
[ 1789103ms] [LOG] [Fast Refresh] done in 62ms @ http://localhost:3000/_next/static/chunks/0stj_next_dist_19zsb-q._.js:776
[ 1789165ms] [LOG] [Fast Refresh] done in 62ms @ http://localhost:3000/_next/static/chunks/0stj_next_dist_19zsb-q._.js:776
[ 1789229ms] [LOG] [Fast Refresh] done in 62ms @ http://localhost:3000/_next/static/chunks/0stj_next_dist_19zsb-q._.js:776
[ 1789292ms] [LOG] [Fast Refresh] done in 62ms @ http://localhost:3000/_next/static/chunks/0stj_next_dist_19zsb-q._.js:776
[ 1789354ms] [LOG] [Fast Refresh] done in 62ms @ http://localhost:3000/_next/static/chunks/0stj_next_dist_19zsb-q._.js:776
[ 1789416ms] [LOG] [Fast Refresh] done in 62ms @ http://localhost:3000/_next/static/chunks/0stj_next_dist_19zsb-q._.js:776
[ 1789478ms] [LOG] [Fast Refresh] done in 62ms @ http://localhost:3000/_next/static/chunks/0stj_next_dist_19zsb-q._.js:776
[ 1789540ms] [LOG] [Fast Refresh] done in 62ms @ http://localhost:3000/_next/static/chunks/0stj_next_dist_19zsb-q._.js:776
[ 1789603ms] [LOG] [Fast Refresh] done in 62ms @ http://localhost:3000/_next/static/chunks/0stj_next_dist_19zsb-q._.js:776
[ 1789665ms] [LOG] [Fast Refresh] done in 62ms @ http://localhost:3000/_next/static/chunks/0stj_next_dist_19zsb-q._.js:776
[ 1789728ms] [LOG] [Fast Refresh] done in 62ms @ http://localhost:3000/_next/static/chunks/0stj_next_dist_19zsb-q._.js:776
[ 1789790ms] [LOG] [Fast Refresh] done in 62ms @ http://localhost:3000/_next/static/chunks/0stj_next_dist_19zsb-q._.js:776
[ 1789854ms] [LOG] [Fast Refresh] done in 62ms @ http://localhost:3000/_next/static/chunks/0stj_next_dist_19zsb-q._.js:776
[ 1789917ms] [LOG] [Fast Refresh] done in 62ms @ http://localhost:3000/_next/static/chunks/0stj_next_dist_19zsb-q._.js:776
[ 1789980ms] [LOG] [Fast Refresh] done in 62ms @ http://localhost:3000/_next/static/chunks/0stj_next_dist_19zsb-q._.js:776
[ 1790041ms] [LOG] [Fast Refresh] done in 62ms @ http://localhost:3000/_next/static/chunks/0stj_next_dist_19zsb-q._.js:776
[ 1790103ms] [LOG] [Fast Refresh] done in 62ms @ http://localhost:3000/_next/static/chunks/0stj_next_dist_19zsb-q._.js:776
[ 1790165ms] [LOG] [Fast Refresh] done in 62ms @ http://localhost:3000/_next/static/chunks/0stj_next_dist_19zsb-q._.js:776
[ 1790228ms] [LOG] [Fast Refresh] done in 62ms @ http://localhost:3000/_next/static/chunks/0stj_next_dist_19zsb-q._.js:776
[ 1790290ms] [LOG] [Fast Refresh] done in 62ms @ http://localhost:3000/_next/static/chunks/0stj_next_dist_19zsb-q._.js:776
[ 1790353ms] [LOG] [Fast Refresh] done in 62ms @ http://localhost:3000/_next/static/chunks/0stj_next_dist_19zsb-q._.js:776
[ 1790415ms] [LOG] [Fast Refresh] done in 62ms @ http://localhost:3000/_next/static/chunks/0stj_next_dist_19zsb-q._.js:776
[ 1790476ms] [LOG] [Fast Refresh] done in 62ms @ http://localhost:3000/_next/static/chunks/0stj_next_dist_19zsb-q._.js:776
[ 1790539ms] [LOG] [Fast Refresh] done in 62ms @ http://localhost:3000/_next/static/chunks/0stj_next_dist_19zsb-q._.js:776
[ 1790602ms] [LOG] [Fast Refresh] done in 62ms @ http://localhost:3000/_next/static/chunks/0stj_next_dist_19zsb-q._.js:776
[ 1790665ms] [LOG] [Fast Refresh] done in 62ms @ http://localhost:3000/_next/static/chunks/0stj_next_dist_19zsb-q._.js:776
[ 1790727ms] [LOG] [Fast Refresh] done in 62ms @ http://localhost:3000/_next/static/chunks/0stj_next_dist_19zsb-q._.js:776
[ 1790790ms] [LOG] [Fast Refresh] done in 62ms @ http://localhost:3000/_next/static/chunks/0stj_next_dist_19zsb-q._.js:776
[ 1790853ms] [LOG] [Fast Refresh] done in 62ms @ http://localhost:3000/_next/static/chunks/0stj_next_dist_19zsb-q._.js:776
[ 1790917ms] [LOG] [Fast Refresh] done in 62ms @ http://localhost:3000/_next/static/chunks/0stj_next_dist_19zsb-q._.js:776
[ 1790979ms] [LOG] [Fast Refresh] done in 62ms @ http://localhost:3000/_next/static/chunks/0stj_next_dist_19zsb-q._.js:776
[ 1791041ms] [LOG] [Fast Refresh] done in 62ms @ http://localhost:3000/_next/static/chunks/0stj_next_dist_19zsb-q._.js:776
[ 1791105ms] [LOG] [Fast Refresh] done in 62ms @ http://localhost:3000/_next/static/chunks/0stj_next_dist_19zsb-q._.js:776
[ 1791167ms] [LOG] [Fast Refresh] done in 62ms @ http://localhost:3000/_next/static/chunks/0stj_next_dist_19zsb-q._.js:776
[ 1791230ms] [LOG] [Fast Refresh] done in 62ms @ http://localhost:3000/_next/static/chunks/0stj_next_dist_19zsb-q._.js:776
[ 1791293ms] [LOG] [Fast Refresh] done in 62ms @ http://localhost:3000/_next/static/chunks/0stj_next_dist_19zsb-q._.js:776
[ 1791355ms] [LOG] [Fast Refresh] done in 62ms @ http://localhost:3000/_next/static/chunks/0stj_next_dist_19zsb-q._.js:776
[ 1791418ms] [LOG] [Fast Refresh] done in 62ms @ http://localhost:3000/_next/static/chunks/0stj_next_dist_19zsb-q._.js:776
[ 1791480ms] [LOG] [Fast Refresh] done in 62ms @ http://localhost:3000/_next/static/chunks/0stj_next_dist_19zsb-q._.js:776
[ 1791543ms] [LOG] [Fast Refresh] done in 62ms @ http://localhost:3000/_next/static/chunks/0stj_next_dist_19zsb-q._.js:776
[ 1791604ms] [LOG] [Fast Refresh] done in 62ms @ http://localhost:3000/_next/static/chunks/0stj_next_dist_19zsb-q._.js:776
[ 1791666ms] [LOG] [Fast Refresh] done in 62ms @ http://localhost:3000/_next/static/chunks/0stj_next_dist_19zsb-q._.js:776
[ 1791727ms] [LOG] [Fast Refresh] done in 62ms @ http://localhost:3000/_next/static/chunks/0stj_next_dist_19zsb-q._.js:776
[ 1791789ms] [LOG] [Fast Refresh] done in 62ms @ http://localhost:3000/_next/static/chunks/0stj_next_dist_19zsb-q._.js:776
[ 1791852ms] [LOG] [Fast Refresh] done in 62ms @ http://localhost:3000/_next/static/chunks/0stj_next_dist_19zsb-q._.js:776
[ 1791916ms] [LOG] [Fast Refresh] done in 62ms @ http://localhost:3000/_next/static/chunks/0stj_next_dist_19zsb-q._.js:776
[ 1791979ms] [LOG] [Fast Refresh] done in 62ms @ http://localhost:3000/_next/static/chunks/0stj_next_dist_19zsb-q._.js:776
[ 1792041ms] [LOG] [Fast Refresh] done in 62ms @ http://localhost:3000/_next/static/chunks/0stj_next_dist_19zsb-q._.js:776
[ 1792104ms] [LOG] [Fast Refresh] done in 62ms @ http://localhost:3000/_next/static/chunks/0stj_next_dist_19zsb-q._.js:776
[ 1792166ms] [LOG] [Fast Refresh] done in 62ms @ http://localhost:3000/_next/static/chunks/0stj_next_dist_19zsb-q._.js:776
[ 1792229ms] [LOG] [Fast Refresh] done in 62ms @ http://localhost:3000/_next/static/chunks/0stj_next_dist_19zsb-q._.js:776
[ 1792293ms] [LOG] [Fast Refresh] done in 62ms @ http://localhost:3000/_next/static/chunks/0stj_next_dist_19zsb-q._.js:776
[ 1792357ms] [LOG] [Fast Refresh] done in 62ms @ http://localhost:3000/_next/static/chunks/0stj_next_dist_19zsb-q._.js:776
[ 1792418ms] [LOG] [Fast Refresh] done in 62ms @ http://localhost:3000/_next/static/chunks/0stj_next_dist_19zsb-q._.js:776
[ 1792480ms] [LOG] [Fast Refresh] done in 62ms @ http://localhost:3000/_next/static/chunks/0stj_next_dist_19zsb-q._.js:776
[ 1792542ms] [LOG] [Fast Refresh] done in 62ms @ http://localhost:3000/_next/static/chunks/0stj_next_dist_19zsb-q._.js:776
[ 1792603ms] [LOG] [Fast Refresh] done in 62ms @ http://localhost:3000/_next/static/chunks/0stj_next_dist_19zsb-q._.js:776
[ 1792666ms] [LOG] [Fast Refresh] done in 62ms @ http://localhost:3000/_next/static/chunks/0stj_next_dist_19zsb-q._.js:776
[ 1792729ms] [LOG] [Fast Refresh] done in 62ms @ http://localhost:3000/_next/static/chunks/0stj_next_dist_19zsb-q._.js:776
[ 1792790ms] [LOG] [Fast Refresh] done in 62ms @ http://localhost:3000/_next/static/chunks/0stj_next_dist_19zsb-q._.js:776
[ 1792853ms] [LOG] [Fast Refresh] done in 62ms @ http://localhost:3000/_next/static/chunks/0stj_next_dist_19zsb-q._.js:776
[ 1792917ms] [LOG] [Fast Refresh] done in 62ms @ http://localhost:3000/_next/static/chunks/0stj_next_dist_19zsb-q._.js:776
[ 1792979ms] [LOG] [Fast Refresh] done in 62ms @ http://localhost:3000/_next/static/chunks/0stj_next_dist_19zsb-q._.js:776
[ 1793043ms] [LOG] [Fast Refresh] done in 62ms @ http://localhost:3000/_next/static/chunks/0stj_next_dist_19zsb-q._.js:776
[ 1793105ms] [LOG] [Fast Refresh] done in 62ms @ http://localhost:3000/_next/static/chunks/0stj_next_dist_19zsb-q._.js:776
[ 1793165ms] [LOG] [Fast Refresh] done in 62ms @ http://localhost:3000/_next/static/chunks/0stj_next_dist_19zsb-q._.js:776
[ 1793228ms] [LOG] [Fast Refresh] done in 62ms @ http://localhost:3000/_next/static/chunks/0stj_next_dist_19zsb-q._.js:776
[ 1793291ms] [LOG] [Fast Refresh] done in 62ms @ http://localhost:3000/_next/static/chunks/0stj_next_dist_19zsb-q._.js:776
[ 1793352ms] [LOG] [Fast Refresh] done in 62ms @ http://localhost:3000/_next/static/chunks/0stj_next_dist_19zsb-q._.js:776
[ 1793415ms] [LOG] [Fast Refresh] done in 62ms @ http://localhost:3000/_next/static/chunks/0stj_next_dist_19zsb-q._.js:776
[ 1793475ms] [LOG] [Fast Refresh] done in 62ms @ http://localhost:3000/_next/static/chunks/0stj_next_dist_19zsb-q._.js:776
[ 1793539ms] [LOG] [Fast Refresh] done in 62ms @ http://localhost:3000/_next/static/chunks/0stj_next_dist_19zsb-q._.js:776
[ 1793600ms] [LOG] [Fast Refresh] done in 62ms @ http://localhost:3000/_next/static/chunks/0stj_next_dist_19zsb-q._.js:776
[ 1793663ms] [LOG] [Fast Refresh] done in 62ms @ http://localhost:3000/_next/static/chunks/0stj_next_dist_19zsb-q._.js:776
[ 1793726ms] [LOG] [Fast Refresh] done in 62ms @ http://localhost:3000/_next/static/chunks/0stj_next_dist_19zsb-q._.js:776
[ 1793788ms] [LOG] [Fast Refresh] done in 62ms @ http://localhost:3000/_next/static/chunks/0stj_next_dist_19zsb-q._.js:776
[ 1793850ms] [LOG] [Fast Refresh] done in 62ms @ http://localhost:3000/_next/static/chunks/0stj_next_dist_19zsb-q._.js:776
[ 1793911ms] [LOG] [Fast Refresh] done in 62ms @ http://localhost:3000/_next/static/chunks/0stj_next_dist_19zsb-q._.js:776
[ 1793972ms] [LOG] [Fast Refresh] done in 62ms @ http://localhost:3000/_next/static/chunks/0stj_next_dist_19zsb-q._.js:776
[ 1794034ms] [LOG] [Fast Refresh] done in 62ms @ http://localhost:3000/_next/static/chunks/0stj_next_dist_19zsb-q._.js:776
[ 1794096ms] [LOG] [Fast Refresh] done in 62ms @ http://localhost:3000/_next/static/chunks/0stj_next_dist_19zsb-q._.js:776
[ 1794159ms] [LOG] [Fast Refresh] done in 62ms @ http://localhost:3000/_next/static/chunks/0stj_next_dist_19zsb-q._.js:776
[ 1794222ms] [LOG] [Fast Refresh] done in 62ms @ http://localhost:3000/_next/static/chunks/0stj_next_dist_19zsb-q._.js:776
[ 1794283ms] [LOG] [Fast Refresh] done in 62ms @ http://localhost:3000/_next/static/chunks/0stj_next_dist_19zsb-q._.js:776
[ 1794346ms] [LOG] [Fast Refresh] done in 62ms @ http://localhost:3000/_next/static/chunks/0stj_next_dist_19zsb-q._.js:776
[ 1794407ms] [LOG] [Fast Refresh] done in 62ms @ http://localhost:3000/_next/static/chunks/0stj_next_dist_19zsb-q._.js:776
[ 1794469ms] [LOG] [Fast Refresh] done in 62ms @ http://localhost:3000/_next/static/chunks/0stj_next_dist_19zsb-q._.js:776
[ 1794531ms] [LOG] [Fast Refresh] done in 62ms @ http://localhost:3000/_next/static/chunks/0stj_next_dist_19zsb-q._.js:776
[ 1794594ms] [LOG] [Fast Refresh] done in 62ms @ http://localhost:3000/_next/static/chunks/0stj_next_dist_19zsb-q._.js:776
[ 1794657ms] [LOG] [Fast Refresh] done in 62ms @ http://localhost:3000/_next/static/chunks/0stj_next_dist_19zsb-q._.js:776
[ 1794720ms] [LOG] [Fast Refresh] done in 62ms @ http://localhost:3000/_next/static/chunks/0stj_next_dist_19zsb-q._.js:776
[ 1794783ms] [LOG] [Fast Refresh] done in 62ms @ http://localhost:3000/_next/static/chunks/0stj_next_dist_19zsb-q._.js:776
[ 1794845ms] [LOG] [Fast Refresh] done in 62ms @ http://localhost:3000/_next/static/chunks/0stj_next_dist_19zsb-q._.js:776
[ 1794907ms] [LOG] [Fast Refresh] done in 62ms @ http://localhost:3000/_next/static/chunks/0stj_next_dist_19zsb-q._.js:776
[ 1794969ms] [LOG] [Fast Refresh] done in 62ms @ http://localhost:3000/_next/static/chunks/0stj_next_dist_19zsb-q._.js:776
[ 1795032ms] [LOG] [Fast Refresh] done in 62ms @ http://localhost:3000/_next/static/chunks/0stj_next_dist_19zsb-q._.js:776
[ 1795095ms] [LOG] [Fast Refresh] done in 62ms @ http://localhost:3000/_next/static/chunks/0stj_next_dist_19zsb-q._.js:776
[ 1795158ms] [LOG] [Fast Refresh] done in 62ms @ http://localhost:3000/_next/static/chunks/0stj_next_dist_19zsb-q._.js:776
[ 1795220ms] [LOG] [Fast Refresh] done in 62ms @ http://localhost:3000/_next/static/chunks/0stj_next_dist_19zsb-q._.js:776
[ 1795282ms] [LOG] [Fast Refresh] done in 62ms @ http://localhost:3000/_next/static/chunks/0stj_next_dist_19zsb-q._.js:776
[ 1795345ms] [LOG] [Fast Refresh] done in 62ms @ http://localhost:3000/_next/static/chunks/0stj_next_dist_19zsb-q._.js:776
[ 1795407ms] [LOG] [Fast Refresh] done in 62ms @ http://localhost:3000/_next/static/chunks/0stj_next_dist_19zsb-q._.js:776
[ 1795470ms] [LOG] [Fast Refresh] done in 62ms @ http://localhost:3000/_next/static/chunks/0stj_next_dist_19zsb-q._.js:776
[ 1795533ms] [LOG] [Fast Refresh] done in 62ms @ http://localhost:3000/_next/static/chunks/0stj_next_dist_19zsb-q._.js:776
[ 1795597ms] [LOG] [Fast Refresh] done in 62ms @ http://localhost:3000/_next/static/chunks/0stj_next_dist_19zsb-q._.js:776
[ 1795660ms] [LOG] [Fast Refresh] done in 62ms @ http://localhost:3000/_next/static/chunks/0stj_next_dist_19zsb-q._.js:776
[ 1795722ms] [LOG] [Fast Refresh] done in 62ms @ http://localhost:3000/_next/static/chunks/0stj_next_dist_19zsb-q._.js:776
[ 1795785ms] [LOG] [Fast Refresh] done in 62ms @ http://localhost:3000/_next/static/chunks/0stj_next_dist_19zsb-q._.js:776
[ 1795847ms] [LOG] [Fast Refresh] done in 62ms @ http://localhost:3000/_next/static/chunks/0stj_next_dist_19zsb-q._.js:776
[ 1795908ms] [LOG] [Fast Refresh] done in 62ms @ http://localhost:3000/_next/static/chunks/0stj_next_dist_19zsb-q._.js:776
[ 1795971ms] [LOG] [Fast Refresh] done in 62ms @ http://localhost:3000/_next/static/chunks/0stj_next_dist_19zsb-q._.js:776
[ 1796033ms] [LOG] [Fast Refresh] done in 62ms @ http://localhost:3000/_next/static/chunks/0stj_next_dist_19zsb-q._.js:776
[ 1796094ms] [LOG] [Fast Refresh] done in 62ms @ http://localhost:3000/_next/static/chunks/0stj_next_dist_19zsb-q._.js:776
[ 1796156ms] [LOG] [Fast Refresh] done in 62ms @ http://localhost:3000/_next/static/chunks/0stj_next_dist_19zsb-q._.js:776
[ 1796218ms] [LOG] [Fast Refresh] done in 62ms @ http://localhost:3000/_next/static/chunks/0stj_next_dist_19zsb-q._.js:776
[ 1796280ms] [LOG] [Fast Refresh] done in 62ms @ http://localhost:3000/_next/static/chunks/0stj_next_dist_19zsb-q._.js:776
[ 1796343ms] [LOG] [Fast Refresh] done in 62ms @ http://localhost:3000/_next/static/chunks/0stj_next_dist_19zsb-q._.js:776
[ 1796406ms] [LOG] [Fast Refresh] done in 62ms @ http://localhost:3000/_next/static/chunks/0stj_next_dist_19zsb-q._.js:776
[ 1796468ms] [LOG] [Fast Refresh] done in 62ms @ http://localhost:3000/_next/static/chunks/0stj_next_dist_19zsb-q._.js:776
[ 1796531ms] [LOG] [Fast Refresh] done in 62ms @ http://localhost:3000/_next/static/chunks/0stj_next_dist_19zsb-q._.js:776
[ 1796593ms] [LOG] [Fast Refresh] done in 62ms @ http://localhost:3000/_next/static/chunks/0stj_next_dist_19zsb-q._.js:776
[ 1796655ms] [LOG] [Fast Refresh] done in 62ms @ http://localhost:3000/_next/static/chunks/0stj_next_dist_19zsb-q._.js:776
[ 1796717ms] [LOG] [Fast Refresh] done in 62ms @ http://localhost:3000/_next/static/chunks/0stj_next_dist_19zsb-q._.js:776
[ 1796780ms] [LOG] [Fast Refresh] done in 62ms @ http://localhost:3000/_next/static/chunks/0stj_next_dist_19zsb-q._.js:776
[ 1796842ms] [LOG] [Fast Refresh] done in 62ms @ http://localhost:3000/_next/static/chunks/0stj_next_dist_19zsb-q._.js:776
[ 1796906ms] [LOG] [Fast Refresh] done in 62ms @ http://localhost:3000/_next/static/chunks/0stj_next_dist_19zsb-q._.js:776
[ 1796969ms] [LOG] [Fast Refresh] done in 62ms @ http://localhost:3000/_next/static/chunks/0stj_next_dist_19zsb-q._.js:776
[ 1797031ms] [LOG] [Fast Refresh] done in 62ms @ http://localhost:3000/_next/static/chunks/0stj_next_dist_19zsb-q._.js:776
[ 1797093ms] [LOG] [Fast Refresh] done in 62ms @ http://localhost:3000/_next/static/chunks/0stj_next_dist_19zsb-q._.js:776
[ 1797155ms] [LOG] [Fast Refresh] done in 62ms @ http://localhost:3000/_next/static/chunks/0stj_next_dist_19zsb-q._.js:776
[ 1797218ms] [LOG] [Fast Refresh] done in 62ms @ http://localhost:3000/_next/static/chunks/0stj_next_dist_19zsb-q._.js:776
[ 1797280ms] [LOG] [Fast Refresh] done in 62ms @ http://localhost:3000/_next/static/chunks/0stj_next_dist_19zsb-q._.js:776
[ 1797341ms] [LOG] [Fast Refresh] done in 62ms @ http://localhost:3000/_next/static/chunks/0stj_next_dist_19zsb-q._.js:776
[ 1797404ms] [LOG] [Fast Refresh] done in 62ms @ http://localhost:3000/_next/static/chunks/0stj_next_dist_19zsb-q._.js:776
[ 1797466ms] [LOG] [Fast Refresh] done in 62ms @ http://localhost:3000/_next/static/chunks/0stj_next_dist_19zsb-q._.js:776
[ 1797527ms] [LOG] [Fast Refresh] done in 62ms @ http://localhost:3000/_next/static/chunks/0stj_next_dist_19zsb-q._.js:776
[ 1797589ms] [LOG] [Fast Refresh] done in 62ms @ http://localhost:3000/_next/static/chunks/0stj_next_dist_19zsb-q._.js:776
[ 1797652ms] [LOG] [Fast Refresh] done in 62ms @ http://localhost:3000/_next/static/chunks/0stj_next_dist_19zsb-q._.js:776
[ 1797713ms] [LOG] [Fast Refresh] done in 62ms @ http://localhost:3000/_next/static/chunks/0stj_next_dist_19zsb-q._.js:776
[ 1797776ms] [LOG] [Fast Refresh] done in 62ms @ http://localhost:3000/_next/static/chunks/0stj_next_dist_19zsb-q._.js:776
[ 1797837ms] [LOG] [Fast Refresh] done in 62ms @ http://localhost:3000/_next/static/chunks/0stj_next_dist_19zsb-q._.js:776
[ 1797900ms] [LOG] [Fast Refresh] done in 62ms @ http://localhost:3000/_next/static/chunks/0stj_next_dist_19zsb-q._.js:776
[ 1797962ms] [LOG] [Fast Refresh] done in 62ms @ http://localhost:3000/_next/static/chunks/0stj_next_dist_19zsb-q._.js:776
[ 1798024ms] [LOG] [Fast Refresh] done in 62ms @ http://localhost:3000/_next/static/chunks/0stj_next_dist_19zsb-q._.js:776
[ 1798086ms] [LOG] [Fast Refresh] done in 62ms @ http://localhost:3000/_next/static/chunks/0stj_next_dist_19zsb-q._.js:776
[ 1798148ms] [LOG] [Fast Refresh] done in 62ms @ http://localhost:3000/_next/static/chunks/0stj_next_dist_19zsb-q._.js:776
[ 1798211ms] [LOG] [Fast Refresh] done in 62ms @ http://localhost:3000/_next/static/chunks/0stj_next_dist_19zsb-q._.js:776
[ 1798273ms] [LOG] [Fast Refresh] done in 62ms @ http://localhost:3000/_next/static/chunks/0stj_next_dist_19zsb-q._.js:776
[ 1798335ms] [LOG] [Fast Refresh] done in 62ms @ http://localhost:3000/_next/static/chunks/0stj_next_dist_19zsb-q._.js:776
[ 1798399ms] [LOG] [Fast Refresh] done in 62ms @ http://localhost:3000/_next/static/chunks/0stj_next_dist_19zsb-q._.js:776
[ 1798461ms] [LOG] [Fast Refresh] done in 62ms @ http://localhost:3000/_next/static/chunks/0stj_next_dist_19zsb-q._.js:776
[ 1798522ms] [LOG] [Fast Refresh] done in 62ms @ http://localhost:3000/_next/static/chunks/0stj_next_dist_19zsb-q._.js:776
[ 1798586ms] [LOG] [Fast Refresh] done in 62ms @ http://localhost:3000/_next/static/chunks/0stj_next_dist_19zsb-q._.js:776
[ 1798648ms] [LOG] [Fast Refresh] done in 62ms @ http://localhost:3000/_next/static/chunks/0stj_next_dist_19zsb-q._.js:776
[ 1798708ms] [LOG] [Fast Refresh] done in 62ms @ http://localhost:3000/_next/static/chunks/0stj_next_dist_19zsb-q._.js:776
[ 1798770ms] [LOG] [Fast Refresh] done in 62ms @ http://localhost:3000/_next/static/chunks/0stj_next_dist_19zsb-q._.js:776
[ 1798832ms] [LOG] [Fast Refresh] done in 62ms @ http://localhost:3000/_next/static/chunks/0stj_next_dist_19zsb-q._.js:776
[ 1798894ms] [LOG] [Fast Refresh] done in 62ms @ http://localhost:3000/_next/static/chunks/0stj_next_dist_19zsb-q._.js:776
[ 1798956ms] [LOG] [Fast Refresh] done in 62ms @ http://localhost:3000/_next/static/chunks/0stj_next_dist_19zsb-q._.js:776
[ 1799018ms] [LOG] [Fast Refresh] done in 62ms @ http://localhost:3000/_next/static/chunks/0stj_next_dist_19zsb-q._.js:776
[ 1799080ms] [LOG] [Fast Refresh] done in 62ms @ http://localhost:3000/_next/static/chunks/0stj_next_dist_19zsb-q._.js:776
[ 1799142ms] [LOG] [Fast Refresh] done in 62ms @ http://localhost:3000/_next/static/chunks/0stj_next_dist_19zsb-q._.js:776
[ 1799204ms] [LOG] [Fast Refresh] done in 62ms @ http://localhost:3000/_next/static/chunks/0stj_next_dist_19zsb-q._.js:776
[ 1799267ms] [LOG] [Fast Refresh] done in 62ms @ http://localhost:3000/_next/static/chunks/0stj_next_dist_19zsb-q._.js:776
[ 1799329ms] [LOG] [Fast Refresh] done in 62ms @ http://localhost:3000/_next/static/chunks/0stj_next_dist_19zsb-q._.js:776
[ 1799393ms] [LOG] [Fast Refresh] done in 62ms @ http://localhost:3000/_next/static/chunks/0stj_next_dist_19zsb-q._.js:776
[ 1799456ms] [LOG] [Fast Refresh] done in 62ms @ http://localhost:3000/_next/static/chunks/0stj_next_dist_19zsb-q._.js:776
[ 1799518ms] [LOG] [Fast Refresh] done in 62ms @ http://localhost:3000/_next/static/chunks/0stj_next_dist_19zsb-q._.js:776
[ 1799580ms] [LOG] [Fast Refresh] done in 62ms @ http://localhost:3000/_next/static/chunks/0stj_next_dist_19zsb-q._.js:776
[ 1799642ms] [LOG] [Fast Refresh] done in 62ms @ http://localhost:3000/_next/static/chunks/0stj_next_dist_19zsb-q._.js:776
[ 1799705ms] [LOG] [Fast Refresh] done in 62ms @ http://localhost:3000/_next/static/chunks/0stj_next_dist_19zsb-q._.js:776
[ 1799766ms] [LOG] [Fast Refresh] done in 62ms @ http://localhost:3000/_next/static/chunks/0stj_next_dist_19zsb-q._.js:776
[ 1799830ms] [LOG] [Fast Refresh] done in 62ms @ http://localhost:3000/_next/static/chunks/0stj_next_dist_19zsb-q._.js:776
[ 1799892ms] [LOG] [Fast Refresh] done in 62ms @ http://localhost:3000/_next/static/chunks/0stj_next_dist_19zsb-q._.js:776
[ 1799954ms] [LOG] [Fast Refresh] done in 62ms @ http://localhost:3000/_next/static/chunks/0stj_next_dist_19zsb-q._.js:776
[ 1800017ms] [LOG] [Fast Refresh] done in 62ms @ http://localhost:3000/_next/static/chunks/0stj_next_dist_19zsb-q._.js:776
[ 1800080ms] [LOG] [Fast Refresh] done in 62ms @ http://localhost:3000/_next/static/chunks/0stj_next_dist_19zsb-q._.js:776
[ 1800142ms] [LOG] [Fast Refresh] done in 62ms @ http://localhost:3000/_next/static/chunks/0stj_next_dist_19zsb-q._.js:776
[ 1800204ms] [LOG] [Fast Refresh] done in 62ms @ http://localhost:3000/_next/static/chunks/0stj_next_dist_19zsb-q._.js:776
[ 1800266ms] [LOG] [Fast Refresh] done in 62ms @ http://localhost:3000/_next/static/chunks/0stj_next_dist_19zsb-q._.js:776
[ 1800327ms] [LOG] [Fast Refresh] done in 62ms @ http://localhost:3000/_next/static/chunks/0stj_next_dist_19zsb-q._.js:776
[ 1800390ms] [LOG] [Fast Refresh] done in 62ms @ http://localhost:3000/_next/static/chunks/0stj_next_dist_19zsb-q._.js:776
[ 1800453ms] [LOG] [Fast Refresh] done in 62ms @ http://localhost:3000/_next/static/chunks/0stj_next_dist_19zsb-q._.js:776
[ 1800516ms] [LOG] [Fast Refresh] done in 62ms @ http://localhost:3000/_next/static/chunks/0stj_next_dist_19zsb-q._.js:776
[ 1800578ms] [LOG] [Fast Refresh] done in 62ms @ http://localhost:3000/_next/static/chunks/0stj_next_dist_19zsb-q._.js:776
[ 1800641ms] [LOG] [Fast Refresh] done in 62ms @ http://localhost:3000/_next/static/chunks/0stj_next_dist_19zsb-q._.js:776
[ 1800704ms] [LOG] [Fast Refresh] done in 62ms @ http://localhost:3000/_next/static/chunks/0stj_next_dist_19zsb-q._.js:776
[ 1800767ms] [LOG] [Fast Refresh] done in 62ms @ http://localhost:3000/_next/static/chunks/0stj_next_dist_19zsb-q._.js:776
[ 1800829ms] [LOG] [Fast Refresh] done in 62ms @ http://localhost:3000/_next/static/chunks/0stj_next_dist_19zsb-q._.js:776
[ 1800891ms] [LOG] [Fast Refresh] done in 62ms @ http://localhost:3000/_next/static/chunks/0stj_next_dist_19zsb-q._.js:776
[ 1800952ms] [LOG] [Fast Refresh] done in 62ms @ http://localhost:3000/_next/static/chunks/0stj_next_dist_19zsb-q._.js:776
[ 1801015ms] [LOG] [Fast Refresh] done in 62ms @ http://localhost:3000/_next/static/chunks/0stj_next_dist_19zsb-q._.js:776
[ 1801078ms] [LOG] [Fast Refresh] done in 62ms @ http://localhost:3000/_next/static/chunks/0stj_next_dist_19zsb-q._.js:776
[ 1801141ms] [LOG] [Fast Refresh] done in 62ms @ http://localhost:3000/_next/static/chunks/0stj_next_dist_19zsb-q._.js:776
[ 1801204ms] [LOG] [Fast Refresh] done in 62ms @ http://localhost:3000/_next/static/chunks/0stj_next_dist_19zsb-q._.js:776
[ 1801266ms] [LOG] [Fast Refresh] done in 62ms @ http://localhost:3000/_next/static/chunks/0stj_next_dist_19zsb-q._.js:776
[ 1801328ms] [LOG] [Fast Refresh] done in 62ms @ http://localhost:3000/_next/static/chunks/0stj_next_dist_19zsb-q._.js:776
[ 1801392ms] [LOG] [Fast Refresh] done in 62ms @ http://localhost:3000/_next/static/chunks/0stj_next_dist_19zsb-q._.js:776
[ 1801454ms] [LOG] [Fast Refresh] done in 62ms @ http://localhost:3000/_next/static/chunks/0stj_next_dist_19zsb-q._.js:776
[ 1801516ms] [LOG] [Fast Refresh] done in 62ms @ http://localhost:3000/_next/static/chunks/0stj_next_dist_19zsb-q._.js:776
[ 1801577ms] [LOG] [Fast Refresh] done in 62ms @ http://localhost:3000/_next/static/chunks/0stj_next_dist_19zsb-q._.js:776
[ 1801640ms] [LOG] [Fast Refresh] done in 62ms @ http://localhost:3000/_next/static/chunks/0stj_next_dist_19zsb-q._.js:776
[ 1801701ms] [LOG] [Fast Refresh] done in 62ms @ http://localhost:3000/_next/static/chunks/0stj_next_dist_19zsb-q._.js:776
[ 1801764ms] [LOG] [Fast Refresh] done in 62ms @ http://localhost:3000/_next/static/chunks/0stj_next_dist_19zsb-q._.js:776
[ 1801827ms] [LOG] [Fast Refresh] done in 62ms @ http://localhost:3000/_next/static/chunks/0stj_next_dist_19zsb-q._.js:776
[ 1801889ms] [LOG] [Fast Refresh] done in 62ms @ http://localhost:3000/_next/static/chunks/0stj_next_dist_19zsb-q._.js:776
[ 1801952ms] [LOG] [Fast Refresh] done in 62ms @ http://localhost:3000/_next/static/chunks/0stj_next_dist_19zsb-q._.js:776
[ 1802016ms] [LOG] [Fast Refresh] done in 62ms @ http://localhost:3000/_next/static/chunks/0stj_next_dist_19zsb-q._.js:776
[ 1802077ms] [LOG] [Fast Refresh] done in 62ms @ http://localhost:3000/_next/static/chunks/0stj_next_dist_19zsb-q._.js:776
[ 1802138ms] [LOG] [Fast Refresh] done in 62ms @ http://localhost:3000/_next/static/chunks/0stj_next_dist_19zsb-q._.js:776
[ 1802201ms] [LOG] [Fast Refresh] done in 62ms @ http://localhost:3000/_next/static/chunks/0stj_next_dist_19zsb-q._.js:776
[ 1802263ms] [LOG] [Fast Refresh] done in 62ms @ http://localhost:3000/_next/static/chunks/0stj_next_dist_19zsb-q._.js:776
[ 1802325ms] [LOG] [Fast Refresh] done in 62ms @ http://localhost:3000/_next/static/chunks/0stj_next_dist_19zsb-q._.js:776
[ 1802388ms] [LOG] [Fast Refresh] done in 62ms @ http://localhost:3000/_next/static/chunks/0stj_next_dist_19zsb-q._.js:776
[ 1802450ms] [LOG] [Fast Refresh] done in 62ms @ http://localhost:3000/_next/static/chunks/0stj_next_dist_19zsb-q._.js:776
[ 1802511ms] [LOG] [Fast Refresh] done in 62ms @ http://localhost:3000/_next/static/chunks/0stj_next_dist_19zsb-q._.js:776
[ 1802574ms] [LOG] [Fast Refresh] done in 62ms @ http://localhost:3000/_next/static/chunks/0stj_next_dist_19zsb-q._.js:776
[ 1802634ms] [LOG] [Fast Refresh] done in 62ms @ http://localhost:3000/_next/static/chunks/0stj_next_dist_19zsb-q._.js:776
[ 1802697ms] [LOG] [Fast Refresh] done in 62ms @ http://localhost:3000/_next/static/chunks/0stj_next_dist_19zsb-q._.js:776
[ 1802760ms] [LOG] [Fast Refresh] done in 62ms @ http://localhost:3000/_next/static/chunks/0stj_next_dist_19zsb-q._.js:776
[ 1802821ms] [LOG] [Fast Refresh] done in 62ms @ http://localhost:3000/_next/static/chunks/0stj_next_dist_19zsb-q._.js:776
[ 1802882ms] [LOG] [Fast Refresh] done in 62ms @ http://localhost:3000/_next/static/chunks/0stj_next_dist_19zsb-q._.js:776
[ 1802946ms] [LOG] [Fast Refresh] done in 62ms @ http://localhost:3000/_next/static/chunks/0stj_next_dist_19zsb-q._.js:776
[ 1803009ms] [LOG] [Fast Refresh] done in 62ms @ http://localhost:3000/_next/static/chunks/0stj_next_dist_19zsb-q._.js:776
[ 1803072ms] [LOG] [Fast Refresh] done in 62ms @ http://localhost:3000/_next/static/chunks/0stj_next_dist_19zsb-q._.js:776
[ 1803135ms] [LOG] [Fast Refresh] done in 62ms @ http://localhost:3000/_next/static/chunks/0stj_next_dist_19zsb-q._.js:776
[ 1803196ms] [LOG] [Fast Refresh] done in 62ms @ http://localhost:3000/_next/static/chunks/0stj_next_dist_19zsb-q._.js:776
[ 1803258ms] [LOG] [Fast Refresh] done in 62ms @ http://localhost:3000/_next/static/chunks/0stj_next_dist_19zsb-q._.js:776
[ 1803321ms] [LOG] [Fast Refresh] done in 62ms @ http://localhost:3000/_next/static/chunks/0stj_next_dist_19zsb-q._.js:776
[ 1803383ms] [LOG] [Fast Refresh] done in 62ms @ http://localhost:3000/_next/static/chunks/0stj_next_dist_19zsb-q._.js:776
[ 1803444ms] [LOG] [Fast Refresh] done in 62ms @ http://localhost:3000/_next/static/chunks/0stj_next_dist_19zsb-q._.js:776
[ 1803507ms] [LOG] [Fast Refresh] done in 62ms @ http://localhost:3000/_next/static/chunks/0stj_next_dist_19zsb-q._.js:776
[ 1803570ms] [LOG] [Fast Refresh] done in 62ms @ http://localhost:3000/_next/static/chunks/0stj_next_dist_19zsb-q._.js:776
[ 1803634ms] [LOG] [Fast Refresh] done in 62ms @ http://localhost:3000/_next/static/chunks/0stj_next_dist_19zsb-q._.js:776
[ 1803696ms] [LOG] [Fast Refresh] done in 62ms @ http://localhost:3000/_next/static/chunks/0stj_next_dist_19zsb-q._.js:776
[ 1803758ms] [LOG] [Fast Refresh] done in 62ms @ http://localhost:3000/_next/static/chunks/0stj_next_dist_19zsb-q._.js:776
[ 1803822ms] [LOG] [Fast Refresh] done in 62ms @ http://localhost:3000/_next/static/chunks/0stj_next_dist_19zsb-q._.js:776
[ 1803884ms] [LOG] [Fast Refresh] done in 62ms @ http://localhost:3000/_next/static/chunks/0stj_next_dist_19zsb-q._.js:776
[ 1803947ms] [LOG] [Fast Refresh] done in 62ms @ http://localhost:3000/_next/static/chunks/0stj_next_dist_19zsb-q._.js:776
[ 1804010ms] [LOG] [Fast Refresh] done in 62ms @ http://localhost:3000/_next/static/chunks/0stj_next_dist_19zsb-q._.js:776
[ 1804072ms] [LOG] [Fast Refresh] done in 62ms @ http://localhost:3000/_next/static/chunks/0stj_next_dist_19zsb-q._.js:776
[ 1804135ms] [LOG] [Fast Refresh] done in 62ms @ http://localhost:3000/_next/static/chunks/0stj_next_dist_19zsb-q._.js:776
[ 1804197ms] [LOG] [Fast Refresh] done in 62ms @ http://localhost:3000/_next/static/chunks/0stj_next_dist_19zsb-q._.js:776
[ 1804259ms] [LOG] [Fast Refresh] done in 62ms @ http://localhost:3000/_next/static/chunks/0stj_next_dist_19zsb-q._.js:776
[ 1804321ms] [LOG] [Fast Refresh] done in 62ms @ http://localhost:3000/_next/static/chunks/0stj_next_dist_19zsb-q._.js:776
[ 1804383ms] [LOG] [Fast Refresh] done in 62ms @ http://localhost:3000/_next/static/chunks/0stj_next_dist_19zsb-q._.js:776
[ 1804444ms] [LOG] [Fast Refresh] done in 62ms @ http://localhost:3000/_next/static/chunks/0stj_next_dist_19zsb-q._.js:776
[ 1804506ms] [LOG] [Fast Refresh] done in 62ms @ http://localhost:3000/_next/static/chunks/0stj_next_dist_19zsb-q._.js:776
[ 1804569ms] [LOG] [Fast Refresh] done in 62ms @ http://localhost:3000/_next/static/chunks/0stj_next_dist_19zsb-q._.js:776
[ 1804631ms] [LOG] [Fast Refresh] done in 62ms @ http://localhost:3000/_next/static/chunks/0stj_next_dist_19zsb-q._.js:776
[ 1804693ms] [LOG] [Fast Refresh] done in 62ms @ http://localhost:3000/_next/static/chunks/0stj_next_dist_19zsb-q._.js:776
[ 1804755ms] [LOG] [Fast Refresh] done in 62ms @ http://localhost:3000/_next/static/chunks/0stj_next_dist_19zsb-q._.js:776
[ 1804817ms] [LOG] [Fast Refresh] done in 62ms @ http://localhost:3000/_next/static/chunks/0stj_next_dist_19zsb-q._.js:776
[ 1804879ms] [LOG] [Fast Refresh] done in 62ms @ http://localhost:3000/_next/static/chunks/0stj_next_dist_19zsb-q._.js:776
[ 1804941ms] [LOG] [Fast Refresh] done in 62ms @ http://localhost:3000/_next/static/chunks/0stj_next_dist_19zsb-q._.js:776
[ 1805003ms] [LOG] [Fast Refresh] done in 62ms @ http://localhost:3000/_next/static/chunks/0stj_next_dist_19zsb-q._.js:776
[ 1805066ms] [LOG] [Fast Refresh] done in 62ms @ http://localhost:3000/_next/static/chunks/0stj_next_dist_19zsb-q._.js:776
[ 1805129ms] [LOG] [Fast Refresh] done in 62ms @ http://localhost:3000/_next/static/chunks/0stj_next_dist_19zsb-q._.js:776
[ 1805191ms] [LOG] [Fast Refresh] done in 62ms @ http://localhost:3000/_next/static/chunks/0stj_next_dist_19zsb-q._.js:776
[ 1805254ms] [LOG] [Fast Refresh] done in 62ms @ http://localhost:3000/_next/static/chunks/0stj_next_dist_19zsb-q._.js:776
[ 1805317ms] [LOG] [Fast Refresh] done in 62ms @ http://localhost:3000/_next/static/chunks/0stj_next_dist_19zsb-q._.js:776
[ 1805381ms] [LOG] [Fast Refresh] done in 62ms @ http://localhost:3000/_next/static/chunks/0stj_next_dist_19zsb-q._.js:776
[ 1805443ms] [LOG] [Fast Refresh] done in 62ms @ http://localhost:3000/_next/static/chunks/0stj_next_dist_19zsb-q._.js:776
[ 1805505ms] [LOG] [Fast Refresh] done in 62ms @ http://localhost:3000/_next/static/chunks/0stj_next_dist_19zsb-q._.js:776
[ 1805567ms] [LOG] [Fast Refresh] done in 62ms @ http://localhost:3000/_next/static/chunks/0stj_next_dist_19zsb-q._.js:776
[ 1805632ms] [LOG] [Fast Refresh] done in 62ms @ http://localhost:3000/_next/static/chunks/0stj_next_dist_19zsb-q._.js:776
[ 1805694ms] [LOG] [Fast Refresh] done in 62ms @ http://localhost:3000/_next/static/chunks/0stj_next_dist_19zsb-q._.js:776
[ 1805757ms] [LOG] [Fast Refresh] done in 62ms @ http://localhost:3000/_next/static/chunks/0stj_next_dist_19zsb-q._.js:776
[ 1805820ms] [LOG] [Fast Refresh] done in 62ms @ http://localhost:3000/_next/static/chunks/0stj_next_dist_19zsb-q._.js:776
[ 1805882ms] [LOG] [Fast Refresh] done in 62ms @ http://localhost:3000/_next/static/chunks/0stj_next_dist_19zsb-q._.js:776
[ 1805944ms] [LOG] [Fast Refresh] done in 62ms @ http://localhost:3000/_next/static/chunks/0stj_next_dist_19zsb-q._.js:776
[ 1806007ms] [LOG] [Fast Refresh] done in 62ms @ http://localhost:3000/_next/static/chunks/0stj_next_dist_19zsb-q._.js:776
[ 1806070ms] [LOG] [Fast Refresh] done in 62ms @ http://localhost:3000/_next/static/chunks/0stj_next_dist_19zsb-q._.js:776
[ 1806133ms] [LOG] [Fast Refresh] done in 62ms @ http://localhost:3000/_next/static/chunks/0stj_next_dist_19zsb-q._.js:776
[ 1806195ms] [LOG] [Fast Refresh] done in 62ms @ http://localhost:3000/_next/static/chunks/0stj_next_dist_19zsb-q._.js:776
[ 1806258ms] [LOG] [Fast Refresh] done in 62ms @ http://localhost:3000/_next/static/chunks/0stj_next_dist_19zsb-q._.js:776
[ 1806321ms] [LOG] [Fast Refresh] done in 62ms @ http://localhost:3000/_next/static/chunks/0stj_next_dist_19zsb-q._.js:776
[ 1806383ms] [LOG] [Fast Refresh] done in 62ms @ http://localhost:3000/_next/static/chunks/0stj_next_dist_19zsb-q._.js:776
[ 1806445ms] [LOG] [Fast Refresh] done in 62ms @ http://localhost:3000/_next/static/chunks/0stj_next_dist_19zsb-q._.js:776
[ 1806507ms] [LOG] [Fast Refresh] done in 62ms @ http://localhost:3000/_next/static/chunks/0stj_next_dist_19zsb-q._.js:776
[ 1806569ms] [LOG] [Fast Refresh] done in 62ms @ http://localhost:3000/_next/static/chunks/0stj_next_dist_19zsb-q._.js:776
[ 1806631ms] [LOG] [Fast Refresh] done in 62ms @ http://localhost:3000/_next/static/chunks/0stj_next_dist_19zsb-q._.js:776
[ 1806694ms] [LOG] [Fast Refresh] done in 62ms @ http://localhost:3000/_next/static/chunks/0stj_next_dist_19zsb-q._.js:776
[ 1806757ms] [LOG] [Fast Refresh] done in 62ms @ http://localhost:3000/_next/static/chunks/0stj_next_dist_19zsb-q._.js:776
[ 1806819ms] [LOG] [Fast Refresh] done in 62ms @ http://localhost:3000/_next/static/chunks/0stj_next_dist_19zsb-q._.js:776
[ 1806882ms] [LOG] [Fast Refresh] done in 62ms @ http://localhost:3000/_next/static/chunks/0stj_next_dist_19zsb-q._.js:776
[ 1806945ms] [LOG] [Fast Refresh] done in 62ms @ http://localhost:3000/_next/static/chunks/0stj_next_dist_19zsb-q._.js:776
[ 1807008ms] [LOG] [Fast Refresh] done in 62ms @ http://localhost:3000/_next/static/chunks/0stj_next_dist_19zsb-q._.js:776
[ 1807070ms] [LOG] [Fast Refresh] done in 62ms @ http://localhost:3000/_next/static/chunks/0stj_next_dist_19zsb-q._.js:776
[ 1807132ms] [LOG] [Fast Refresh] done in 62ms @ http://localhost:3000/_next/static/chunks/0stj_next_dist_19zsb-q._.js:776
[ 1807194ms] [LOG] [Fast Refresh] done in 62ms @ http://localhost:3000/_next/static/chunks/0stj_next_dist_19zsb-q._.js:776
[ 1807257ms] [LOG] [Fast Refresh] done in 62ms @ http://localhost:3000/_next/static/chunks/0stj_next_dist_19zsb-q._.js:776
[ 1807317ms] [LOG] [Fast Refresh] done in 62ms @ http://localhost:3000/_next/static/chunks/0stj_next_dist_19zsb-q._.js:776
[ 1807379ms] [LOG] [Fast Refresh] done in 62ms @ http://localhost:3000/_next/static/chunks/0stj_next_dist_19zsb-q._.js:776
[ 1807441ms] [LOG] [Fast Refresh] done in 62ms @ http://localhost:3000/_next/static/chunks/0stj_next_dist_19zsb-q._.js:776
[ 1807503ms] [LOG] [Fast Refresh] done in 62ms @ http://localhost:3000/_next/static/chunks/0stj_next_dist_19zsb-q._.js:776
[ 1807566ms] [LOG] [Fast Refresh] done in 62ms @ http://localhost:3000/_next/static/chunks/0stj_next_dist_19zsb-q._.js:776
[ 1807628ms] [LOG] [Fast Refresh] done in 62ms @ http://localhost:3000/_next/static/chunks/0stj_next_dist_19zsb-q._.js:776
[ 1807692ms] [LOG] [Fast Refresh] done in 62ms @ http://localhost:3000/_next/static/chunks/0stj_next_dist_19zsb-q._.js:776
[ 1807755ms] [LOG] [Fast Refresh] done in 62ms @ http://localhost:3000/_next/static/chunks/0stj_next_dist_19zsb-q._.js:776
[ 1807818ms] [LOG] [Fast Refresh] done in 62ms @ http://localhost:3000/_next/static/chunks/0stj_next_dist_19zsb-q._.js:776
[ 1807879ms] [LOG] [Fast Refresh] done in 62ms @ http://localhost:3000/_next/static/chunks/0stj_next_dist_19zsb-q._.js:776
[ 1807944ms] [LOG] [Fast Refresh] done in 62ms @ http://localhost:3000/_next/static/chunks/0stj_next_dist_19zsb-q._.js:776
[ 1808006ms] [LOG] [Fast Refresh] done in 62ms @ http://localhost:3000/_next/static/chunks/0stj_next_dist_19zsb-q._.js:776
[ 1808070ms] [LOG] [Fast Refresh] done in 62ms @ http://localhost:3000/_next/static/chunks/0stj_next_dist_19zsb-q._.js:776
[ 1808133ms] [LOG] [Fast Refresh] done in 62ms @ http://localhost:3000/_next/static/chunks/0stj_next_dist_19zsb-q._.js:776
[ 1808195ms] [LOG] [Fast Refresh] done in 62ms @ http://localhost:3000/_next/static/chunks/0stj_next_dist_19zsb-q._.js:776
[ 1808258ms] [LOG] [Fast Refresh] done in 62ms @ http://localhost:3000/_next/static/chunks/0stj_next_dist_19zsb-q._.js:776
[ 1808320ms] [LOG] [Fast Refresh] done in 62ms @ http://localhost:3000/_next/static/chunks/0stj_next_dist_19zsb-q._.js:776
[ 1808384ms] [LOG] [Fast Refresh] done in 62ms @ http://localhost:3000/_next/static/chunks/0stj_next_dist_19zsb-q._.js:776
[ 1808447ms] [LOG] [Fast Refresh] done in 62ms @ http://localhost:3000/_next/static/chunks/0stj_next_dist_19zsb-q._.js:776
[ 1808511ms] [LOG] [Fast Refresh] done in 62ms @ http://localhost:3000/_next/static/chunks/0stj_next_dist_19zsb-q._.js:776
[ 1808573ms] [LOG] [Fast Refresh] done in 62ms @ http://localhost:3000/_next/static/chunks/0stj_next_dist_19zsb-q._.js:776
[ 1808634ms] [LOG] [Fast Refresh] done in 62ms @ http://localhost:3000/_next/static/chunks/0stj_next_dist_19zsb-q._.js:776
[ 1808696ms] [LOG] [Fast Refresh] done in 62ms @ http://localhost:3000/_next/static/chunks/0stj_next_dist_19zsb-q._.js:776
[ 1808760ms] [LOG] [Fast Refresh] done in 62ms @ http://localhost:3000/_next/static/chunks/0stj_next_dist_19zsb-q._.js:776
[ 1808821ms] [LOG] [Fast Refresh] done in 62ms @ http://localhost:3000/_next/static/chunks/0stj_next_dist_19zsb-q._.js:776
[ 1808884ms] [LOG] [Fast Refresh] done in 62ms @ http://localhost:3000/_next/static/chunks/0stj_next_dist_19zsb-q._.js:776
[ 1808946ms] [LOG] [Fast Refresh] done in 62ms @ http://localhost:3000/_next/static/chunks/0stj_next_dist_19zsb-q._.js:776
[ 1809010ms] [LOG] [Fast Refresh] done in 62ms @ http://localhost:3000/_next/static/chunks/0stj_next_dist_19zsb-q._.js:776
[ 1809073ms] [LOG] [Fast Refresh] done in 62ms @ http://localhost:3000/_next/static/chunks/0stj_next_dist_19zsb-q._.js:776
[ 1809134ms] [LOG] [Fast Refresh] done in 62ms @ http://localhost:3000/_next/static/chunks/0stj_next_dist_19zsb-q._.js:776
[ 1809196ms] [LOG] [Fast Refresh] done in 62ms @ http://localhost:3000/_next/static/chunks/0stj_next_dist_19zsb-q._.js:776
[ 1809258ms] [LOG] [Fast Refresh] done in 62ms @ http://localhost:3000/_next/static/chunks/0stj_next_dist_19zsb-q._.js:776
[ 1809321ms] [LOG] [Fast Refresh] done in 62ms @ http://localhost:3000/_next/static/chunks/0stj_next_dist_19zsb-q._.js:776
[ 1809382ms] [LOG] [Fast Refresh] done in 62ms @ http://localhost:3000/_next/static/chunks/0stj_next_dist_19zsb-q._.js:776
[ 1809445ms] [LOG] [Fast Refresh] done in 62ms @ http://localhost:3000/_next/static/chunks/0stj_next_dist_19zsb-q._.js:776
[ 1809507ms] [LOG] [Fast Refresh] done in 62ms @ http://localhost:3000/_next/static/chunks/0stj_next_dist_19zsb-q._.js:776
[ 1809569ms] [LOG] [Fast Refresh] done in 62ms @ http://localhost:3000/_next/static/chunks/0stj_next_dist_19zsb-q._.js:776
[ 1809631ms] [LOG] [Fast Refresh] done in 62ms @ http://localhost:3000/_next/static/chunks/0stj_next_dist_19zsb-q._.js:776
[ 1809693ms] [LOG] [Fast Refresh] done in 62ms @ http://localhost:3000/_next/static/chunks/0stj_next_dist_19zsb-q._.js:776
[ 1809754ms] [LOG] [Fast Refresh] done in 62ms @ http://localhost:3000/_next/static/chunks/0stj_next_dist_19zsb-q._.js:776
[ 1809817ms] [LOG] [Fast Refresh] done in 62ms @ http://localhost:3000/_next/static/chunks/0stj_next_dist_19zsb-q._.js:776
[ 1809879ms] [LOG] [Fast Refresh] done in 62ms @ http://localhost:3000/_next/static/chunks/0stj_next_dist_19zsb-q._.js:776
[ 1809941ms] [LOG] [Fast Refresh] done in 62ms @ http://localhost:3000/_next/static/chunks/0stj_next_dist_19zsb-q._.js:776
[ 1810003ms] [LOG] [Fast Refresh] done in 62ms @ http://localhost:3000/_next/static/chunks/0stj_next_dist_19zsb-q._.js:776
[ 1810064ms] [LOG] [Fast Refresh] done in 62ms @ http://localhost:3000/_next/static/chunks/0stj_next_dist_19zsb-q._.js:776
[ 1810128ms] [LOG] [Fast Refresh] done in 62ms @ http://localhost:3000/_next/static/chunks/0stj_next_dist_19zsb-q._.js:776
[ 1810190ms] [LOG] [Fast Refresh] done in 62ms @ http://localhost:3000/_next/static/chunks/0stj_next_dist_19zsb-q._.js:776
[ 1810254ms] [LOG] [Fast Refresh] done in 62ms @ http://localhost:3000/_next/static/chunks/0stj_next_dist_19zsb-q._.js:776
[ 1810316ms] [LOG] [Fast Refresh] done in 62ms @ http://localhost:3000/_next/static/chunks/0stj_next_dist_19zsb-q._.js:776
[ 1810379ms] [LOG] [Fast Refresh] done in 62ms @ http://localhost:3000/_next/static/chunks/0stj_next_dist_19zsb-q._.js:776
[ 1810440ms] [LOG] [Fast Refresh] done in 62ms @ http://localhost:3000/_next/static/chunks/0stj_next_dist_19zsb-q._.js:776
[ 1810502ms] [LOG] [Fast Refresh] done in 62ms @ http://localhost:3000/_next/static/chunks/0stj_next_dist_19zsb-q._.js:776
[ 1810566ms] [LOG] [Fast Refresh] done in 62ms @ http://localhost:3000/_next/static/chunks/0stj_next_dist_19zsb-q._.js:776
[ 1810628ms] [LOG] [Fast Refresh] done in 62ms @ http://localhost:3000/_next/static/chunks/0stj_next_dist_19zsb-q._.js:776
[ 1810691ms] [LOG] [Fast Refresh] done in 62ms @ http://localhost:3000/_next/static/chunks/0stj_next_dist_19zsb-q._.js:776
[ 1810754ms] [LOG] [Fast Refresh] done in 62ms @ http://localhost:3000/_next/static/chunks/0stj_next_dist_19zsb-q._.js:776
[ 1810816ms] [LOG] [Fast Refresh] done in 62ms @ http://localhost:3000/_next/static/chunks/0stj_next_dist_19zsb-q._.js:776
[ 1810878ms] [LOG] [Fast Refresh] done in 62ms @ http://localhost:3000/_next/static/chunks/0stj_next_dist_19zsb-q._.js:776
[ 1810941ms] [LOG] [Fast Refresh] done in 62ms @ http://localhost:3000/_next/static/chunks/0stj_next_dist_19zsb-q._.js:776
[ 1811002ms] [LOG] [Fast Refresh] done in 62ms @ http://localhost:3000/_next/static/chunks/0stj_next_dist_19zsb-q._.js:776
[ 1811065ms] [LOG] [Fast Refresh] done in 62ms @ http://localhost:3000/_next/static/chunks/0stj_next_dist_19zsb-q._.js:776
[ 1811127ms] [LOG] [Fast Refresh] done in 62ms @ http://localhost:3000/_next/static/chunks/0stj_next_dist_19zsb-q._.js:776
[ 1811188ms] [LOG] [Fast Refresh] done in 62ms @ http://localhost:3000/_next/static/chunks/0stj_next_dist_19zsb-q._.js:776
[ 1811251ms] [LOG] [Fast Refresh] done in 62ms @ http://localhost:3000/_next/static/chunks/0stj_next_dist_19zsb-q._.js:776
[ 1811314ms] [LOG] [Fast Refresh] done in 62ms @ http://localhost:3000/_next/static/chunks/0stj_next_dist_19zsb-q._.js:776
[ 1811377ms] [LOG] [Fast Refresh] done in 62ms @ http://localhost:3000/_next/static/chunks/0stj_next_dist_19zsb-q._.js:776
[ 1811440ms] [LOG] [Fast Refresh] done in 62ms @ http://localhost:3000/_next/static/chunks/0stj_next_dist_19zsb-q._.js:776
[ 1811501ms] [LOG] [Fast Refresh] done in 62ms @ http://localhost:3000/_next/static/chunks/0stj_next_dist_19zsb-q._.js:776
[ 1811564ms] [LOG] [Fast Refresh] done in 62ms @ http://localhost:3000/_next/static/chunks/0stj_next_dist_19zsb-q._.js:776
[ 1811626ms] [LOG] [Fast Refresh] done in 62ms @ http://localhost:3000/_next/static/chunks/0stj_next_dist_19zsb-q._.js:776
[ 1811688ms] [LOG] [Fast Refresh] done in 62ms @ http://localhost:3000/_next/static/chunks/0stj_next_dist_19zsb-q._.js:776
[ 1811751ms] [LOG] [Fast Refresh] done in 62ms @ http://localhost:3000/_next/static/chunks/0stj_next_dist_19zsb-q._.js:776
[ 1811813ms] [LOG] [Fast Refresh] done in 62ms @ http://localhost:3000/_next/static/chunks/0stj_next_dist_19zsb-q._.js:776
[ 1811876ms] [LOG] [Fast Refresh] done in 62ms @ http://localhost:3000/_next/static/chunks/0stj_next_dist_19zsb-q._.js:776
[ 1811938ms] [LOG] [Fast Refresh] done in 62ms @ http://localhost:3000/_next/static/chunks/0stj_next_dist_19zsb-q._.js:776
[ 1812000ms] [LOG] [Fast Refresh] done in 62ms @ http://localhost:3000/_next/static/chunks/0stj_next_dist_19zsb-q._.js:776
[ 1812062ms] [LOG] [Fast Refresh] done in 62ms @ http://localhost:3000/_next/static/chunks/0stj_next_dist_19zsb-q._.js:776
[ 1812125ms] [LOG] [Fast Refresh] done in 62ms @ http://localhost:3000/_next/static/chunks/0stj_next_dist_19zsb-q._.js:776
[ 1812187ms] [LOG] [Fast Refresh] done in 62ms @ http://localhost:3000/_next/static/chunks/0stj_next_dist_19zsb-q._.js:776
[ 1812250ms] [LOG] [Fast Refresh] done in 62ms @ http://localhost:3000/_next/static/chunks/0stj_next_dist_19zsb-q._.js:776
[ 1812312ms] [LOG] [Fast Refresh] done in 62ms @ http://localhost:3000/_next/static/chunks/0stj_next_dist_19zsb-q._.js:776
[ 1812374ms] [LOG] [Fast Refresh] done in 62ms @ http://localhost:3000/_next/static/chunks/0stj_next_dist_19zsb-q._.js:776
[ 1812438ms] [LOG] [Fast Refresh] done in 62ms @ http://localhost:3000/_next/static/chunks/0stj_next_dist_19zsb-q._.js:776
[ 1812501ms] [LOG] [Fast Refresh] done in 62ms @ http://localhost:3000/_next/static/chunks/0stj_next_dist_19zsb-q._.js:776
[ 1812562ms] [LOG] [Fast Refresh] done in 62ms @ http://localhost:3000/_next/static/chunks/0stj_next_dist_19zsb-q._.js:776
[ 1812625ms] [LOG] [Fast Refresh] done in 62ms @ http://localhost:3000/_next/static/chunks/0stj_next_dist_19zsb-q._.js:776
[ 1812688ms] [LOG] [Fast Refresh] done in 62ms @ http://localhost:3000/_next/static/chunks/0stj_next_dist_19zsb-q._.js:776
[ 1812749ms] [LOG] [Fast Refresh] done in 62ms @ http://localhost:3000/_next/static/chunks/0stj_next_dist_19zsb-q._.js:776
[ 1812810ms] [LOG] [Fast Refresh] done in 62ms @ http://localhost:3000/_next/static/chunks/0stj_next_dist_19zsb-q._.js:776
[ 1812894ms] [LOG] [Fast Refresh] done in 62ms @ http://localhost:3000/_next/static/chunks/0stj_next_dist_19zsb-q._.js:776
[ 1812950ms] [LOG] [Fast Refresh] done in 62ms @ http://localhost:3000/_next/static/chunks/0stj_next_dist_19zsb-q._.js:776
[ 1813027ms] [LOG] [Fast Refresh] done in 62ms @ http://localhost:3000/_next/static/chunks/0stj_next_dist_19zsb-q._.js:776
[ 1813090ms] [LOG] [Fast Refresh] done in 62ms @ http://localhost:3000/_next/static/chunks/0stj_next_dist_19zsb-q._.js:776
[ 1813153ms] [LOG] [Fast Refresh] done in 62ms @ http://localhost:3000/_next/static/chunks/0stj_next_dist_19zsb-q._.js:776
[ 1813215ms] [LOG] [Fast Refresh] done in 62ms @ http://localhost:3000/_next/static/chunks/0stj_next_dist_19zsb-q._.js:776
[ 1813278ms] [LOG] [Fast Refresh] done in 62ms @ http://localhost:3000/_next/static/chunks/0stj_next_dist_19zsb-q._.js:776
[ 1813340ms] [LOG] [Fast Refresh] done in 62ms @ http://localhost:3000/_next/static/chunks/0stj_next_dist_19zsb-q._.js:776
[ 1813402ms] [LOG] [Fast Refresh] done in 62ms @ http://localhost:3000/_next/static/chunks/0stj_next_dist_19zsb-q._.js:776
[ 1813463ms] [LOG] [Fast Refresh] done in 62ms @ http://localhost:3000/_next/static/chunks/0stj_next_dist_19zsb-q._.js:776
[ 1813525ms] [LOG] [Fast Refresh] done in 62ms @ http://localhost:3000/_next/static/chunks/0stj_next_dist_19zsb-q._.js:776
[ 1813586ms] [LOG] [Fast Refresh] done in 62ms @ http://localhost:3000/_next/static/chunks/0stj_next_dist_19zsb-q._.js:776
[ 1813649ms] [LOG] [Fast Refresh] done in 62ms @ http://localhost:3000/_next/static/chunks/0stj_next_dist_19zsb-q._.js:776
[ 1813711ms] [LOG] [Fast Refresh] done in 62ms @ http://localhost:3000/_next/static/chunks/0stj_next_dist_19zsb-q._.js:776
[ 1813773ms] [LOG] [Fast Refresh] done in 62ms @ http://localhost:3000/_next/static/chunks/0stj_next_dist_19zsb-q._.js:776
[ 1813836ms] [LOG] [Fast Refresh] done in 62ms @ http://localhost:3000/_next/static/chunks/0stj_next_dist_19zsb-q._.js:776
[ 1813897ms] [LOG] [Fast Refresh] done in 62ms @ http://localhost:3000/_next/static/chunks/0stj_next_dist_19zsb-q._.js:776
[ 1813960ms] [LOG] [Fast Refresh] done in 62ms @ http://localhost:3000/_next/static/chunks/0stj_next_dist_19zsb-q._.js:776
[ 1814021ms] [LOG] [Fast Refresh] done in 62ms @ http://localhost:3000/_next/static/chunks/0stj_next_dist_19zsb-q._.js:776
[ 1814084ms] [LOG] [Fast Refresh] done in 62ms @ http://localhost:3000/_next/static/chunks/0stj_next_dist_19zsb-q._.js:776
[ 1814146ms] [LOG] [Fast Refresh] done in 62ms @ http://localhost:3000/_next/static/chunks/0stj_next_dist_19zsb-q._.js:776
[ 1814209ms] [LOG] [Fast Refresh] done in 62ms @ http://localhost:3000/_next/static/chunks/0stj_next_dist_19zsb-q._.js:776
[ 1814271ms] [LOG] [Fast Refresh] done in 62ms @ http://localhost:3000/_next/static/chunks/0stj_next_dist_19zsb-q._.js:776
[ 1814334ms] [LOG] [Fast Refresh] done in 62ms @ http://localhost:3000/_next/static/chunks/0stj_next_dist_19zsb-q._.js:776
[ 1814396ms] [LOG] [Fast Refresh] done in 62ms @ http://localhost:3000/_next/static/chunks/0stj_next_dist_19zsb-q._.js:776
[ 1814457ms] [LOG] [Fast Refresh] done in 62ms @ http://localhost:3000/_next/static/chunks/0stj_next_dist_19zsb-q._.js:776
[ 1814520ms] [LOG] [Fast Refresh] done in 62ms @ http://localhost:3000/_next/static/chunks/0stj_next_dist_19zsb-q._.js:776
[ 1814582ms] [LOG] [Fast Refresh] done in 62ms @ http://localhost:3000/_next/static/chunks/0stj_next_dist_19zsb-q._.js:776
[ 1814642ms] [LOG] [Fast Refresh] done in 62ms @ http://localhost:3000/_next/static/chunks/0stj_next_dist_19zsb-q._.js:776
[ 1814704ms] [LOG] [Fast Refresh] done in 62ms @ http://localhost:3000/_next/static/chunks/0stj_next_dist_19zsb-q._.js:776
[ 1814767ms] [LOG] [Fast Refresh] done in 62ms @ http://localhost:3000/_next/static/chunks/0stj_next_dist_19zsb-q._.js:776
[ 1814829ms] [LOG] [Fast Refresh] done in 62ms @ http://localhost:3000/_next/static/chunks/0stj_next_dist_19zsb-q._.js:776
[ 1814892ms] [LOG] [Fast Refresh] done in 62ms @ http://localhost:3000/_next/static/chunks/0stj_next_dist_19zsb-q._.js:776
[ 1814954ms] [LOG] [Fast Refresh] done in 62ms @ http://localhost:3000/_next/static/chunks/0stj_next_dist_19zsb-q._.js:776
[ 1815016ms] [LOG] [Fast Refresh] done in 62ms @ http://localhost:3000/_next/static/chunks/0stj_next_dist_19zsb-q._.js:776
[ 1815078ms] [LOG] [Fast Refresh] done in 62ms @ http://localhost:3000/_next/static/chunks/0stj_next_dist_19zsb-q._.js:776
[ 1815139ms] [LOG] [Fast Refresh] done in 62ms @ http://localhost:3000/_next/static/chunks/0stj_next_dist_19zsb-q._.js:776
[ 1815200ms] [LOG] [Fast Refresh] done in 62ms @ http://localhost:3000/_next/static/chunks/0stj_next_dist_19zsb-q._.js:776
[ 1815264ms] [LOG] [Fast Refresh] done in 62ms @ http://localhost:3000/_next/static/chunks/0stj_next_dist_19zsb-q._.js:776
[ 1815327ms] [LOG] [Fast Refresh] done in 62ms @ http://localhost:3000/_next/static/chunks/0stj_next_dist_19zsb-q._.js:776
[ 1815389ms] [LOG] [Fast Refresh] done in 62ms @ http://localhost:3000/_next/static/chunks/0stj_next_dist_19zsb-q._.js:776
[ 1815452ms] [LOG] [Fast Refresh] done in 62ms @ http://localhost:3000/_next/static/chunks/0stj_next_dist_19zsb-q._.js:776
[ 1815515ms] [LOG] [Fast Refresh] done in 62ms @ http://localhost:3000/_next/static/chunks/0stj_next_dist_19zsb-q._.js:776
[ 1815576ms] [LOG] [Fast Refresh] done in 62ms @ http://localhost:3000/_next/static/chunks/0stj_next_dist_19zsb-q._.js:776
[ 1815637ms] [LOG] [Fast Refresh] done in 62ms @ http://localhost:3000/_next/static/chunks/0stj_next_dist_19zsb-q._.js:776
[ 1815699ms] [LOG] [Fast Refresh] done in 62ms @ http://localhost:3000/_next/static/chunks/0stj_next_dist_19zsb-q._.js:776
[ 1815761ms] [LOG] [Fast Refresh] done in 62ms @ http://localhost:3000/_next/static/chunks/0stj_next_dist_19zsb-q._.js:776
[ 1815824ms] [LOG] [Fast Refresh] done in 62ms @ http://localhost:3000/_next/static/chunks/0stj_next_dist_19zsb-q._.js:776
[ 1815887ms] [LOG] [Fast Refresh] done in 62ms @ http://localhost:3000/_next/static/chunks/0stj_next_dist_19zsb-q._.js:776
[ 1815948ms] [LOG] [Fast Refresh] done in 62ms @ http://localhost:3000/_next/static/chunks/0stj_next_dist_19zsb-q._.js:776
[ 1816010ms] [LOG] [Fast Refresh] done in 62ms @ http://localhost:3000/_next/static/chunks/0stj_next_dist_19zsb-q._.js:776
[ 1816074ms] [LOG] [Fast Refresh] done in 62ms @ http://localhost:3000/_next/static/chunks/0stj_next_dist_19zsb-q._.js:776
[ 1816136ms] [LOG] [Fast Refresh] done in 62ms @ http://localhost:3000/_next/static/chunks/0stj_next_dist_19zsb-q._.js:776
[ 1816198ms] [LOG] [Fast Refresh] done in 62ms @ http://localhost:3000/_next/static/chunks/0stj_next_dist_19zsb-q._.js:776
[ 1816260ms] [LOG] [Fast Refresh] done in 62ms @ http://localhost:3000/_next/static/chunks/0stj_next_dist_19zsb-q._.js:776
[ 1816324ms] [LOG] [Fast Refresh] done in 62ms @ http://localhost:3000/_next/static/chunks/0stj_next_dist_19zsb-q._.js:776
[ 1816386ms] [LOG] [Fast Refresh] done in 62ms @ http://localhost:3000/_next/static/chunks/0stj_next_dist_19zsb-q._.js:776
[ 1816448ms] [LOG] [Fast Refresh] done in 62ms @ http://localhost:3000/_next/static/chunks/0stj_next_dist_19zsb-q._.js:776
[ 1816511ms] [LOG] [Fast Refresh] done in 62ms @ http://localhost:3000/_next/static/chunks/0stj_next_dist_19zsb-q._.js:776
[ 1816572ms] [LOG] [Fast Refresh] done in 62ms @ http://localhost:3000/_next/static/chunks/0stj_next_dist_19zsb-q._.js:776
[ 1816634ms] [LOG] [Fast Refresh] done in 62ms @ http://localhost:3000/_next/static/chunks/0stj_next_dist_19zsb-q._.js:776
[ 1816695ms] [LOG] [Fast Refresh] done in 62ms @ http://localhost:3000/_next/static/chunks/0stj_next_dist_19zsb-q._.js:776
[ 1816756ms] [LOG] [Fast Refresh] done in 62ms @ http://localhost:3000/_next/static/chunks/0stj_next_dist_19zsb-q._.js:776
[ 1816819ms] [LOG] [Fast Refresh] done in 62ms @ http://localhost:3000/_next/static/chunks/0stj_next_dist_19zsb-q._.js:776
[ 1816882ms] [LOG] [Fast Refresh] done in 62ms @ http://localhost:3000/_next/static/chunks/0stj_next_dist_19zsb-q._.js:776
[ 1816945ms] [LOG] [Fast Refresh] done in 62ms @ http://localhost:3000/_next/static/chunks/0stj_next_dist_19zsb-q._.js:776
[ 1817008ms] [LOG] [Fast Refresh] done in 62ms @ http://localhost:3000/_next/static/chunks/0stj_next_dist_19zsb-q._.js:776
[ 1817071ms] [LOG] [Fast Refresh] done in 62ms @ http://localhost:3000/_next/static/chunks/0stj_next_dist_19zsb-q._.js:776
[ 1817134ms] [LOG] [Fast Refresh] done in 62ms @ http://localhost:3000/_next/static/chunks/0stj_next_dist_19zsb-q._.js:776
[ 1817197ms] [LOG] [Fast Refresh] done in 62ms @ http://localhost:3000/_next/static/chunks/0stj_next_dist_19zsb-q._.js:776
[ 1817260ms] [LOG] [Fast Refresh] done in 62ms @ http://localhost:3000/_next/static/chunks/0stj_next_dist_19zsb-q._.js:776
[ 1817322ms] [LOG] [Fast Refresh] done in 62ms @ http://localhost:3000/_next/static/chunks/0stj_next_dist_19zsb-q._.js:776
[ 1817383ms] [LOG] [Fast Refresh] done in 62ms @ http://localhost:3000/_next/static/chunks/0stj_next_dist_19zsb-q._.js:776
[ 1817445ms] [LOG] [Fast Refresh] done in 62ms @ http://localhost:3000/_next/static/chunks/0stj_next_dist_19zsb-q._.js:776
[ 1817508ms] [LOG] [Fast Refresh] done in 62ms @ http://localhost:3000/_next/static/chunks/0stj_next_dist_19zsb-q._.js:776
[ 1817570ms] [LOG] [Fast Refresh] done in 62ms @ http://localhost:3000/_next/static/chunks/0stj_next_dist_19zsb-q._.js:776
[ 1817633ms] [LOG] [Fast Refresh] done in 62ms @ http://localhost:3000/_next/static/chunks/0stj_next_dist_19zsb-q._.js:776
[ 1817696ms] [LOG] [Fast Refresh] done in 62ms @ http://localhost:3000/_next/static/chunks/0stj_next_dist_19zsb-q._.js:776
[ 1817759ms] [LOG] [Fast Refresh] done in 62ms @ http://localhost:3000/_next/static/chunks/0stj_next_dist_19zsb-q._.js:776
[ 1817822ms] [LOG] [Fast Refresh] done in 62ms @ http://localhost:3000/_next/static/chunks/0stj_next_dist_19zsb-q._.js:776
[ 1817885ms] [LOG] [Fast Refresh] done in 62ms @ http://localhost:3000/_next/static/chunks/0stj_next_dist_19zsb-q._.js:776
[ 1817948ms] [LOG] [Fast Refresh] done in 62ms @ http://localhost:3000/_next/static/chunks/0stj_next_dist_19zsb-q._.js:776
[ 1818010ms] [LOG] [Fast Refresh] done in 62ms @ http://localhost:3000/_next/static/chunks/0stj_next_dist_19zsb-q._.js:776
[ 1818074ms] [LOG] [Fast Refresh] done in 62ms @ http://localhost:3000/_next/static/chunks/0stj_next_dist_19zsb-q._.js:776
[ 1818135ms] [LOG] [Fast Refresh] done in 62ms @ http://localhost:3000/_next/static/chunks/0stj_next_dist_19zsb-q._.js:776
[ 1818196ms] [LOG] [Fast Refresh] done in 62ms @ http://localhost:3000/_next/static/chunks/0stj_next_dist_19zsb-q._.js:776
[ 1818259ms] [LOG] [Fast Refresh] done in 62ms @ http://localhost:3000/_next/static/chunks/0stj_next_dist_19zsb-q._.js:776
[ 1818322ms] [LOG] [Fast Refresh] done in 62ms @ http://localhost:3000/_next/static/chunks/0stj_next_dist_19zsb-q._.js:776
[ 1818385ms] [LOG] [Fast Refresh] done in 62ms @ http://localhost:3000/_next/static/chunks/0stj_next_dist_19zsb-q._.js:776
[ 1818449ms] [LOG] [Fast Refresh] done in 62ms @ http://localhost:3000/_next/static/chunks/0stj_next_dist_19zsb-q._.js:776
[ 1818512ms] [LOG] [Fast Refresh] done in 62ms @ http://localhost:3000/_next/static/chunks/0stj_next_dist_19zsb-q._.js:776
[ 1818575ms] [LOG] [Fast Refresh] done in 62ms @ http://localhost:3000/_next/static/chunks/0stj_next_dist_19zsb-q._.js:776
[ 1818637ms] [LOG] [Fast Refresh] done in 62ms @ http://localhost:3000/_next/static/chunks/0stj_next_dist_19zsb-q._.js:776
[ 1818700ms] [LOG] [Fast Refresh] done in 62ms @ http://localhost:3000/_next/static/chunks/0stj_next_dist_19zsb-q._.js:776
[ 1818763ms] [LOG] [Fast Refresh] done in 62ms @ http://localhost:3000/_next/static/chunks/0stj_next_dist_19zsb-q._.js:776
[ 1818826ms] [LOG] [Fast Refresh] done in 62ms @ http://localhost:3000/_next/static/chunks/0stj_next_dist_19zsb-q._.js:776
[ 1818889ms] [LOG] [Fast Refresh] done in 62ms @ http://localhost:3000/_next/static/chunks/0stj_next_dist_19zsb-q._.js:776
[ 1818951ms] [LOG] [Fast Refresh] done in 62ms @ http://localhost:3000/_next/static/chunks/0stj_next_dist_19zsb-q._.js:776
[ 1819013ms] [LOG] [Fast Refresh] done in 62ms @ http://localhost:3000/_next/static/chunks/0stj_next_dist_19zsb-q._.js:776
[ 1819076ms] [LOG] [Fast Refresh] done in 62ms @ http://localhost:3000/_next/static/chunks/0stj_next_dist_19zsb-q._.js:776
[ 1819138ms] [LOG] [Fast Refresh] done in 62ms @ http://localhost:3000/_next/static/chunks/0stj_next_dist_19zsb-q._.js:776
[ 1819200ms] [LOG] [Fast Refresh] done in 62ms @ http://localhost:3000/_next/static/chunks/0stj_next_dist_19zsb-q._.js:776
[ 1819262ms] [LOG] [Fast Refresh] done in 62ms @ http://localhost:3000/_next/static/chunks/0stj_next_dist_19zsb-q._.js:776
[ 1819324ms] [LOG] [Fast Refresh] done in 62ms @ http://localhost:3000/_next/static/chunks/0stj_next_dist_19zsb-q._.js:776
[ 1819385ms] [LOG] [Fast Refresh] done in 62ms @ http://localhost:3000/_next/static/chunks/0stj_next_dist_19zsb-q._.js:776
[ 1819447ms] [LOG] [Fast Refresh] done in 62ms @ http://localhost:3000/_next/static/chunks/0stj_next_dist_19zsb-q._.js:776
[ 1819510ms] [LOG] [Fast Refresh] done in 62ms @ http://localhost:3000/_next/static/chunks/0stj_next_dist_19zsb-q._.js:776
[ 1819573ms] [LOG] [Fast Refresh] done in 62ms @ http://localhost:3000/_next/static/chunks/0stj_next_dist_19zsb-q._.js:776
[ 1819632ms] [LOG] [Fast Refresh] done in 62ms @ http://localhost:3000/_next/static/chunks/0stj_next_dist_19zsb-q._.js:776
[ 1819695ms] [LOG] [Fast Refresh] done in 62ms @ http://localhost:3000/_next/static/chunks/0stj_next_dist_19zsb-q._.js:776
[ 1819757ms] [LOG] [Fast Refresh] done in 62ms @ http://localhost:3000/_next/static/chunks/0stj_next_dist_19zsb-q._.js:776
[ 1819820ms] [LOG] [Fast Refresh] done in 62ms @ http://localhost:3000/_next/static/chunks/0stj_next_dist_19zsb-q._.js:776
[ 1819882ms] [LOG] [Fast Refresh] done in 62ms @ http://localhost:3000/_next/static/chunks/0stj_next_dist_19zsb-q._.js:776
[ 1819945ms] [LOG] [Fast Refresh] done in 62ms @ http://localhost:3000/_next/static/chunks/0stj_next_dist_19zsb-q._.js:776
[ 1820007ms] [LOG] [Fast Refresh] done in 62ms @ http://localhost:3000/_next/static/chunks/0stj_next_dist_19zsb-q._.js:776
[ 1820071ms] [LOG] [Fast Refresh] done in 62ms @ http://localhost:3000/_next/static/chunks/0stj_next_dist_19zsb-q._.js:776
[ 1820133ms] [LOG] [Fast Refresh] done in 62ms @ http://localhost:3000/_next/static/chunks/0stj_next_dist_19zsb-q._.js:776
[ 1820197ms] [LOG] [Fast Refresh] done in 62ms @ http://localhost:3000/_next/static/chunks/0stj_next_dist_19zsb-q._.js:776
[ 1820259ms] [LOG] [Fast Refresh] done in 62ms @ http://localhost:3000/_next/static/chunks/0stj_next_dist_19zsb-q._.js:776
[ 1820321ms] [LOG] [Fast Refresh] done in 62ms @ http://localhost:3000/_next/static/chunks/0stj_next_dist_19zsb-q._.js:776
[ 1820383ms] [LOG] [Fast Refresh] done in 62ms @ http://localhost:3000/_next/static/chunks/0stj_next_dist_19zsb-q._.js:776
[ 1820444ms] [LOG] [Fast Refresh] done in 62ms @ http://localhost:3000/_next/static/chunks/0stj_next_dist_19zsb-q._.js:776
[ 1820507ms] [LOG] [Fast Refresh] done in 62ms @ http://localhost:3000/_next/static/chunks/0stj_next_dist_19zsb-q._.js:776
[ 1820570ms] [LOG] [Fast Refresh] done in 62ms @ http://localhost:3000/_next/static/chunks/0stj_next_dist_19zsb-q._.js:776
[ 1820631ms] [LOG] [Fast Refresh] done in 62ms @ http://localhost:3000/_next/static/chunks/0stj_next_dist_19zsb-q._.js:776
[ 1820693ms] [LOG] [Fast Refresh] done in 62ms @ http://localhost:3000/_next/static/chunks/0stj_next_dist_19zsb-q._.js:776
[ 1820755ms] [LOG] [Fast Refresh] done in 62ms @ http://localhost:3000/_next/static/chunks/0stj_next_dist_19zsb-q._.js:776
[ 1820816ms] [LOG] [Fast Refresh] done in 62ms @ http://localhost:3000/_next/static/chunks/0stj_next_dist_19zsb-q._.js:776
[ 1820877ms] [LOG] [Fast Refresh] done in 62ms @ http://localhost:3000/_next/static/chunks/0stj_next_dist_19zsb-q._.js:776
[ 1820939ms] [LOG] [Fast Refresh] done in 62ms @ http://localhost:3000/_next/static/chunks/0stj_next_dist_19zsb-q._.js:776
[ 1821000ms] [LOG] [Fast Refresh] done in 62ms @ http://localhost:3000/_next/static/chunks/0stj_next_dist_19zsb-q._.js:776
[ 1821063ms] [LOG] [Fast Refresh] done in 62ms @ http://localhost:3000/_next/static/chunks/0stj_next_dist_19zsb-q._.js:776
[ 1821125ms] [LOG] [Fast Refresh] done in 62ms @ http://localhost:3000/_next/static/chunks/0stj_next_dist_19zsb-q._.js:776
[ 1821188ms] [LOG] [Fast Refresh] done in 62ms @ http://localhost:3000/_next/static/chunks/0stj_next_dist_19zsb-q._.js:776
[ 1821249ms] [LOG] [Fast Refresh] done in 62ms @ http://localhost:3000/_next/static/chunks/0stj_next_dist_19zsb-q._.js:776
[ 1821312ms] [LOG] [Fast Refresh] done in 62ms @ http://localhost:3000/_next/static/chunks/0stj_next_dist_19zsb-q._.js:776
[ 1821374ms] [LOG] [Fast Refresh] done in 62ms @ http://localhost:3000/_next/static/chunks/0stj_next_dist_19zsb-q._.js:776
[ 1821439ms] [LOG] [Fast Refresh] done in 62ms @ http://localhost:3000/_next/static/chunks/0stj_next_dist_19zsb-q._.js:776
[ 1821501ms] [LOG] [Fast Refresh] done in 62ms @ http://localhost:3000/_next/static/chunks/0stj_next_dist_19zsb-q._.js:776
[ 1821563ms] [LOG] [Fast Refresh] done in 62ms @ http://localhost:3000/_next/static/chunks/0stj_next_dist_19zsb-q._.js:776
[ 1821626ms] [LOG] [Fast Refresh] done in 62ms @ http://localhost:3000/_next/static/chunks/0stj_next_dist_19zsb-q._.js:776
[ 1821690ms] [LOG] [Fast Refresh] done in 62ms @ http://localhost:3000/_next/static/chunks/0stj_next_dist_19zsb-q._.js:776
[ 1821752ms] [LOG] [Fast Refresh] done in 62ms @ http://localhost:3000/_next/static/chunks/0stj_next_dist_19zsb-q._.js:776
[ 1821815ms] [LOG] [Fast Refresh] done in 62ms @ http://localhost:3000/_next/static/chunks/0stj_next_dist_19zsb-q._.js:776
[ 1821876ms] [LOG] [Fast Refresh] done in 62ms @ http://localhost:3000/_next/static/chunks/0stj_next_dist_19zsb-q._.js:776
[ 1821938ms] [LOG] [Fast Refresh] done in 62ms @ http://localhost:3000/_next/static/chunks/0stj_next_dist_19zsb-q._.js:776
[ 1821998ms] [LOG] [Fast Refresh] done in 62ms @ http://localhost:3000/_next/static/chunks/0stj_next_dist_19zsb-q._.js:776
[ 1822061ms] [LOG] [Fast Refresh] done in 62ms @ http://localhost:3000/_next/static/chunks/0stj_next_dist_19zsb-q._.js:776
[ 1822124ms] [LOG] [Fast Refresh] done in 62ms @ http://localhost:3000/_next/static/chunks/0stj_next_dist_19zsb-q._.js:776
[ 1822186ms] [LOG] [Fast Refresh] done in 62ms @ http://localhost:3000/_next/static/chunks/0stj_next_dist_19zsb-q._.js:776
[ 1822247ms] [LOG] [Fast Refresh] done in 62ms @ http://localhost:3000/_next/static/chunks/0stj_next_dist_19zsb-q._.js:776
[ 1822312ms] [LOG] [Fast Refresh] done in 62ms @ http://localhost:3000/_next/static/chunks/0stj_next_dist_19zsb-q._.js:776
[ 1822375ms] [LOG] [Fast Refresh] done in 62ms @ http://localhost:3000/_next/static/chunks/0stj_next_dist_19zsb-q._.js:776
[ 1822436ms] [LOG] [Fast Refresh] done in 62ms @ http://localhost:3000/_next/static/chunks/0stj_next_dist_19zsb-q._.js:776
[ 1822497ms] [LOG] [Fast Refresh] done in 62ms @ http://localhost:3000/_next/static/chunks/0stj_next_dist_19zsb-q._.js:776
[ 1822560ms] [LOG] [Fast Refresh] done in 62ms @ http://localhost:3000/_next/static/chunks/0stj_next_dist_19zsb-q._.js:776
[ 1822622ms] [LOG] [Fast Refresh] done in 62ms @ http://localhost:3000/_next/static/chunks/0stj_next_dist_19zsb-q._.js:776
[ 1822684ms] [LOG] [Fast Refresh] done in 62ms @ http://localhost:3000/_next/static/chunks/0stj_next_dist_19zsb-q._.js:776
[ 1822745ms] [LOG] [Fast Refresh] done in 62ms @ http://localhost:3000/_next/static/chunks/0stj_next_dist_19zsb-q._.js:776
[ 1822806ms] [LOG] [Fast Refresh] done in 62ms @ http://localhost:3000/_next/static/chunks/0stj_next_dist_19zsb-q._.js:776
[ 1822870ms] [LOG] [Fast Refresh] done in 62ms @ http://localhost:3000/_next/static/chunks/0stj_next_dist_19zsb-q._.js:776
[ 1822934ms] [LOG] [Fast Refresh] done in 62ms @ http://localhost:3000/_next/static/chunks/0stj_next_dist_19zsb-q._.js:776
[ 1822995ms] [LOG] [Fast Refresh] done in 62ms @ http://localhost:3000/_next/static/chunks/0stj_next_dist_19zsb-q._.js:776
[ 1823058ms] [LOG] [Fast Refresh] done in 62ms @ http://localhost:3000/_next/static/chunks/0stj_next_dist_19zsb-q._.js:776
[ 1823121ms] [LOG] [Fast Refresh] done in 62ms @ http://localhost:3000/_next/static/chunks/0stj_next_dist_19zsb-q._.js:776
[ 1823184ms] [LOG] [Fast Refresh] done in 62ms @ http://localhost:3000/_next/static/chunks/0stj_next_dist_19zsb-q._.js:776
[ 1823247ms] [LOG] [Fast Refresh] done in 62ms @ http://localhost:3000/_next/static/chunks/0stj_next_dist_19zsb-q._.js:776
[ 1823310ms] [LOG] [Fast Refresh] done in 62ms @ http://localhost:3000/_next/static/chunks/0stj_next_dist_19zsb-q._.js:776
[ 1823373ms] [LOG] [Fast Refresh] done in 62ms @ http://localhost:3000/_next/static/chunks/0stj_next_dist_19zsb-q._.js:776
[ 1823452ms] [LOG] [Fast Refresh] done in 62ms @ http://localhost:3000/_next/static/chunks/0stj_next_dist_19zsb-q._.js:776
[ 1823515ms] [LOG] [Fast Refresh] done in 62ms @ http://localhost:3000/_next/static/chunks/0stj_next_dist_19zsb-q._.js:776
[ 1823577ms] [LOG] [Fast Refresh] done in 62ms @ http://localhost:3000/_next/static/chunks/0stj_next_dist_19zsb-q._.js:776
[ 1823639ms] [LOG] [Fast Refresh] done in 62ms @ http://localhost:3000/_next/static/chunks/0stj_next_dist_19zsb-q._.js:776
[ 1823701ms] [LOG] [Fast Refresh] done in 62ms @ http://localhost:3000/_next/static/chunks/0stj_next_dist_19zsb-q._.js:776
[ 1823764ms] [LOG] [Fast Refresh] done in 62ms @ http://localhost:3000/_next/static/chunks/0stj_next_dist_19zsb-q._.js:776
[ 1823825ms] [LOG] [Fast Refresh] done in 62ms @ http://localhost:3000/_next/static/chunks/0stj_next_dist_19zsb-q._.js:776
[ 1823887ms] [LOG] [Fast Refresh] done in 62ms @ http://localhost:3000/_next/static/chunks/0stj_next_dist_19zsb-q._.js:776
[ 1823949ms] [LOG] [Fast Refresh] done in 62ms @ http://localhost:3000/_next/static/chunks/0stj_next_dist_19zsb-q._.js:776
[ 1824011ms] [LOG] [Fast Refresh] done in 62ms @ http://localhost:3000/_next/static/chunks/0stj_next_dist_19zsb-q._.js:776
[ 1824072ms] [LOG] [Fast Refresh] done in 62ms @ http://localhost:3000/_next/static/chunks/0stj_next_dist_19zsb-q._.js:776
[ 1824134ms] [LOG] [Fast Refresh] done in 62ms @ http://localhost:3000/_next/static/chunks/0stj_next_dist_19zsb-q._.js:776
[ 1824196ms] [LOG] [Fast Refresh] done in 62ms @ http://localhost:3000/_next/static/chunks/0stj_next_dist_19zsb-q._.js:776
[ 1824258ms] [LOG] [Fast Refresh] done in 62ms @ http://localhost:3000/_next/static/chunks/0stj_next_dist_19zsb-q._.js:776
[ 1824321ms] [LOG] [Fast Refresh] done in 62ms @ http://localhost:3000/_next/static/chunks/0stj_next_dist_19zsb-q._.js:776
[ 1824384ms] [LOG] [Fast Refresh] done in 62ms @ http://localhost:3000/_next/static/chunks/0stj_next_dist_19zsb-q._.js:776
[ 1824447ms] [LOG] [Fast Refresh] done in 62ms @ http://localhost:3000/_next/static/chunks/0stj_next_dist_19zsb-q._.js:776
[ 1824508ms] [LOG] [Fast Refresh] done in 62ms @ http://localhost:3000/_next/static/chunks/0stj_next_dist_19zsb-q._.js:776
[ 1824571ms] [LOG] [Fast Refresh] done in 62ms @ http://localhost:3000/_next/static/chunks/0stj_next_dist_19zsb-q._.js:776
[ 1824634ms] [LOG] [Fast Refresh] done in 62ms @ http://localhost:3000/_next/static/chunks/0stj_next_dist_19zsb-q._.js:776
[ 1824696ms] [LOG] [Fast Refresh] done in 62ms @ http://localhost:3000/_next/static/chunks/0stj_next_dist_19zsb-q._.js:776
[ 1824758ms] [LOG] [Fast Refresh] done in 62ms @ http://localhost:3000/_next/static/chunks/0stj_next_dist_19zsb-q._.js:776
[ 1824819ms] [LOG] [Fast Refresh] done in 62ms @ http://localhost:3000/_next/static/chunks/0stj_next_dist_19zsb-q._.js:776
[ 1824880ms] [LOG] [Fast Refresh] done in 62ms @ http://localhost:3000/_next/static/chunks/0stj_next_dist_19zsb-q._.js:776
[ 1824943ms] [LOG] [Fast Refresh] done in 62ms @ http://localhost:3000/_next/static/chunks/0stj_next_dist_19zsb-q._.js:776
[ 1825005ms] [LOG] [Fast Refresh] done in 62ms @ http://localhost:3000/_next/static/chunks/0stj_next_dist_19zsb-q._.js:776
[ 1825066ms] [LOG] [Fast Refresh] done in 62ms @ http://localhost:3000/_next/static/chunks/0stj_next_dist_19zsb-q._.js:776
[ 1825130ms] [LOG] [Fast Refresh] done in 62ms @ http://localhost:3000/_next/static/chunks/0stj_next_dist_19zsb-q._.js:776
[ 1825193ms] [LOG] [Fast Refresh] done in 62ms @ http://localhost:3000/_next/static/chunks/0stj_next_dist_19zsb-q._.js:776
[ 1825256ms] [LOG] [Fast Refresh] done in 62ms @ http://localhost:3000/_next/static/chunks/0stj_next_dist_19zsb-q._.js:776
[ 1825318ms] [LOG] [Fast Refresh] done in 62ms @ http://localhost:3000/_next/static/chunks/0stj_next_dist_19zsb-q._.js:776
[ 1825380ms] [LOG] [Fast Refresh] done in 62ms @ http://localhost:3000/_next/static/chunks/0stj_next_dist_19zsb-q._.js:776
[ 1825442ms] [LOG] [Fast Refresh] done in 62ms @ http://localhost:3000/_next/static/chunks/0stj_next_dist_19zsb-q._.js:776
[ 1825505ms] [LOG] [Fast Refresh] done in 62ms @ http://localhost:3000/_next/static/chunks/0stj_next_dist_19zsb-q._.js:776
[ 1825569ms] [LOG] [Fast Refresh] done in 62ms @ http://localhost:3000/_next/static/chunks/0stj_next_dist_19zsb-q._.js:776
[ 1825631ms] [LOG] [Fast Refresh] done in 62ms @ http://localhost:3000/_next/static/chunks/0stj_next_dist_19zsb-q._.js:776
[ 1825694ms] [LOG] [Fast Refresh] done in 62ms @ http://localhost:3000/_next/static/chunks/0stj_next_dist_19zsb-q._.js:776
[ 1825757ms] [LOG] [Fast Refresh] done in 62ms @ http://localhost:3000/_next/static/chunks/0stj_next_dist_19zsb-q._.js:776
[ 1825820ms] [LOG] [Fast Refresh] done in 62ms @ http://localhost:3000/_next/static/chunks/0stj_next_dist_19zsb-q._.js:776
[ 1825882ms] [LOG] [Fast Refresh] done in 62ms @ http://localhost:3000/_next/static/chunks/0stj_next_dist_19zsb-q._.js:776
[ 1825944ms] [LOG] [Fast Refresh] done in 62ms @ http://localhost:3000/_next/static/chunks/0stj_next_dist_19zsb-q._.js:776
[ 1826006ms] [LOG] [Fast Refresh] done in 62ms @ http://localhost:3000/_next/static/chunks/0stj_next_dist_19zsb-q._.js:776
[ 1826068ms] [LOG] [Fast Refresh] done in 62ms @ http://localhost:3000/_next/static/chunks/0stj_next_dist_19zsb-q._.js:776
[ 1826131ms] [LOG] [Fast Refresh] done in 62ms @ http://localhost:3000/_next/static/chunks/0stj_next_dist_19zsb-q._.js:776
[ 1826194ms] [LOG] [Fast Refresh] done in 62ms @ http://localhost:3000/_next/static/chunks/0stj_next_dist_19zsb-q._.js:776
[ 1826257ms] [LOG] [Fast Refresh] done in 62ms @ http://localhost:3000/_next/static/chunks/0stj_next_dist_19zsb-q._.js:776
[ 1826318ms] [LOG] [Fast Refresh] done in 62ms @ http://localhost:3000/_next/static/chunks/0stj_next_dist_19zsb-q._.js:776
[ 1826379ms] [LOG] [Fast Refresh] done in 62ms @ http://localhost:3000/_next/static/chunks/0stj_next_dist_19zsb-q._.js:776
[ 1826441ms] [LOG] [Fast Refresh] done in 62ms @ http://localhost:3000/_next/static/chunks/0stj_next_dist_19zsb-q._.js:776
[ 1826503ms] [LOG] [Fast Refresh] done in 62ms @ http://localhost:3000/_next/static/chunks/0stj_next_dist_19zsb-q._.js:776
[ 1826566ms] [LOG] [Fast Refresh] done in 62ms @ http://localhost:3000/_next/static/chunks/0stj_next_dist_19zsb-q._.js:776
[ 1826628ms] [LOG] [Fast Refresh] done in 62ms @ http://localhost:3000/_next/static/chunks/0stj_next_dist_19zsb-q._.js:776
[ 1826691ms] [LOG] [Fast Refresh] done in 62ms @ http://localhost:3000/_next/static/chunks/0stj_next_dist_19zsb-q._.js:776
[ 1826754ms] [LOG] [Fast Refresh] done in 62ms @ http://localhost:3000/_next/static/chunks/0stj_next_dist_19zsb-q._.js:776
[ 1826815ms] [LOG] [Fast Refresh] done in 62ms @ http://localhost:3000/_next/static/chunks/0stj_next_dist_19zsb-q._.js:776
[ 1826878ms] [LOG] [Fast Refresh] done in 62ms @ http://localhost:3000/_next/static/chunks/0stj_next_dist_19zsb-q._.js:776
[ 1826941ms] [LOG] [Fast Refresh] done in 62ms @ http://localhost:3000/_next/static/chunks/0stj_next_dist_19zsb-q._.js:776
[ 1827003ms] [LOG] [Fast Refresh] done in 62ms @ http://localhost:3000/_next/static/chunks/0stj_next_dist_19zsb-q._.js:776
[ 1827066ms] [LOG] [Fast Refresh] done in 62ms @ http://localhost:3000/_next/static/chunks/0stj_next_dist_19zsb-q._.js:776
[ 1827130ms] [LOG] [Fast Refresh] done in 62ms @ http://localhost:3000/_next/static/chunks/0stj_next_dist_19zsb-q._.js:776
[ 1827192ms] [LOG] [Fast Refresh] done in 62ms @ http://localhost:3000/_next/static/chunks/0stj_next_dist_19zsb-q._.js:776
[ 1827255ms] [LOG] [Fast Refresh] done in 62ms @ http://localhost:3000/_next/static/chunks/0stj_next_dist_19zsb-q._.js:776
[ 1827317ms] [LOG] [Fast Refresh] done in 62ms @ http://localhost:3000/_next/static/chunks/0stj_next_dist_19zsb-q._.js:776
[ 1827382ms] [LOG] [Fast Refresh] done in 62ms @ http://localhost:3000/_next/static/chunks/0stj_next_dist_19zsb-q._.js:776
[ 1827444ms] [LOG] [Fast Refresh] done in 62ms @ http://localhost:3000/_next/static/chunks/0stj_next_dist_19zsb-q._.js:776
[ 1827507ms] [LOG] [Fast Refresh] done in 62ms @ http://localhost:3000/_next/static/chunks/0stj_next_dist_19zsb-q._.js:776
[ 1827569ms] [LOG] [Fast Refresh] done in 62ms @ http://localhost:3000/_next/static/chunks/0stj_next_dist_19zsb-q._.js:776
[ 1827630ms] [LOG] [Fast Refresh] done in 62ms @ http://localhost:3000/_next/static/chunks/0stj_next_dist_19zsb-q._.js:776
[ 1827693ms] [LOG] [Fast Refresh] done in 62ms @ http://localhost:3000/_next/static/chunks/0stj_next_dist_19zsb-q._.js:776
[ 1827756ms] [LOG] [Fast Refresh] done in 62ms @ http://localhost:3000/_next/static/chunks/0stj_next_dist_19zsb-q._.js:776
[ 1827818ms] [LOG] [Fast Refresh] done in 62ms @ http://localhost:3000/_next/static/chunks/0stj_next_dist_19zsb-q._.js:776
[ 1827882ms] [LOG] [Fast Refresh] done in 62ms @ http://localhost:3000/_next/static/chunks/0stj_next_dist_19zsb-q._.js:776
[ 1827944ms] [LOG] [Fast Refresh] done in 62ms @ http://localhost:3000/_next/static/chunks/0stj_next_dist_19zsb-q._.js:776
[ 1828006ms] [LOG] [Fast Refresh] done in 62ms @ http://localhost:3000/_next/static/chunks/0stj_next_dist_19zsb-q._.js:776
[ 1828068ms] [LOG] [Fast Refresh] done in 62ms @ http://localhost:3000/_next/static/chunks/0stj_next_dist_19zsb-q._.js:776
[ 1828130ms] [LOG] [Fast Refresh] done in 62ms @ http://localhost:3000/_next/static/chunks/0stj_next_dist_19zsb-q._.js:776
[ 1828193ms] [LOG] [Fast Refresh] done in 62ms @ http://localhost:3000/_next/static/chunks/0stj_next_dist_19zsb-q._.js:776
[ 1828256ms] [LOG] [Fast Refresh] done in 62ms @ http://localhost:3000/_next/static/chunks/0stj_next_dist_19zsb-q._.js:776
[ 1828319ms] [LOG] [Fast Refresh] done in 62ms @ http://localhost:3000/_next/static/chunks/0stj_next_dist_19zsb-q._.js:776
[ 1828381ms] [LOG] [Fast Refresh] done in 62ms @ http://localhost:3000/_next/static/chunks/0stj_next_dist_19zsb-q._.js:776
[ 1828444ms] [LOG] [Fast Refresh] done in 62ms @ http://localhost:3000/_next/static/chunks/0stj_next_dist_19zsb-q._.js:776
[ 1828507ms] [LOG] [Fast Refresh] done in 62ms @ http://localhost:3000/_next/static/chunks/0stj_next_dist_19zsb-q._.js:776
[ 1828569ms] [LOG] [Fast Refresh] done in 62ms @ http://localhost:3000/_next/static/chunks/0stj_next_dist_19zsb-q._.js:776
[ 1828631ms] [LOG] [Fast Refresh] done in 62ms @ http://localhost:3000/_next/static/chunks/0stj_next_dist_19zsb-q._.js:776
[ 1828693ms] [LOG] [Fast Refresh] done in 62ms @ http://localhost:3000/_next/static/chunks/0stj_next_dist_19zsb-q._.js:776
[ 1828755ms] [LOG] [Fast Refresh] done in 62ms @ http://localhost:3000/_next/static/chunks/0stj_next_dist_19zsb-q._.js:776
[ 1828817ms] [LOG] [Fast Refresh] done in 62ms @ http://localhost:3000/_next/static/chunks/0stj_next_dist_19zsb-q._.js:776
[ 1828879ms] [LOG] [Fast Refresh] done in 62ms @ http://localhost:3000/_next/static/chunks/0stj_next_dist_19zsb-q._.js:776
[ 1828941ms] [LOG] [Fast Refresh] done in 62ms @ http://localhost:3000/_next/static/chunks/0stj_next_dist_19zsb-q._.js:776
[ 1829004ms] [LOG] [Fast Refresh] done in 62ms @ http://localhost:3000/_next/static/chunks/0stj_next_dist_19zsb-q._.js:776
[ 1829066ms] [LOG] [Fast Refresh] done in 62ms @ http://localhost:3000/_next/static/chunks/0stj_next_dist_19zsb-q._.js:776
[ 1829127ms] [LOG] [Fast Refresh] done in 62ms @ http://localhost:3000/_next/static/chunks/0stj_next_dist_19zsb-q._.js:776
[ 1829190ms] [LOG] [Fast Refresh] done in 62ms @ http://localhost:3000/_next/static/chunks/0stj_next_dist_19zsb-q._.js:776
[ 1829251ms] [LOG] [Fast Refresh] done in 62ms @ http://localhost:3000/_next/static/chunks/0stj_next_dist_19zsb-q._.js:776
[ 1829314ms] [LOG] [Fast Refresh] done in 62ms @ http://localhost:3000/_next/static/chunks/0stj_next_dist_19zsb-q._.js:776
[ 1829376ms] [LOG] [Fast Refresh] done in 62ms @ http://localhost:3000/_next/static/chunks/0stj_next_dist_19zsb-q._.js:776
[ 1829440ms] [LOG] [Fast Refresh] done in 62ms @ http://localhost:3000/_next/static/chunks/0stj_next_dist_19zsb-q._.js:776
[ 1829502ms] [LOG] [Fast Refresh] done in 62ms @ http://localhost:3000/_next/static/chunks/0stj_next_dist_19zsb-q._.js:776
[ 1829564ms] [LOG] [Fast Refresh] done in 62ms @ http://localhost:3000/_next/static/chunks/0stj_next_dist_19zsb-q._.js:776
[ 1829628ms] [LOG] [Fast Refresh] done in 62ms @ http://localhost:3000/_next/static/chunks/0stj_next_dist_19zsb-q._.js:776
[ 1829691ms] [LOG] [Fast Refresh] done in 62ms @ http://localhost:3000/_next/static/chunks/0stj_next_dist_19zsb-q._.js:776
[ 1829754ms] [LOG] [Fast Refresh] done in 62ms @ http://localhost:3000/_next/static/chunks/0stj_next_dist_19zsb-q._.js:776
[ 1829815ms] [LOG] [Fast Refresh] done in 62ms @ http://localhost:3000/_next/static/chunks/0stj_next_dist_19zsb-q._.js:776
[ 1829877ms] [LOG] [Fast Refresh] done in 62ms @ http://localhost:3000/_next/static/chunks/0stj_next_dist_19zsb-q._.js:776
[ 1829940ms] [LOG] [Fast Refresh] done in 62ms @ http://localhost:3000/_next/static/chunks/0stj_next_dist_19zsb-q._.js:776
[ 1830004ms] [LOG] [Fast Refresh] done in 62ms @ http://localhost:3000/_next/static/chunks/0stj_next_dist_19zsb-q._.js:776
[ 1830065ms] [LOG] [Fast Refresh] done in 62ms @ http://localhost:3000/_next/static/chunks/0stj_next_dist_19zsb-q._.js:776
[ 1830127ms] [LOG] [Fast Refresh] done in 62ms @ http://localhost:3000/_next/static/chunks/0stj_next_dist_19zsb-q._.js:776
[ 1830191ms] [LOG] [Fast Refresh] done in 62ms @ http://localhost:3000/_next/static/chunks/0stj_next_dist_19zsb-q._.js:776
[ 1830254ms] [LOG] [Fast Refresh] done in 62ms @ http://localhost:3000/_next/static/chunks/0stj_next_dist_19zsb-q._.js:776
[ 1830316ms] [LOG] [Fast Refresh] done in 62ms @ http://localhost:3000/_next/static/chunks/0stj_next_dist_19zsb-q._.js:776
[ 1830378ms] [LOG] [Fast Refresh] done in 62ms @ http://localhost:3000/_next/static/chunks/0stj_next_dist_19zsb-q._.js:776
[ 1830439ms] [LOG] [Fast Refresh] done in 62ms @ http://localhost:3000/_next/static/chunks/0stj_next_dist_19zsb-q._.js:776
[ 1830500ms] [LOG] [Fast Refresh] done in 62ms @ http://localhost:3000/_next/static/chunks/0stj_next_dist_19zsb-q._.js:776
[ 1830563ms] [LOG] [Fast Refresh] done in 62ms @ http://localhost:3000/_next/static/chunks/0stj_next_dist_19zsb-q._.js:776
[ 1830625ms] [LOG] [Fast Refresh] done in 62ms @ http://localhost:3000/_next/static/chunks/0stj_next_dist_19zsb-q._.js:776
[ 1830688ms] [LOG] [Fast Refresh] done in 62ms @ http://localhost:3000/_next/static/chunks/0stj_next_dist_19zsb-q._.js:776
[ 1830749ms] [LOG] [Fast Refresh] done in 62ms @ http://localhost:3000/_next/static/chunks/0stj_next_dist_19zsb-q._.js:776
[ 1830811ms] [LOG] [Fast Refresh] done in 62ms @ http://localhost:3000/_next/static/chunks/0stj_next_dist_19zsb-q._.js:776
[ 1830874ms] [LOG] [Fast Refresh] done in 62ms @ http://localhost:3000/_next/static/chunks/0stj_next_dist_19zsb-q._.js:776
[ 1830938ms] [LOG] [Fast Refresh] done in 62ms @ http://localhost:3000/_next/static/chunks/0stj_next_dist_19zsb-q._.js:776
[ 1831000ms] [LOG] [Fast Refresh] done in 62ms @ http://localhost:3000/_next/static/chunks/0stj_next_dist_19zsb-q._.js:776
[ 1831062ms] [LOG] [Fast Refresh] done in 62ms @ http://localhost:3000/_next/static/chunks/0stj_next_dist_19zsb-q._.js:776
[ 1831124ms] [LOG] [Fast Refresh] done in 62ms @ http://localhost:3000/_next/static/chunks/0stj_next_dist_19zsb-q._.js:776
[ 1831186ms] [LOG] [Fast Refresh] done in 62ms @ http://localhost:3000/_next/static/chunks/0stj_next_dist_19zsb-q._.js:776
[ 1831248ms] [LOG] [Fast Refresh] done in 62ms @ http://localhost:3000/_next/static/chunks/0stj_next_dist_19zsb-q._.js:776
[ 1831310ms] [LOG] [Fast Refresh] done in 62ms @ http://localhost:3000/_next/static/chunks/0stj_next_dist_19zsb-q._.js:776
[ 1831373ms] [LOG] [Fast Refresh] done in 62ms @ http://localhost:3000/_next/static/chunks/0stj_next_dist_19zsb-q._.js:776
[ 1831436ms] [LOG] [Fast Refresh] done in 62ms @ http://localhost:3000/_next/static/chunks/0stj_next_dist_19zsb-q._.js:776
[ 1831498ms] [LOG] [Fast Refresh] done in 62ms @ http://localhost:3000/_next/static/chunks/0stj_next_dist_19zsb-q._.js:776
[ 1831560ms] [LOG] [Fast Refresh] done in 62ms @ http://localhost:3000/_next/static/chunks/0stj_next_dist_19zsb-q._.js:776
[ 1831623ms] [LOG] [Fast Refresh] done in 62ms @ http://localhost:3000/_next/static/chunks/0stj_next_dist_19zsb-q._.js:776
[ 1831684ms] [LOG] [Fast Refresh] done in 62ms @ http://localhost:3000/_next/static/chunks/0stj_next_dist_19zsb-q._.js:776
[ 1831746ms] [LOG] [Fast Refresh] done in 62ms @ http://localhost:3000/_next/static/chunks/0stj_next_dist_19zsb-q._.js:776
[ 1831808ms] [LOG] [Fast Refresh] done in 62ms @ http://localhost:3000/_next/static/chunks/0stj_next_dist_19zsb-q._.js:776
[ 1831872ms] [LOG] [Fast Refresh] done in 62ms @ http://localhost:3000/_next/static/chunks/0stj_next_dist_19zsb-q._.js:776
[ 1831934ms] [LOG] [Fast Refresh] done in 62ms @ http://localhost:3000/_next/static/chunks/0stj_next_dist_19zsb-q._.js:776
[ 1831996ms] [LOG] [Fast Refresh] done in 62ms @ http://localhost:3000/_next/static/chunks/0stj_next_dist_19zsb-q._.js:776
[ 1832059ms] [LOG] [Fast Refresh] done in 62ms @ http://localhost:3000/_next/static/chunks/0stj_next_dist_19zsb-q._.js:776
[ 1832122ms] [LOG] [Fast Refresh] done in 62ms @ http://localhost:3000/_next/static/chunks/0stj_next_dist_19zsb-q._.js:776
[ 1832184ms] [LOG] [Fast Refresh] done in 62ms @ http://localhost:3000/_next/static/chunks/0stj_next_dist_19zsb-q._.js:776
[ 1832246ms] [LOG] [Fast Refresh] done in 62ms @ http://localhost:3000/_next/static/chunks/0stj_next_dist_19zsb-q._.js:776
[ 1832309ms] [LOG] [Fast Refresh] done in 62ms @ http://localhost:3000/_next/static/chunks/0stj_next_dist_19zsb-q._.js:776
[ 1832371ms] [LOG] [Fast Refresh] done in 62ms @ http://localhost:3000/_next/static/chunks/0stj_next_dist_19zsb-q._.js:776
[ 1832433ms] [LOG] [Fast Refresh] done in 62ms @ http://localhost:3000/_next/static/chunks/0stj_next_dist_19zsb-q._.js:776
[ 1832496ms] [LOG] [Fast Refresh] done in 62ms @ http://localhost:3000/_next/static/chunks/0stj_next_dist_19zsb-q._.js:776
[ 1832557ms] [LOG] [Fast Refresh] done in 62ms @ http://localhost:3000/_next/static/chunks/0stj_next_dist_19zsb-q._.js:776
[ 1832620ms] [LOG] [Fast Refresh] done in 62ms @ http://localhost:3000/_next/static/chunks/0stj_next_dist_19zsb-q._.js:776
[ 1832681ms] [LOG] [Fast Refresh] done in 62ms @ http://localhost:3000/_next/static/chunks/0stj_next_dist_19zsb-q._.js:776
[ 1832744ms] [LOG] [Fast Refresh] done in 62ms @ http://localhost:3000/_next/static/chunks/0stj_next_dist_19zsb-q._.js:776
[ 1832806ms] [LOG] [Fast Refresh] done in 62ms @ http://localhost:3000/_next/static/chunks/0stj_next_dist_19zsb-q._.js:776
[ 1832870ms] [LOG] [Fast Refresh] done in 62ms @ http://localhost:3000/_next/static/chunks/0stj_next_dist_19zsb-q._.js:776
[ 1832932ms] [LOG] [Fast Refresh] done in 62ms @ http://localhost:3000/_next/static/chunks/0stj_next_dist_19zsb-q._.js:776
[ 1832993ms] [LOG] [Fast Refresh] done in 62ms @ http://localhost:3000/_next/static/chunks/0stj_next_dist_19zsb-q._.js:776
[ 1833055ms] [LOG] [Fast Refresh] done in 62ms @ http://localhost:3000/_next/static/chunks/0stj_next_dist_19zsb-q._.js:776
[ 1833117ms] [LOG] [Fast Refresh] done in 62ms @ http://localhost:3000/_next/static/chunks/0stj_next_dist_19zsb-q._.js:776
[ 1833188ms] [LOG] [Fast Refresh] done in 62ms @ http://localhost:3000/_next/static/chunks/0stj_next_dist_19zsb-q._.js:776
[ 1833309ms] [LOG] [Fast Refresh] done in 62ms @ http://localhost:3000/_next/static/chunks/0stj_next_dist_19zsb-q._.js:776
[ 1833385ms] [LOG] [Fast Refresh] done in 62ms @ http://localhost:3000/_next/static/chunks/0stj_next_dist_19zsb-q._.js:776
[ 1833446ms] [LOG] [Fast Refresh] done in 62ms @ http://localhost:3000/_next/static/chunks/0stj_next_dist_19zsb-q._.js:776
[ 1833510ms] [LOG] [Fast Refresh] done in 62ms @ http://localhost:3000/_next/static/chunks/0stj_next_dist_19zsb-q._.js:776
[ 1833572ms] [LOG] [Fast Refresh] done in 62ms @ http://localhost:3000/_next/static/chunks/0stj_next_dist_19zsb-q._.js:776
[ 1833634ms] [LOG] [Fast Refresh] done in 62ms @ http://localhost:3000/_next/static/chunks/0stj_next_dist_19zsb-q._.js:776
[ 1833697ms] [LOG] [Fast Refresh] done in 62ms @ http://localhost:3000/_next/static/chunks/0stj_next_dist_19zsb-q._.js:776
[ 1833759ms] [LOG] [Fast Refresh] done in 62ms @ http://localhost:3000/_next/static/chunks/0stj_next_dist_19zsb-q._.js:776
[ 1833821ms] [LOG] [Fast Refresh] done in 62ms @ http://localhost:3000/_next/static/chunks/0stj_next_dist_19zsb-q._.js:776
[ 1833883ms] [LOG] [Fast Refresh] done in 62ms @ http://localhost:3000/_next/static/chunks/0stj_next_dist_19zsb-q._.js:776
[ 1833945ms] [LOG] [Fast Refresh] done in 62ms @ http://localhost:3000/_next/static/chunks/0stj_next_dist_19zsb-q._.js:776
[ 1834008ms] [LOG] [Fast Refresh] done in 62ms @ http://localhost:3000/_next/static/chunks/0stj_next_dist_19zsb-q._.js:776
[ 1834068ms] [LOG] [Fast Refresh] done in 62ms @ http://localhost:3000/_next/static/chunks/0stj_next_dist_19zsb-q._.js:776
[ 1834130ms] [LOG] [Fast Refresh] done in 62ms @ http://localhost:3000/_next/static/chunks/0stj_next_dist_19zsb-q._.js:776
[ 1834192ms] [LOG] [Fast Refresh] done in 62ms @ http://localhost:3000/_next/static/chunks/0stj_next_dist_19zsb-q._.js:776
[ 1834254ms] [LOG] [Fast Refresh] done in 62ms @ http://localhost:3000/_next/static/chunks/0stj_next_dist_19zsb-q._.js:776
[ 1834316ms] [LOG] [Fast Refresh] done in 62ms @ http://localhost:3000/_next/static/chunks/0stj_next_dist_19zsb-q._.js:776
[ 1834378ms] [LOG] [Fast Refresh] done in 62ms @ http://localhost:3000/_next/static/chunks/0stj_next_dist_19zsb-q._.js:776
[ 1834444ms] [LOG] [Fast Refresh] done in 62ms @ http://localhost:3000/_next/static/chunks/0stj_next_dist_19zsb-q._.js:776
[ 1834503ms] [LOG] [Fast Refresh] done in 62ms @ http://localhost:3000/_next/static/chunks/0stj_next_dist_19zsb-q._.js:776
[ 1834564ms] [LOG] [Fast Refresh] done in 62ms @ http://localhost:3000/_next/static/chunks/0stj_next_dist_19zsb-q._.js:776
[ 1834626ms] [LOG] [Fast Refresh] done in 62ms @ http://localhost:3000/_next/static/chunks/0stj_next_dist_19zsb-q._.js:776
[ 1834690ms] [LOG] [Fast Refresh] done in 62ms @ http://localhost:3000/_next/static/chunks/0stj_next_dist_19zsb-q._.js:776
[ 1834768ms] [LOG] [Fast Refresh] done in 62ms @ http://localhost:3000/_next/static/chunks/0stj_next_dist_19zsb-q._.js:776
[ 1834832ms] [LOG] [Fast Refresh] done in 62ms @ http://localhost:3000/_next/static/chunks/0stj_next_dist_19zsb-q._.js:776
[ 1834894ms] [LOG] [Fast Refresh] done in 62ms @ http://localhost:3000/_next/static/chunks/0stj_next_dist_19zsb-q._.js:776
[ 1834956ms] [LOG] [Fast Refresh] done in 62ms @ http://localhost:3000/_next/static/chunks/0stj_next_dist_19zsb-q._.js:776
[ 1835017ms] [LOG] [Fast Refresh] done in 62ms @ http://localhost:3000/_next/static/chunks/0stj_next_dist_19zsb-q._.js:776
[ 1835080ms] [LOG] [Fast Refresh] done in 62ms @ http://localhost:3000/_next/static/chunks/0stj_next_dist_19zsb-q._.js:776
[ 1835143ms] [LOG] [Fast Refresh] done in 62ms @ http://localhost:3000/_next/static/chunks/0stj_next_dist_19zsb-q._.js:776
[ 1835205ms] [LOG] [Fast Refresh] done in 62ms @ http://localhost:3000/_next/static/chunks/0stj_next_dist_19zsb-q._.js:776
[ 1835268ms] [LOG] [Fast Refresh] done in 62ms @ http://localhost:3000/_next/static/chunks/0stj_next_dist_19zsb-q._.js:776
[ 1835330ms] [LOG] [Fast Refresh] done in 62ms @ http://localhost:3000/_next/static/chunks/0stj_next_dist_19zsb-q._.js:776
[ 1835393ms] [LOG] [Fast Refresh] done in 62ms @ http://localhost:3000/_next/static/chunks/0stj_next_dist_19zsb-q._.js:776
[ 1835454ms] [LOG] [Fast Refresh] done in 62ms @ http://localhost:3000/_next/static/chunks/0stj_next_dist_19zsb-q._.js:776
[ 1835517ms] [LOG] [Fast Refresh] done in 62ms @ http://localhost:3000/_next/static/chunks/0stj_next_dist_19zsb-q._.js:776
[ 1835580ms] [LOG] [Fast Refresh] done in 62ms @ http://localhost:3000/_next/static/chunks/0stj_next_dist_19zsb-q._.js:776
[ 1835641ms] [LOG] [Fast Refresh] done in 62ms @ http://localhost:3000/_next/static/chunks/0stj_next_dist_19zsb-q._.js:776
[ 1835705ms] [LOG] [Fast Refresh] done in 62ms @ http://localhost:3000/_next/static/chunks/0stj_next_dist_19zsb-q._.js:776
[ 1835782ms] [LOG] [Fast Refresh] done in 62ms @ http://localhost:3000/_next/static/chunks/0stj_next_dist_19zsb-q._.js:776
[ 1835846ms] [LOG] [Fast Refresh] done in 62ms @ http://localhost:3000/_next/static/chunks/0stj_next_dist_19zsb-q._.js:776
[ 1835910ms] [LOG] [Fast Refresh] done in 62ms @ http://localhost:3000/_next/static/chunks/0stj_next_dist_19zsb-q._.js:776
[ 1835974ms] [LOG] [Fast Refresh] done in 62ms @ http://localhost:3000/_next/static/chunks/0stj_next_dist_19zsb-q._.js:776
[ 1836037ms] [LOG] [Fast Refresh] done in 62ms @ http://localhost:3000/_next/static/chunks/0stj_next_dist_19zsb-q._.js:776
[ 1836098ms] [LOG] [Fast Refresh] done in 62ms @ http://localhost:3000/_next/static/chunks/0stj_next_dist_19zsb-q._.js:776
[ 1836160ms] [LOG] [Fast Refresh] done in 62ms @ http://localhost:3000/_next/static/chunks/0stj_next_dist_19zsb-q._.js:776
[ 1836223ms] [LOG] [Fast Refresh] done in 62ms @ http://localhost:3000/_next/static/chunks/0stj_next_dist_19zsb-q._.js:776
[ 1836299ms] [LOG] [Fast Refresh] done in 62ms @ http://localhost:3000/_next/static/chunks/0stj_next_dist_19zsb-q._.js:776
[ 1836362ms] [LOG] [Fast Refresh] done in 62ms @ http://localhost:3000/_next/static/chunks/0stj_next_dist_19zsb-q._.js:776
[ 1836427ms] [LOG] [Fast Refresh] done in 62ms @ http://localhost:3000/_next/static/chunks/0stj_next_dist_19zsb-q._.js:776
[ 1836489ms] [LOG] [Fast Refresh] done in 62ms @ http://localhost:3000/_next/static/chunks/0stj_next_dist_19zsb-q._.js:776
[ 1836551ms] [LOG] [Fast Refresh] done in 62ms @ http://localhost:3000/_next/static/chunks/0stj_next_dist_19zsb-q._.js:776
[ 1836630ms] [LOG] [Fast Refresh] done in 62ms @ http://localhost:3000/_next/static/chunks/0stj_next_dist_19zsb-q._.js:776
[ 1836692ms] [LOG] [Fast Refresh] done in 62ms @ http://localhost:3000/_next/static/chunks/0stj_next_dist_19zsb-q._.js:776
[ 1836756ms] [LOG] [Fast Refresh] done in 62ms @ http://localhost:3000/_next/static/chunks/0stj_next_dist_19zsb-q._.js:776
[ 1836817ms] [LOG] [Fast Refresh] done in 62ms @ http://localhost:3000/_next/static/chunks/0stj_next_dist_19zsb-q._.js:776
[ 1836877ms] [LOG] [Fast Refresh] done in 62ms @ http://localhost:3000/_next/static/chunks/0stj_next_dist_19zsb-q._.js:776
[ 1836940ms] [LOG] [Fast Refresh] done in 62ms @ http://localhost:3000/_next/static/chunks/0stj_next_dist_19zsb-q._.js:776
[ 1837003ms] [LOG] [Fast Refresh] done in 62ms @ http://localhost:3000/_next/static/chunks/0stj_next_dist_19zsb-q._.js:776
[ 1837064ms] [LOG] [Fast Refresh] done in 62ms @ http://localhost:3000/_next/static/chunks/0stj_next_dist_19zsb-q._.js:776
[ 1837127ms] [LOG] [Fast Refresh] done in 62ms @ http://localhost:3000/_next/static/chunks/0stj_next_dist_19zsb-q._.js:776
[ 1837189ms] [LOG] [Fast Refresh] done in 62ms @ http://localhost:3000/_next/static/chunks/0stj_next_dist_19zsb-q._.js:776
[ 1837252ms] [LOG] [Fast Refresh] done in 62ms @ http://localhost:3000/_next/static/chunks/0stj_next_dist_19zsb-q._.js:776
[ 1837313ms] [LOG] [Fast Refresh] done in 62ms @ http://localhost:3000/_next/static/chunks/0stj_next_dist_19zsb-q._.js:776
[ 1837376ms] [LOG] [Fast Refresh] done in 62ms @ http://localhost:3000/_next/static/chunks/0stj_next_dist_19zsb-q._.js:776
[ 1837438ms] [LOG] [Fast Refresh] done in 62ms @ http://localhost:3000/_next/static/chunks/0stj_next_dist_19zsb-q._.js:776
[ 1837502ms] [LOG] [Fast Refresh] done in 62ms @ http://localhost:3000/_next/static/chunks/0stj_next_dist_19zsb-q._.js:776
[ 1837563ms] [LOG] [Fast Refresh] done in 62ms @ http://localhost:3000/_next/static/chunks/0stj_next_dist_19zsb-q._.js:776
[ 1837625ms] [LOG] [Fast Refresh] done in 62ms @ http://localhost:3000/_next/static/chunks/0stj_next_dist_19zsb-q._.js:776
[ 1837687ms] [LOG] [Fast Refresh] done in 62ms @ http://localhost:3000/_next/static/chunks/0stj_next_dist_19zsb-q._.js:776
[ 1837752ms] [LOG] [Fast Refresh] done in 62ms @ http://localhost:3000/_next/static/chunks/0stj_next_dist_19zsb-q._.js:776
[ 1837813ms] [LOG] [Fast Refresh] done in 62ms @ http://localhost:3000/_next/static/chunks/0stj_next_dist_19zsb-q._.js:776
[ 1837875ms] [LOG] [Fast Refresh] done in 62ms @ http://localhost:3000/_next/static/chunks/0stj_next_dist_19zsb-q._.js:776
[ 1837935ms] [LOG] [Fast Refresh] done in 62ms @ http://localhost:3000/_next/static/chunks/0stj_next_dist_19zsb-q._.js:776
[ 1837999ms] [LOG] [Fast Refresh] done in 62ms @ http://localhost:3000/_next/static/chunks/0stj_next_dist_19zsb-q._.js:776
[ 1838061ms] [LOG] [Fast Refresh] done in 62ms @ http://localhost:3000/_next/static/chunks/0stj_next_dist_19zsb-q._.js:776
[ 1838125ms] [LOG] [Fast Refresh] done in 62ms @ http://localhost:3000/_next/static/chunks/0stj_next_dist_19zsb-q._.js:776
[ 1838188ms] [LOG] [Fast Refresh] done in 62ms @ http://localhost:3000/_next/static/chunks/0stj_next_dist_19zsb-q._.js:776
[ 1838251ms] [LOG] [Fast Refresh] done in 62ms @ http://localhost:3000/_next/static/chunks/0stj_next_dist_19zsb-q._.js:776
[ 1838313ms] [LOG] [Fast Refresh] done in 62ms @ http://localhost:3000/_next/static/chunks/0stj_next_dist_19zsb-q._.js:776
[ 1838376ms] [LOG] [Fast Refresh] done in 62ms @ http://localhost:3000/_next/static/chunks/0stj_next_dist_19zsb-q._.js:776
[ 1838440ms] [LOG] [Fast Refresh] done in 62ms @ http://localhost:3000/_next/static/chunks/0stj_next_dist_19zsb-q._.js:776
[ 1838502ms] [LOG] [Fast Refresh] done in 62ms @ http://localhost:3000/_next/static/chunks/0stj_next_dist_19zsb-q._.js:776
[ 1838565ms] [LOG] [Fast Refresh] done in 62ms @ http://localhost:3000/_next/static/chunks/0stj_next_dist_19zsb-q._.js:776
[ 1838627ms] [LOG] [Fast Refresh] done in 62ms @ http://localhost:3000/_next/static/chunks/0stj_next_dist_19zsb-q._.js:776
[ 1838689ms] [LOG] [Fast Refresh] done in 62ms @ http://localhost:3000/_next/static/chunks/0stj_next_dist_19zsb-q._.js:776
[ 1838752ms] [LOG] [Fast Refresh] done in 62ms @ http://localhost:3000/_next/static/chunks/0stj_next_dist_19zsb-q._.js:776
[ 1838813ms] [LOG] [Fast Refresh] done in 62ms @ http://localhost:3000/_next/static/chunks/0stj_next_dist_19zsb-q._.js:776
[ 1838877ms] [LOG] [Fast Refresh] done in 62ms @ http://localhost:3000/_next/static/chunks/0stj_next_dist_19zsb-q._.js:776
[ 1838939ms] [LOG] [Fast Refresh] done in 62ms @ http://localhost:3000/_next/static/chunks/0stj_next_dist_19zsb-q._.js:776
[ 1839002ms] [LOG] [Fast Refresh] done in 62ms @ http://localhost:3000/_next/static/chunks/0stj_next_dist_19zsb-q._.js:776
[ 1839065ms] [LOG] [Fast Refresh] done in 62ms @ http://localhost:3000/_next/static/chunks/0stj_next_dist_19zsb-q._.js:776
[ 1839128ms] [LOG] [Fast Refresh] done in 62ms @ http://localhost:3000/_next/static/chunks/0stj_next_dist_19zsb-q._.js:776
[ 1839191ms] [LOG] [Fast Refresh] done in 62ms @ http://localhost:3000/_next/static/chunks/0stj_next_dist_19zsb-q._.js:776
[ 1839255ms] [LOG] [Fast Refresh] done in 62ms @ http://localhost:3000/_next/static/chunks/0stj_next_dist_19zsb-q._.js:776
[ 1839318ms] [LOG] [Fast Refresh] done in 62ms @ http://localhost:3000/_next/static/chunks/0stj_next_dist_19zsb-q._.js:776
[ 1839382ms] [LOG] [Fast Refresh] done in 62ms @ http://localhost:3000/_next/static/chunks/0stj_next_dist_19zsb-q._.js:776
[ 1839446ms] [LOG] [Fast Refresh] done in 62ms @ http://localhost:3000/_next/static/chunks/0stj_next_dist_19zsb-q._.js:776
[ 1839508ms] [LOG] [Fast Refresh] done in 62ms @ http://localhost:3000/_next/static/chunks/0stj_next_dist_19zsb-q._.js:776
[ 1839570ms] [LOG] [Fast Refresh] done in 62ms @ http://localhost:3000/_next/static/chunks/0stj_next_dist_19zsb-q._.js:776
[ 1839632ms] [LOG] [Fast Refresh] done in 62ms @ http://localhost:3000/_next/static/chunks/0stj_next_dist_19zsb-q._.js:776
[ 1839695ms] [LOG] [Fast Refresh] done in 62ms @ http://localhost:3000/_next/static/chunks/0stj_next_dist_19zsb-q._.js:776
[ 1839757ms] [LOG] [Fast Refresh] done in 62ms @ http://localhost:3000/_next/static/chunks/0stj_next_dist_19zsb-q._.js:776
[ 1839819ms] [LOG] [Fast Refresh] done in 62ms @ http://localhost:3000/_next/static/chunks/0stj_next_dist_19zsb-q._.js:776
[ 1839882ms] [LOG] [Fast Refresh] done in 62ms @ http://localhost:3000/_next/static/chunks/0stj_next_dist_19zsb-q._.js:776
[ 1839944ms] [LOG] [Fast Refresh] done in 62ms @ http://localhost:3000/_next/static/chunks/0stj_next_dist_19zsb-q._.js:776
[ 1840007ms] [LOG] [Fast Refresh] done in 62ms @ http://localhost:3000/_next/static/chunks/0stj_next_dist_19zsb-q._.js:776
[ 1840068ms] [LOG] [Fast Refresh] done in 62ms @ http://localhost:3000/_next/static/chunks/0stj_next_dist_19zsb-q._.js:776
[ 1840132ms] [LOG] [Fast Refresh] done in 62ms @ http://localhost:3000/_next/static/chunks/0stj_next_dist_19zsb-q._.js:776
[ 1840194ms] [LOG] [Fast Refresh] done in 62ms @ http://localhost:3000/_next/static/chunks/0stj_next_dist_19zsb-q._.js:776
[ 1840258ms] [LOG] [Fast Refresh] done in 62ms @ http://localhost:3000/_next/static/chunks/0stj_next_dist_19zsb-q._.js:776
[ 1840321ms] [LOG] [Fast Refresh] done in 62ms @ http://localhost:3000/_next/static/chunks/0stj_next_dist_19zsb-q._.js:776
[ 1840384ms] [LOG] [Fast Refresh] done in 62ms @ http://localhost:3000/_next/static/chunks/0stj_next_dist_19zsb-q._.js:776
[ 1840448ms] [LOG] [Fast Refresh] done in 62ms @ http://localhost:3000/_next/static/chunks/0stj_next_dist_19zsb-q._.js:776
[ 1840513ms] [LOG] [Fast Refresh] done in 62ms @ http://localhost:3000/_next/static/chunks/0stj_next_dist_19zsb-q._.js:776
[ 1840574ms] [LOG] [Fast Refresh] done in 62ms @ http://localhost:3000/_next/static/chunks/0stj_next_dist_19zsb-q._.js:776
[ 1840638ms] [LOG] [Fast Refresh] done in 62ms @ http://localhost:3000/_next/static/chunks/0stj_next_dist_19zsb-q._.js:776
[ 1840699ms] [LOG] [Fast Refresh] done in 62ms @ http://localhost:3000/_next/static/chunks/0stj_next_dist_19zsb-q._.js:776
[ 1840762ms] [LOG] [Fast Refresh] done in 62ms @ http://localhost:3000/_next/static/chunks/0stj_next_dist_19zsb-q._.js:776
[ 1840824ms] [LOG] [Fast Refresh] done in 62ms @ http://localhost:3000/_next/static/chunks/0stj_next_dist_19zsb-q._.js:776
[ 1840886ms] [LOG] [Fast Refresh] done in 62ms @ http://localhost:3000/_next/static/chunks/0stj_next_dist_19zsb-q._.js:776
[ 1840950ms] [LOG] [Fast Refresh] done in 62ms @ http://localhost:3000/_next/static/chunks/0stj_next_dist_19zsb-q._.js:776
[ 1841011ms] [LOG] [Fast Refresh] done in 62ms @ http://localhost:3000/_next/static/chunks/0stj_next_dist_19zsb-q._.js:776
[ 1841074ms] [LOG] [Fast Refresh] done in 62ms @ http://localhost:3000/_next/static/chunks/0stj_next_dist_19zsb-q._.js:776
[ 1841136ms] [LOG] [Fast Refresh] done in 62ms @ http://localhost:3000/_next/static/chunks/0stj_next_dist_19zsb-q._.js:776
[ 1841199ms] [LOG] [Fast Refresh] done in 62ms @ http://localhost:3000/_next/static/chunks/0stj_next_dist_19zsb-q._.js:776
[ 1841262ms] [LOG] [Fast Refresh] done in 62ms @ http://localhost:3000/_next/static/chunks/0stj_next_dist_19zsb-q._.js:776
[ 1841325ms] [LOG] [Fast Refresh] done in 62ms @ http://localhost:3000/_next/static/chunks/0stj_next_dist_19zsb-q._.js:776
[ 1841387ms] [LOG] [Fast Refresh] done in 62ms @ http://localhost:3000/_next/static/chunks/0stj_next_dist_19zsb-q._.js:776
[ 1841451ms] [LOG] [Fast Refresh] done in 62ms @ http://localhost:3000/_next/static/chunks/0stj_next_dist_19zsb-q._.js:776
[ 1841513ms] [LOG] [Fast Refresh] done in 62ms @ http://localhost:3000/_next/static/chunks/0stj_next_dist_19zsb-q._.js:776
[ 1841575ms] [LOG] [Fast Refresh] done in 62ms @ http://localhost:3000/_next/static/chunks/0stj_next_dist_19zsb-q._.js:776
[ 1841637ms] [LOG] [Fast Refresh] done in 62ms @ http://localhost:3000/_next/static/chunks/0stj_next_dist_19zsb-q._.js:776
[ 1841699ms] [LOG] [Fast Refresh] done in 62ms @ http://localhost:3000/_next/static/chunks/0stj_next_dist_19zsb-q._.js:776
[ 1841761ms] [LOG] [Fast Refresh] done in 62ms @ http://localhost:3000/_next/static/chunks/0stj_next_dist_19zsb-q._.js:776
[ 1841823ms] [LOG] [Fast Refresh] done in 62ms @ http://localhost:3000/_next/static/chunks/0stj_next_dist_19zsb-q._.js:776
[ 1841886ms] [LOG] [Fast Refresh] done in 62ms @ http://localhost:3000/_next/static/chunks/0stj_next_dist_19zsb-q._.js:776
[ 1841949ms] [LOG] [Fast Refresh] done in 62ms @ http://localhost:3000/_next/static/chunks/0stj_next_dist_19zsb-q._.js:776
[ 1842011ms] [LOG] [Fast Refresh] done in 62ms @ http://localhost:3000/_next/static/chunks/0stj_next_dist_19zsb-q._.js:776
[ 1842073ms] [LOG] [Fast Refresh] done in 62ms @ http://localhost:3000/_next/static/chunks/0stj_next_dist_19zsb-q._.js:776
[ 1842136ms] [LOG] [Fast Refresh] done in 62ms @ http://localhost:3000/_next/static/chunks/0stj_next_dist_19zsb-q._.js:776
[ 1842199ms] [LOG] [Fast Refresh] done in 62ms @ http://localhost:3000/_next/static/chunks/0stj_next_dist_19zsb-q._.js:776
[ 1842261ms] [LOG] [Fast Refresh] done in 62ms @ http://localhost:3000/_next/static/chunks/0stj_next_dist_19zsb-q._.js:776
[ 1842324ms] [LOG] [Fast Refresh] done in 62ms @ http://localhost:3000/_next/static/chunks/0stj_next_dist_19zsb-q._.js:776
[ 1842387ms] [LOG] [Fast Refresh] done in 62ms @ http://localhost:3000/_next/static/chunks/0stj_next_dist_19zsb-q._.js:776
[ 1842450ms] [LOG] [Fast Refresh] done in 62ms @ http://localhost:3000/_next/static/chunks/0stj_next_dist_19zsb-q._.js:776
[ 1842511ms] [LOG] [Fast Refresh] done in 62ms @ http://localhost:3000/_next/static/chunks/0stj_next_dist_19zsb-q._.js:776
[ 1842574ms] [LOG] [Fast Refresh] done in 62ms @ http://localhost:3000/_next/static/chunks/0stj_next_dist_19zsb-q._.js:776
[ 1842637ms] [LOG] [Fast Refresh] done in 62ms @ http://localhost:3000/_next/static/chunks/0stj_next_dist_19zsb-q._.js:776
[ 1842699ms] [LOG] [Fast Refresh] done in 62ms @ http://localhost:3000/_next/static/chunks/0stj_next_dist_19zsb-q._.js:776
[ 1842762ms] [LOG] [Fast Refresh] done in 62ms @ http://localhost:3000/_next/static/chunks/0stj_next_dist_19zsb-q._.js:776
[ 1842825ms] [LOG] [Fast Refresh] done in 62ms @ http://localhost:3000/_next/static/chunks/0stj_next_dist_19zsb-q._.js:776
[ 1842887ms] [LOG] [Fast Refresh] done in 62ms @ http://localhost:3000/_next/static/chunks/0stj_next_dist_19zsb-q._.js:776
[ 1842950ms] [LOG] [Fast Refresh] done in 62ms @ http://localhost:3000/_next/static/chunks/0stj_next_dist_19zsb-q._.js:776
[ 1843012ms] [LOG] [Fast Refresh] done in 62ms @ http://localhost:3000/_next/static/chunks/0stj_next_dist_19zsb-q._.js:776
[ 1843075ms] [LOG] [Fast Refresh] done in 62ms @ http://localhost:3000/_next/static/chunks/0stj_next_dist_19zsb-q._.js:776
[ 1843138ms] [LOG] [Fast Refresh] done in 62ms @ http://localhost:3000/_next/static/chunks/0stj_next_dist_19zsb-q._.js:776
[ 1843199ms] [LOG] [Fast Refresh] done in 62ms @ http://localhost:3000/_next/static/chunks/0stj_next_dist_19zsb-q._.js:776
[ 1843261ms] [LOG] [Fast Refresh] done in 62ms @ http://localhost:3000/_next/static/chunks/0stj_next_dist_19zsb-q._.js:776
[ 1843325ms] [LOG] [Fast Refresh] done in 62ms @ http://localhost:3000/_next/static/chunks/0stj_next_dist_19zsb-q._.js:776
[ 1843387ms] [LOG] [Fast Refresh] done in 62ms @ http://localhost:3000/_next/static/chunks/0stj_next_dist_19zsb-q._.js:776
[ 1843449ms] [LOG] [Fast Refresh] done in 62ms @ http://localhost:3000/_next/static/chunks/0stj_next_dist_19zsb-q._.js:776
[ 1843512ms] [LOG] [Fast Refresh] done in 62ms @ http://localhost:3000/_next/static/chunks/0stj_next_dist_19zsb-q._.js:776
[ 1843574ms] [LOG] [Fast Refresh] done in 62ms @ http://localhost:3000/_next/static/chunks/0stj_next_dist_19zsb-q._.js:776
[ 1843638ms] [LOG] [Fast Refresh] done in 62ms @ http://localhost:3000/_next/static/chunks/0stj_next_dist_19zsb-q._.js:776
[ 1843701ms] [LOG] [Fast Refresh] done in 62ms @ http://localhost:3000/_next/static/chunks/0stj_next_dist_19zsb-q._.js:776
[ 1843762ms] [LOG] [Fast Refresh] done in 62ms @ http://localhost:3000/_next/static/chunks/0stj_next_dist_19zsb-q._.js:776
[ 1843824ms] [LOG] [Fast Refresh] done in 62ms @ http://localhost:3000/_next/static/chunks/0stj_next_dist_19zsb-q._.js:776
[ 1843885ms] [LOG] [Fast Refresh] done in 62ms @ http://localhost:3000/_next/static/chunks/0stj_next_dist_19zsb-q._.js:776
[ 1843946ms] [LOG] [Fast Refresh] done in 62ms @ http://localhost:3000/_next/static/chunks/0stj_next_dist_19zsb-q._.js:776
[ 1844009ms] [LOG] [Fast Refresh] done in 62ms @ http://localhost:3000/_next/static/chunks/0stj_next_dist_19zsb-q._.js:776
[ 1844072ms] [LOG] [Fast Refresh] done in 62ms @ http://localhost:3000/_next/static/chunks/0stj_next_dist_19zsb-q._.js:776
[ 1844134ms] [LOG] [Fast Refresh] done in 62ms @ http://localhost:3000/_next/static/chunks/0stj_next_dist_19zsb-q._.js:776
[ 1844198ms] [LOG] [Fast Refresh] done in 62ms @ http://localhost:3000/_next/static/chunks/0stj_next_dist_19zsb-q._.js:776
[ 1844261ms] [LOG] [Fast Refresh] done in 62ms @ http://localhost:3000/_next/static/chunks/0stj_next_dist_19zsb-q._.js:776
[ 1844323ms] [LOG] [Fast Refresh] done in 62ms @ http://localhost:3000/_next/static/chunks/0stj_next_dist_19zsb-q._.js:776
[ 1844386ms] [LOG] [Fast Refresh] done in 62ms @ http://localhost:3000/_next/static/chunks/0stj_next_dist_19zsb-q._.js:776
[ 1844448ms] [LOG] [Fast Refresh] done in 62ms @ http://localhost:3000/_next/static/chunks/0stj_next_dist_19zsb-q._.js:776
[ 1844511ms] [LOG] [Fast Refresh] done in 62ms @ http://localhost:3000/_next/static/chunks/0stj_next_dist_19zsb-q._.js:776
[ 1844573ms] [LOG] [Fast Refresh] done in 62ms @ http://localhost:3000/_next/static/chunks/0stj_next_dist_19zsb-q._.js:776
[ 1844636ms] [LOG] [Fast Refresh] done in 62ms @ http://localhost:3000/_next/static/chunks/0stj_next_dist_19zsb-q._.js:776
[ 1844698ms] [LOG] [Fast Refresh] done in 62ms @ http://localhost:3000/_next/static/chunks/0stj_next_dist_19zsb-q._.js:776
[ 1844760ms] [LOG] [Fast Refresh] done in 62ms @ http://localhost:3000/_next/static/chunks/0stj_next_dist_19zsb-q._.js:776
[ 1844823ms] [LOG] [Fast Refresh] done in 62ms @ http://localhost:3000/_next/static/chunks/0stj_next_dist_19zsb-q._.js:776
[ 1844886ms] [LOG] [Fast Refresh] done in 62ms @ http://localhost:3000/_next/static/chunks/0stj_next_dist_19zsb-q._.js:776
[ 1844949ms] [LOG] [Fast Refresh] done in 62ms @ http://localhost:3000/_next/static/chunks/0stj_next_dist_19zsb-q._.js:776
[ 1845011ms] [LOG] [Fast Refresh] done in 62ms @ http://localhost:3000/_next/static/chunks/0stj_next_dist_19zsb-q._.js:776
[ 1845073ms] [LOG] [Fast Refresh] done in 62ms @ http://localhost:3000/_next/static/chunks/0stj_next_dist_19zsb-q._.js:776
[ 1845135ms] [LOG] [Fast Refresh] done in 62ms @ http://localhost:3000/_next/static/chunks/0stj_next_dist_19zsb-q._.js:776
[ 1845197ms] [LOG] [Fast Refresh] done in 62ms @ http://localhost:3000/_next/static/chunks/0stj_next_dist_19zsb-q._.js:776
[ 1845259ms] [LOG] [Fast Refresh] done in 62ms @ http://localhost:3000/_next/static/chunks/0stj_next_dist_19zsb-q._.js:776
[ 1845322ms] [LOG] [Fast Refresh] done in 62ms @ http://localhost:3000/_next/static/chunks/0stj_next_dist_19zsb-q._.js:776
[ 1845384ms] [LOG] [Fast Refresh] done in 62ms @ http://localhost:3000/_next/static/chunks/0stj_next_dist_19zsb-q._.js:776
[ 1845446ms] [LOG] [Fast Refresh] done in 62ms @ http://localhost:3000/_next/static/chunks/0stj_next_dist_19zsb-q._.js:776
[ 1845507ms] [LOG] [Fast Refresh] done in 62ms @ http://localhost:3000/_next/static/chunks/0stj_next_dist_19zsb-q._.js:776
[ 1845570ms] [LOG] [Fast Refresh] done in 62ms @ http://localhost:3000/_next/static/chunks/0stj_next_dist_19zsb-q._.js:776
[ 1845633ms] [LOG] [Fast Refresh] done in 62ms @ http://localhost:3000/_next/static/chunks/0stj_next_dist_19zsb-q._.js:776
[ 1845694ms] [LOG] [Fast Refresh] done in 62ms @ http://localhost:3000/_next/static/chunks/0stj_next_dist_19zsb-q._.js:776
[ 1845757ms] [LOG] [Fast Refresh] done in 62ms @ http://localhost:3000/_next/static/chunks/0stj_next_dist_19zsb-q._.js:776
[ 1845821ms] [LOG] [Fast Refresh] done in 62ms @ http://localhost:3000/_next/static/chunks/0stj_next_dist_19zsb-q._.js:776
[ 1845883ms] [LOG] [Fast Refresh] done in 62ms @ http://localhost:3000/_next/static/chunks/0stj_next_dist_19zsb-q._.js:776
[ 1845944ms] [LOG] [Fast Refresh] done in 62ms @ http://localhost:3000/_next/static/chunks/0stj_next_dist_19zsb-q._.js:776
[ 1846005ms] [LOG] [Fast Refresh] done in 62ms @ http://localhost:3000/_next/static/chunks/0stj_next_dist_19zsb-q._.js:776
[ 1846068ms] [LOG] [Fast Refresh] done in 62ms @ http://localhost:3000/_next/static/chunks/0stj_next_dist_19zsb-q._.js:776
[ 1846130ms] [LOG] [Fast Refresh] done in 62ms @ http://localhost:3000/_next/static/chunks/0stj_next_dist_19zsb-q._.js:776
[ 1846193ms] [LOG] [Fast Refresh] done in 62ms @ http://localhost:3000/_next/static/chunks/0stj_next_dist_19zsb-q._.js:776
[ 1846257ms] [LOG] [Fast Refresh] done in 62ms @ http://localhost:3000/_next/static/chunks/0stj_next_dist_19zsb-q._.js:776
[ 1846320ms] [LOG] [Fast Refresh] done in 62ms @ http://localhost:3000/_next/static/chunks/0stj_next_dist_19zsb-q._.js:776
[ 1846382ms] [LOG] [Fast Refresh] done in 62ms @ http://localhost:3000/_next/static/chunks/0stj_next_dist_19zsb-q._.js:776
[ 1846444ms] [LOG] [Fast Refresh] done in 62ms @ http://localhost:3000/_next/static/chunks/0stj_next_dist_19zsb-q._.js:776
[ 1846506ms] [LOG] [Fast Refresh] done in 62ms @ http://localhost:3000/_next/static/chunks/0stj_next_dist_19zsb-q._.js:776
[ 1846570ms] [LOG] [Fast Refresh] done in 62ms @ http://localhost:3000/_next/static/chunks/0stj_next_dist_19zsb-q._.js:776
[ 1846632ms] [LOG] [Fast Refresh] done in 62ms @ http://localhost:3000/_next/static/chunks/0stj_next_dist_19zsb-q._.js:776
[ 1846694ms] [LOG] [Fast Refresh] done in 62ms @ http://localhost:3000/_next/static/chunks/0stj_next_dist_19zsb-q._.js:776
[ 1846756ms] [LOG] [Fast Refresh] done in 62ms @ http://localhost:3000/_next/static/chunks/0stj_next_dist_19zsb-q._.js:776
[ 1846819ms] [LOG] [Fast Refresh] done in 62ms @ http://localhost:3000/_next/static/chunks/0stj_next_dist_19zsb-q._.js:776
[ 1846880ms] [LOG] [Fast Refresh] done in 62ms @ http://localhost:3000/_next/static/chunks/0stj_next_dist_19zsb-q._.js:776
[ 1846942ms] [LOG] [Fast Refresh] done in 62ms @ http://localhost:3000/_next/static/chunks/0stj_next_dist_19zsb-q._.js:776
[ 1847003ms] [LOG] [Fast Refresh] done in 62ms @ http://localhost:3000/_next/static/chunks/0stj_next_dist_19zsb-q._.js:776
[ 1847064ms] [LOG] [Fast Refresh] done in 62ms @ http://localhost:3000/_next/static/chunks/0stj_next_dist_19zsb-q._.js:776
[ 1847125ms] [LOG] [Fast Refresh] done in 62ms @ http://localhost:3000/_next/static/chunks/0stj_next_dist_19zsb-q._.js:776
[ 1847188ms] [LOG] [Fast Refresh] done in 62ms @ http://localhost:3000/_next/static/chunks/0stj_next_dist_19zsb-q._.js:776
[ 1847250ms] [LOG] [Fast Refresh] done in 62ms @ http://localhost:3000/_next/static/chunks/0stj_next_dist_19zsb-q._.js:776
[ 1847311ms] [LOG] [Fast Refresh] done in 62ms @ http://localhost:3000/_next/static/chunks/0stj_next_dist_19zsb-q._.js:776
[ 1847375ms] [LOG] [Fast Refresh] done in 62ms @ http://localhost:3000/_next/static/chunks/0stj_next_dist_19zsb-q._.js:776
[ 1847437ms] [LOG] [Fast Refresh] done in 62ms @ http://localhost:3000/_next/static/chunks/0stj_next_dist_19zsb-q._.js:776
[ 1847499ms] [LOG] [Fast Refresh] done in 62ms @ http://localhost:3000/_next/static/chunks/0stj_next_dist_19zsb-q._.js:776
[ 1847561ms] [LOG] [Fast Refresh] done in 62ms @ http://localhost:3000/_next/static/chunks/0stj_next_dist_19zsb-q._.js:776
[ 1847624ms] [LOG] [Fast Refresh] done in 62ms @ http://localhost:3000/_next/static/chunks/0stj_next_dist_19zsb-q._.js:776
[ 1847687ms] [LOG] [Fast Refresh] done in 62ms @ http://localhost:3000/_next/static/chunks/0stj_next_dist_19zsb-q._.js:776
[ 1847751ms] [LOG] [Fast Refresh] done in 62ms @ http://localhost:3000/_next/static/chunks/0stj_next_dist_19zsb-q._.js:776
[ 1847813ms] [LOG] [Fast Refresh] done in 62ms @ http://localhost:3000/_next/static/chunks/0stj_next_dist_19zsb-q._.js:776
[ 1847875ms] [LOG] [Fast Refresh] done in 62ms @ http://localhost:3000/_next/static/chunks/0stj_next_dist_19zsb-q._.js:776
[ 1847937ms] [LOG] [Fast Refresh] done in 62ms @ http://localhost:3000/_next/static/chunks/0stj_next_dist_19zsb-q._.js:776
[ 1848000ms] [LOG] [Fast Refresh] done in 62ms @ http://localhost:3000/_next/static/chunks/0stj_next_dist_19zsb-q._.js:776
[ 1848063ms] [LOG] [Fast Refresh] done in 62ms @ http://localhost:3000/_next/static/chunks/0stj_next_dist_19zsb-q._.js:776
[ 1848126ms] [LOG] [Fast Refresh] done in 62ms @ http://localhost:3000/_next/static/chunks/0stj_next_dist_19zsb-q._.js:776
[ 1848189ms] [LOG] [Fast Refresh] done in 62ms @ http://localhost:3000/_next/static/chunks/0stj_next_dist_19zsb-q._.js:776
[ 1848252ms] [LOG] [Fast Refresh] done in 62ms @ http://localhost:3000/_next/static/chunks/0stj_next_dist_19zsb-q._.js:776
[ 1848314ms] [LOG] [Fast Refresh] done in 62ms @ http://localhost:3000/_next/static/chunks/0stj_next_dist_19zsb-q._.js:776
[ 1848377ms] [LOG] [Fast Refresh] done in 62ms @ http://localhost:3000/_next/static/chunks/0stj_next_dist_19zsb-q._.js:776
[ 1848440ms] [LOG] [Fast Refresh] done in 62ms @ http://localhost:3000/_next/static/chunks/0stj_next_dist_19zsb-q._.js:776
[ 1848503ms] [LOG] [Fast Refresh] done in 62ms @ http://localhost:3000/_next/static/chunks/0stj_next_dist_19zsb-q._.js:776
[ 1848566ms] [LOG] [Fast Refresh] done in 62ms @ http://localhost:3000/_next/static/chunks/0stj_next_dist_19zsb-q._.js:776
[ 1848629ms] [LOG] [Fast Refresh] done in 62ms @ http://localhost:3000/_next/static/chunks/0stj_next_dist_19zsb-q._.js:776
[ 1848693ms] [LOG] [Fast Refresh] done in 62ms @ http://localhost:3000/_next/static/chunks/0stj_next_dist_19zsb-q._.js:776
[ 1848755ms] [LOG] [Fast Refresh] done in 62ms @ http://localhost:3000/_next/static/chunks/0stj_next_dist_19zsb-q._.js:776
[ 1848819ms] [LOG] [Fast Refresh] done in 62ms @ http://localhost:3000/_next/static/chunks/0stj_next_dist_19zsb-q._.js:776
[ 1848881ms] [LOG] [Fast Refresh] done in 62ms @ http://localhost:3000/_next/static/chunks/0stj_next_dist_19zsb-q._.js:776
[ 1848942ms] [LOG] [Fast Refresh] done in 62ms @ http://localhost:3000/_next/static/chunks/0stj_next_dist_19zsb-q._.js:776
[ 1849006ms] [LOG] [Fast Refresh] done in 62ms @ http://localhost:3000/_next/static/chunks/0stj_next_dist_19zsb-q._.js:776
[ 1849068ms] [LOG] [Fast Refresh] done in 62ms @ http://localhost:3000/_next/static/chunks/0stj_next_dist_19zsb-q._.js:776
[ 1849130ms] [LOG] [Fast Refresh] done in 62ms @ http://localhost:3000/_next/static/chunks/0stj_next_dist_19zsb-q._.js:776
[ 1849193ms] [LOG] [Fast Refresh] done in 62ms @ http://localhost:3000/_next/static/chunks/0stj_next_dist_19zsb-q._.js:776
[ 1849255ms] [LOG] [Fast Refresh] done in 62ms @ http://localhost:3000/_next/static/chunks/0stj_next_dist_19zsb-q._.js:776
[ 1849318ms] [LOG] [Fast Refresh] done in 62ms @ http://localhost:3000/_next/static/chunks/0stj_next_dist_19zsb-q._.js:776
[ 1849381ms] [LOG] [Fast Refresh] done in 62ms @ http://localhost:3000/_next/static/chunks/0stj_next_dist_19zsb-q._.js:776
[ 1849443ms] [LOG] [Fast Refresh] done in 62ms @ http://localhost:3000/_next/static/chunks/0stj_next_dist_19zsb-q._.js:776
[ 1849506ms] [LOG] [Fast Refresh] done in 62ms @ http://localhost:3000/_next/static/chunks/0stj_next_dist_19zsb-q._.js:776
[ 1849568ms] [LOG] [Fast Refresh] done in 62ms @ http://localhost:3000/_next/static/chunks/0stj_next_dist_19zsb-q._.js:776
[ 1849631ms] [LOG] [Fast Refresh] done in 62ms @ http://localhost:3000/_next/static/chunks/0stj_next_dist_19zsb-q._.js:776
[ 1849694ms] [LOG] [Fast Refresh] done in 62ms @ http://localhost:3000/_next/static/chunks/0stj_next_dist_19zsb-q._.js:776
[ 1849756ms] [LOG] [Fast Refresh] done in 62ms @ http://localhost:3000/_next/static/chunks/0stj_next_dist_19zsb-q._.js:776
[ 1849818ms] [LOG] [Fast Refresh] done in 62ms @ http://localhost:3000/_next/static/chunks/0stj_next_dist_19zsb-q._.js:776
[ 1849881ms] [LOG] [Fast Refresh] done in 62ms @ http://localhost:3000/_next/static/chunks/0stj_next_dist_19zsb-q._.js:776
[ 1849944ms] [LOG] [Fast Refresh] done in 62ms @ http://localhost:3000/_next/static/chunks/0stj_next_dist_19zsb-q._.js:776
[ 1850007ms] [LOG] [Fast Refresh] done in 62ms @ http://localhost:3000/_next/static/chunks/0stj_next_dist_19zsb-q._.js:776
[ 1850070ms] [LOG] [Fast Refresh] done in 62ms @ http://localhost:3000/_next/static/chunks/0stj_next_dist_19zsb-q._.js:776
[ 1850131ms] [LOG] [Fast Refresh] done in 62ms @ http://localhost:3000/_next/static/chunks/0stj_next_dist_19zsb-q._.js:776
[ 1850194ms] [LOG] [Fast Refresh] done in 62ms @ http://localhost:3000/_next/static/chunks/0stj_next_dist_19zsb-q._.js:776
[ 1850257ms] [LOG] [Fast Refresh] done in 62ms @ http://localhost:3000/_next/static/chunks/0stj_next_dist_19zsb-q._.js:776
[ 1850319ms] [LOG] [Fast Refresh] done in 62ms @ http://localhost:3000/_next/static/chunks/0stj_next_dist_19zsb-q._.js:776
[ 1850382ms] [LOG] [Fast Refresh] done in 62ms @ http://localhost:3000/_next/static/chunks/0stj_next_dist_19zsb-q._.js:776
[ 1850445ms] [LOG] [Fast Refresh] done in 62ms @ http://localhost:3000/_next/static/chunks/0stj_next_dist_19zsb-q._.js:776
[ 1850507ms] [LOG] [Fast Refresh] done in 62ms @ http://localhost:3000/_next/static/chunks/0stj_next_dist_19zsb-q._.js:776
[ 1850570ms] [LOG] [Fast Refresh] done in 62ms @ http://localhost:3000/_next/static/chunks/0stj_next_dist_19zsb-q._.js:776
[ 1850633ms] [LOG] [Fast Refresh] done in 62ms @ http://localhost:3000/_next/static/chunks/0stj_next_dist_19zsb-q._.js:776
[ 1850695ms] [LOG] [Fast Refresh] done in 62ms @ http://localhost:3000/_next/static/chunks/0stj_next_dist_19zsb-q._.js:776
[ 1850757ms] [LOG] [Fast Refresh] done in 62ms @ http://localhost:3000/_next/static/chunks/0stj_next_dist_19zsb-q._.js:776
[ 1850819ms] [LOG] [Fast Refresh] done in 62ms @ http://localhost:3000/_next/static/chunks/0stj_next_dist_19zsb-q._.js:776
[ 1850882ms] [LOG] [Fast Refresh] done in 62ms @ http://localhost:3000/_next/static/chunks/0stj_next_dist_19zsb-q._.js:776
[ 1850944ms] [LOG] [Fast Refresh] done in 62ms @ http://localhost:3000/_next/static/chunks/0stj_next_dist_19zsb-q._.js:776
[ 1851005ms] [LOG] [Fast Refresh] done in 62ms @ http://localhost:3000/_next/static/chunks/0stj_next_dist_19zsb-q._.js:776
[ 1851068ms] [LOG] [Fast Refresh] done in 62ms @ http://localhost:3000/_next/static/chunks/0stj_next_dist_19zsb-q._.js:776
[ 1851130ms] [LOG] [Fast Refresh] done in 62ms @ http://localhost:3000/_next/static/chunks/0stj_next_dist_19zsb-q._.js:776
[ 1851192ms] [LOG] [Fast Refresh] done in 62ms @ http://localhost:3000/_next/static/chunks/0stj_next_dist_19zsb-q._.js:776
[ 1851254ms] [LOG] [Fast Refresh] done in 62ms @ http://localhost:3000/_next/static/chunks/0stj_next_dist_19zsb-q._.js:776
[ 1851316ms] [LOG] [Fast Refresh] done in 62ms @ http://localhost:3000/_next/static/chunks/0stj_next_dist_19zsb-q._.js:776
[ 1851378ms] [LOG] [Fast Refresh] done in 62ms @ http://localhost:3000/_next/static/chunks/0stj_next_dist_19zsb-q._.js:776
[ 1851441ms] [LOG] [Fast Refresh] done in 62ms @ http://localhost:3000/_next/static/chunks/0stj_next_dist_19zsb-q._.js:776
[ 1851505ms] [LOG] [Fast Refresh] done in 62ms @ http://localhost:3000/_next/static/chunks/0stj_next_dist_19zsb-q._.js:776
[ 1851568ms] [LOG] [Fast Refresh] done in 62ms @ http://localhost:3000/_next/static/chunks/0stj_next_dist_19zsb-q._.js:776
[ 1851635ms] [LOG] [Fast Refresh] done in 62ms @ http://localhost:3000/_next/static/chunks/0stj_next_dist_19zsb-q._.js:776
[ 1851695ms] [LOG] [Fast Refresh] done in 62ms @ http://localhost:3000/_next/static/chunks/0stj_next_dist_19zsb-q._.js:776
[ 1851759ms] [LOG] [Fast Refresh] done in 62ms @ http://localhost:3000/_next/static/chunks/0stj_next_dist_19zsb-q._.js:776
[ 1851820ms] [LOG] [Fast Refresh] done in 62ms @ http://localhost:3000/_next/static/chunks/0stj_next_dist_19zsb-q._.js:776
[ 1851884ms] [LOG] [Fast Refresh] done in 62ms @ http://localhost:3000/_next/static/chunks/0stj_next_dist_19zsb-q._.js:776
[ 1851946ms] [LOG] [Fast Refresh] done in 62ms @ http://localhost:3000/_next/static/chunks/0stj_next_dist_19zsb-q._.js:776
[ 1852008ms] [LOG] [Fast Refresh] done in 62ms @ http://localhost:3000/_next/static/chunks/0stj_next_dist_19zsb-q._.js:776
[ 1852071ms] [LOG] [Fast Refresh] done in 62ms @ http://localhost:3000/_next/static/chunks/0stj_next_dist_19zsb-q._.js:776
[ 1852134ms] [LOG] [Fast Refresh] done in 62ms @ http://localhost:3000/_next/static/chunks/0stj_next_dist_19zsb-q._.js:776
[ 1852196ms] [LOG] [Fast Refresh] done in 62ms @ http://localhost:3000/_next/static/chunks/0stj_next_dist_19zsb-q._.js:776
[ 1852259ms] [LOG] [Fast Refresh] done in 62ms @ http://localhost:3000/_next/static/chunks/0stj_next_dist_19zsb-q._.js:776
[ 1852322ms] [LOG] [Fast Refresh] done in 62ms @ http://localhost:3000/_next/static/chunks/0stj_next_dist_19zsb-q._.js:776
[ 1852384ms] [LOG] [Fast Refresh] done in 62ms @ http://localhost:3000/_next/static/chunks/0stj_next_dist_19zsb-q._.js:776
[ 1852447ms] [LOG] [Fast Refresh] done in 62ms @ http://localhost:3000/_next/static/chunks/0stj_next_dist_19zsb-q._.js:776
[ 1852509ms] [LOG] [Fast Refresh] done in 62ms @ http://localhost:3000/_next/static/chunks/0stj_next_dist_19zsb-q._.js:776
[ 1852571ms] [LOG] [Fast Refresh] done in 62ms @ http://localhost:3000/_next/static/chunks/0stj_next_dist_19zsb-q._.js:776
[ 1852634ms] [LOG] [Fast Refresh] done in 62ms @ http://localhost:3000/_next/static/chunks/0stj_next_dist_19zsb-q._.js:776
[ 1852696ms] [LOG] [Fast Refresh] done in 62ms @ http://localhost:3000/_next/static/chunks/0stj_next_dist_19zsb-q._.js:776
[ 1852757ms] [LOG] [Fast Refresh] done in 62ms @ http://localhost:3000/_next/static/chunks/0stj_next_dist_19zsb-q._.js:776
[ 1852820ms] [LOG] [Fast Refresh] done in 62ms @ http://localhost:3000/_next/static/chunks/0stj_next_dist_19zsb-q._.js:776
[ 1852883ms] [LOG] [Fast Refresh] done in 62ms @ http://localhost:3000/_next/static/chunks/0stj_next_dist_19zsb-q._.js:776
[ 1852945ms] [LOG] [Fast Refresh] done in 62ms @ http://localhost:3000/_next/static/chunks/0stj_next_dist_19zsb-q._.js:776
[ 1853007ms] [LOG] [Fast Refresh] done in 62ms @ http://localhost:3000/_next/static/chunks/0stj_next_dist_19zsb-q._.js:776
[ 1853070ms] [LOG] [Fast Refresh] done in 62ms @ http://localhost:3000/_next/static/chunks/0stj_next_dist_19zsb-q._.js:776
[ 1853132ms] [LOG] [Fast Refresh] done in 62ms @ http://localhost:3000/_next/static/chunks/0stj_next_dist_19zsb-q._.js:776
[ 1853195ms] [LOG] [Fast Refresh] done in 62ms @ http://localhost:3000/_next/static/chunks/0stj_next_dist_19zsb-q._.js:776
[ 1853258ms] [LOG] [Fast Refresh] done in 62ms @ http://localhost:3000/_next/static/chunks/0stj_next_dist_19zsb-q._.js:776
[ 1853321ms] [LOG] [Fast Refresh] done in 62ms @ http://localhost:3000/_next/static/chunks/0stj_next_dist_19zsb-q._.js:776
[ 1853383ms] [LOG] [Fast Refresh] done in 62ms @ http://localhost:3000/_next/static/chunks/0stj_next_dist_19zsb-q._.js:776
[ 1853445ms] [LOG] [Fast Refresh] done in 62ms @ http://localhost:3000/_next/static/chunks/0stj_next_dist_19zsb-q._.js:776
[ 1853507ms] [LOG] [Fast Refresh] done in 62ms @ http://localhost:3000/_next/static/chunks/0stj_next_dist_19zsb-q._.js:776
[ 1853568ms] [LOG] [Fast Refresh] done in 62ms @ http://localhost:3000/_next/static/chunks/0stj_next_dist_19zsb-q._.js:776
[ 1853632ms] [LOG] [Fast Refresh] done in 62ms @ http://localhost:3000/_next/static/chunks/0stj_next_dist_19zsb-q._.js:776
[ 1853693ms] [LOG] [Fast Refresh] done in 62ms @ http://localhost:3000/_next/static/chunks/0stj_next_dist_19zsb-q._.js:776
[ 1853755ms] [LOG] [Fast Refresh] done in 62ms @ http://localhost:3000/_next/static/chunks/0stj_next_dist_19zsb-q._.js:776
[ 1853819ms] [LOG] [Fast Refresh] done in 62ms @ http://localhost:3000/_next/static/chunks/0stj_next_dist_19zsb-q._.js:776
[ 1853880ms] [LOG] [Fast Refresh] done in 62ms @ http://localhost:3000/_next/static/chunks/0stj_next_dist_19zsb-q._.js:776
[ 1853943ms] [LOG] [Fast Refresh] done in 62ms @ http://localhost:3000/_next/static/chunks/0stj_next_dist_19zsb-q._.js:776
[ 1854006ms] [LOG] [Fast Refresh] done in 62ms @ http://localhost:3000/_next/static/chunks/0stj_next_dist_19zsb-q._.js:776
[ 1854067ms] [LOG] [Fast Refresh] done in 62ms @ http://localhost:3000/_next/static/chunks/0stj_next_dist_19zsb-q._.js:776
[ 1854129ms] [LOG] [Fast Refresh] done in 62ms @ http://localhost:3000/_next/static/chunks/0stj_next_dist_19zsb-q._.js:776
[ 1854192ms] [LOG] [Fast Refresh] done in 62ms @ http://localhost:3000/_next/static/chunks/0stj_next_dist_19zsb-q._.js:776
[ 1854255ms] [LOG] [Fast Refresh] done in 62ms @ http://localhost:3000/_next/static/chunks/0stj_next_dist_19zsb-q._.js:776
[ 1854317ms] [LOG] [Fast Refresh] done in 62ms @ http://localhost:3000/_next/static/chunks/0stj_next_dist_19zsb-q._.js:776
[ 1854380ms] [LOG] [Fast Refresh] done in 62ms @ http://localhost:3000/_next/static/chunks/0stj_next_dist_19zsb-q._.js:776
[ 1854443ms] [LOG] [Fast Refresh] done in 62ms @ http://localhost:3000/_next/static/chunks/0stj_next_dist_19zsb-q._.js:776
[ 1854505ms] [LOG] [Fast Refresh] done in 62ms @ http://localhost:3000/_next/static/chunks/0stj_next_dist_19zsb-q._.js:776
[ 1854568ms] [LOG] [Fast Refresh] done in 62ms @ http://localhost:3000/_next/static/chunks/0stj_next_dist_19zsb-q._.js:776
[ 1854630ms] [LOG] [Fast Refresh] done in 62ms @ http://localhost:3000/_next/static/chunks/0stj_next_dist_19zsb-q._.js:776
[ 1854692ms] [LOG] [Fast Refresh] done in 62ms @ http://localhost:3000/_next/static/chunks/0stj_next_dist_19zsb-q._.js:776
[ 1854755ms] [LOG] [Fast Refresh] done in 62ms @ http://localhost:3000/_next/static/chunks/0stj_next_dist_19zsb-q._.js:776
[ 1854818ms] [LOG] [Fast Refresh] done in 62ms @ http://localhost:3000/_next/static/chunks/0stj_next_dist_19zsb-q._.js:776
[ 1854880ms] [LOG] [Fast Refresh] done in 62ms @ http://localhost:3000/_next/static/chunks/0stj_next_dist_19zsb-q._.js:776
[ 1854943ms] [LOG] [Fast Refresh] done in 62ms @ http://localhost:3000/_next/static/chunks/0stj_next_dist_19zsb-q._.js:776
[ 1855006ms] [LOG] [Fast Refresh] done in 62ms @ http://localhost:3000/_next/static/chunks/0stj_next_dist_19zsb-q._.js:776
[ 1855070ms] [LOG] [Fast Refresh] done in 62ms @ http://localhost:3000/_next/static/chunks/0stj_next_dist_19zsb-q._.js:776
[ 1855131ms] [LOG] [Fast Refresh] done in 62ms @ http://localhost:3000/_next/static/chunks/0stj_next_dist_19zsb-q._.js:776
[ 1855195ms] [LOG] [Fast Refresh] done in 62ms @ http://localhost:3000/_next/static/chunks/0stj_next_dist_19zsb-q._.js:776
[ 1855257ms] [LOG] [Fast Refresh] done in 62ms @ http://localhost:3000/_next/static/chunks/0stj_next_dist_19zsb-q._.js:776
[ 1855320ms] [LOG] [Fast Refresh] done in 62ms @ http://localhost:3000/_next/static/chunks/0stj_next_dist_19zsb-q._.js:776
[ 1855382ms] [LOG] [Fast Refresh] done in 62ms @ http://localhost:3000/_next/static/chunks/0stj_next_dist_19zsb-q._.js:776
[ 1855446ms] [LOG] [Fast Refresh] done in 62ms @ http://localhost:3000/_next/static/chunks/0stj_next_dist_19zsb-q._.js:776
[ 1855509ms] [LOG] [Fast Refresh] done in 62ms @ http://localhost:3000/_next/static/chunks/0stj_next_dist_19zsb-q._.js:776
[ 1855572ms] [LOG] [Fast Refresh] done in 62ms @ http://localhost:3000/_next/static/chunks/0stj_next_dist_19zsb-q._.js:776
[ 1855634ms] [LOG] [Fast Refresh] done in 62ms @ http://localhost:3000/_next/static/chunks/0stj_next_dist_19zsb-q._.js:776
[ 1855697ms] [LOG] [Fast Refresh] done in 62ms @ http://localhost:3000/_next/static/chunks/0stj_next_dist_19zsb-q._.js:776
[ 1855759ms] [LOG] [Fast Refresh] done in 62ms @ http://localhost:3000/_next/static/chunks/0stj_next_dist_19zsb-q._.js:776
[ 1855821ms] [LOG] [Fast Refresh] done in 62ms @ http://localhost:3000/_next/static/chunks/0stj_next_dist_19zsb-q._.js:776
[ 1855884ms] [LOG] [Fast Refresh] done in 62ms @ http://localhost:3000/_next/static/chunks/0stj_next_dist_19zsb-q._.js:776
[ 1855947ms] [LOG] [Fast Refresh] done in 62ms @ http://localhost:3000/_next/static/chunks/0stj_next_dist_19zsb-q._.js:776
[ 1856010ms] [LOG] [Fast Refresh] done in 62ms @ http://localhost:3000/_next/static/chunks/0stj_next_dist_19zsb-q._.js:776
[ 1856073ms] [LOG] [Fast Refresh] done in 62ms @ http://localhost:3000/_next/static/chunks/0stj_next_dist_19zsb-q._.js:776
[ 1856135ms] [LOG] [Fast Refresh] done in 62ms @ http://localhost:3000/_next/static/chunks/0stj_next_dist_19zsb-q._.js:776
[ 1856198ms] [LOG] [Fast Refresh] done in 62ms @ http://localhost:3000/_next/static/chunks/0stj_next_dist_19zsb-q._.js:776
[ 1856261ms] [LOG] [Fast Refresh] done in 62ms @ http://localhost:3000/_next/static/chunks/0stj_next_dist_19zsb-q._.js:776
[ 1856324ms] [LOG] [Fast Refresh] done in 62ms @ http://localhost:3000/_next/static/chunks/0stj_next_dist_19zsb-q._.js:776
[ 1856386ms] [LOG] [Fast Refresh] done in 62ms @ http://localhost:3000/_next/static/chunks/0stj_next_dist_19zsb-q._.js:776
[ 1856451ms] [LOG] [Fast Refresh] done in 62ms @ http://localhost:3000/_next/static/chunks/0stj_next_dist_19zsb-q._.js:776
[ 1856512ms] [LOG] [Fast Refresh] done in 62ms @ http://localhost:3000/_next/static/chunks/0stj_next_dist_19zsb-q._.js:776
[ 1856574ms] [LOG] [Fast Refresh] done in 62ms @ http://localhost:3000/_next/static/chunks/0stj_next_dist_19zsb-q._.js:776
[ 1856637ms] [LOG] [Fast Refresh] done in 62ms @ http://localhost:3000/_next/static/chunks/0stj_next_dist_19zsb-q._.js:776
[ 1856698ms] [LOG] [Fast Refresh] done in 62ms @ http://localhost:3000/_next/static/chunks/0stj_next_dist_19zsb-q._.js:776
[ 1856761ms] [LOG] [Fast Refresh] done in 62ms @ http://localhost:3000/_next/static/chunks/0stj_next_dist_19zsb-q._.js:776
[ 1856823ms] [LOG] [Fast Refresh] done in 62ms @ http://localhost:3000/_next/static/chunks/0stj_next_dist_19zsb-q._.js:776
[ 1856884ms] [LOG] [Fast Refresh] done in 62ms @ http://localhost:3000/_next/static/chunks/0stj_next_dist_19zsb-q._.js:776
[ 1856947ms] [LOG] [Fast Refresh] done in 62ms @ http://localhost:3000/_next/static/chunks/0stj_next_dist_19zsb-q._.js:776
[ 1857010ms] [LOG] [Fast Refresh] done in 62ms @ http://localhost:3000/_next/static/chunks/0stj_next_dist_19zsb-q._.js:776
[ 1857074ms] [LOG] [Fast Refresh] done in 62ms @ http://localhost:3000/_next/static/chunks/0stj_next_dist_19zsb-q._.js:776
[ 1857137ms] [LOG] [Fast Refresh] done in 62ms @ http://localhost:3000/_next/static/chunks/0stj_next_dist_19zsb-q._.js:776
[ 1857200ms] [LOG] [Fast Refresh] done in 62ms @ http://localhost:3000/_next/static/chunks/0stj_next_dist_19zsb-q._.js:776
[ 1857262ms] [LOG] [Fast Refresh] done in 62ms @ http://localhost:3000/_next/static/chunks/0stj_next_dist_19zsb-q._.js:776
[ 1857325ms] [LOG] [Fast Refresh] done in 62ms @ http://localhost:3000/_next/static/chunks/0stj_next_dist_19zsb-q._.js:776
[ 1857387ms] [LOG] [Fast Refresh] done in 62ms @ http://localhost:3000/_next/static/chunks/0stj_next_dist_19zsb-q._.js:776
[ 1857450ms] [LOG] [Fast Refresh] done in 62ms @ http://localhost:3000/_next/static/chunks/0stj_next_dist_19zsb-q._.js:776
[ 1857512ms] [LOG] [Fast Refresh] done in 62ms @ http://localhost:3000/_next/static/chunks/0stj_next_dist_19zsb-q._.js:776
[ 1857573ms] [LOG] [Fast Refresh] done in 62ms @ http://localhost:3000/_next/static/chunks/0stj_next_dist_19zsb-q._.js:776
[ 1857635ms] [LOG] [Fast Refresh] done in 62ms @ http://localhost:3000/_next/static/chunks/0stj_next_dist_19zsb-q._.js:776
[ 1857697ms] [LOG] [Fast Refresh] done in 62ms @ http://localhost:3000/_next/static/chunks/0stj_next_dist_19zsb-q._.js:776
[ 1857760ms] [LOG] [Fast Refresh] done in 62ms @ http://localhost:3000/_next/static/chunks/0stj_next_dist_19zsb-q._.js:776
[ 1857823ms] [LOG] [Fast Refresh] done in 62ms @ http://localhost:3000/_next/static/chunks/0stj_next_dist_19zsb-q._.js:776
[ 1857885ms] [LOG] [Fast Refresh] done in 62ms @ http://localhost:3000/_next/static/chunks/0stj_next_dist_19zsb-q._.js:776
[ 1857949ms] [LOG] [Fast Refresh] done in 62ms @ http://localhost:3000/_next/static/chunks/0stj_next_dist_19zsb-q._.js:776
[ 1858011ms] [LOG] [Fast Refresh] done in 62ms @ http://localhost:3000/_next/static/chunks/0stj_next_dist_19zsb-q._.js:776
[ 1858075ms] [LOG] [Fast Refresh] done in 62ms @ http://localhost:3000/_next/static/chunks/0stj_next_dist_19zsb-q._.js:776
[ 1858137ms] [LOG] [Fast Refresh] done in 62ms @ http://localhost:3000/_next/static/chunks/0stj_next_dist_19zsb-q._.js:776
[ 1858199ms] [LOG] [Fast Refresh] done in 62ms @ http://localhost:3000/_next/static/chunks/0stj_next_dist_19zsb-q._.js:776
[ 1858261ms] [LOG] [Fast Refresh] done in 62ms @ http://localhost:3000/_next/static/chunks/0stj_next_dist_19zsb-q._.js:776
[ 1858323ms] [LOG] [Fast Refresh] done in 62ms @ http://localhost:3000/_next/static/chunks/0stj_next_dist_19zsb-q._.js:776
[ 1858385ms] [LOG] [Fast Refresh] done in 62ms @ http://localhost:3000/_next/static/chunks/0stj_next_dist_19zsb-q._.js:776
[ 1858448ms] [LOG] [Fast Refresh] done in 62ms @ http://localhost:3000/_next/static/chunks/0stj_next_dist_19zsb-q._.js:776
[ 1858510ms] [LOG] [Fast Refresh] done in 62ms @ http://localhost:3000/_next/static/chunks/0stj_next_dist_19zsb-q._.js:776
[ 1858572ms] [LOG] [Fast Refresh] done in 62ms @ http://localhost:3000/_next/static/chunks/0stj_next_dist_19zsb-q._.js:776
[ 1858634ms] [LOG] [Fast Refresh] done in 62ms @ http://localhost:3000/_next/static/chunks/0stj_next_dist_19zsb-q._.js:776
[ 1858696ms] [LOG] [Fast Refresh] done in 62ms @ http://localhost:3000/_next/static/chunks/0stj_next_dist_19zsb-q._.js:776
[ 1858758ms] [LOG] [Fast Refresh] done in 62ms @ http://localhost:3000/_next/static/chunks/0stj_next_dist_19zsb-q._.js:776
[ 1858820ms] [LOG] [Fast Refresh] done in 62ms @ http://localhost:3000/_next/static/chunks/0stj_next_dist_19zsb-q._.js:776
[ 1858883ms] [LOG] [Fast Refresh] done in 62ms @ http://localhost:3000/_next/static/chunks/0stj_next_dist_19zsb-q._.js:776
[ 1858946ms] [LOG] [Fast Refresh] done in 62ms @ http://localhost:3000/_next/static/chunks/0stj_next_dist_19zsb-q._.js:776
[ 1859008ms] [LOG] [Fast Refresh] done in 62ms @ http://localhost:3000/_next/static/chunks/0stj_next_dist_19zsb-q._.js:776
[ 1859073ms] [LOG] [Fast Refresh] done in 62ms @ http://localhost:3000/_next/static/chunks/0stj_next_dist_19zsb-q._.js:776
[ 1859135ms] [LOG] [Fast Refresh] done in 62ms @ http://localhost:3000/_next/static/chunks/0stj_next_dist_19zsb-q._.js:776
[ 1859198ms] [LOG] [Fast Refresh] done in 62ms @ http://localhost:3000/_next/static/chunks/0stj_next_dist_19zsb-q._.js:776
[ 1859262ms] [LOG] [Fast Refresh] done in 62ms @ http://localhost:3000/_next/static/chunks/0stj_next_dist_19zsb-q._.js:776
[ 1859323ms] [LOG] [Fast Refresh] done in 62ms @ http://localhost:3000/_next/static/chunks/0stj_next_dist_19zsb-q._.js:776
[ 1859386ms] [LOG] [Fast Refresh] done in 62ms @ http://localhost:3000/_next/static/chunks/0stj_next_dist_19zsb-q._.js:776
[ 1859449ms] [LOG] [Fast Refresh] done in 62ms @ http://localhost:3000/_next/static/chunks/0stj_next_dist_19zsb-q._.js:776
[ 1859513ms] [LOG] [Fast Refresh] done in 62ms @ http://localhost:3000/_next/static/chunks/0stj_next_dist_19zsb-q._.js:776
[ 1859576ms] [LOG] [Fast Refresh] done in 62ms @ http://localhost:3000/_next/static/chunks/0stj_next_dist_19zsb-q._.js:776
[ 1859638ms] [LOG] [Fast Refresh] done in 62ms @ http://localhost:3000/_next/static/chunks/0stj_next_dist_19zsb-q._.js:776
[ 1859702ms] [LOG] [Fast Refresh] done in 62ms @ http://localhost:3000/_next/static/chunks/0stj_next_dist_19zsb-q._.js:776
[ 1859764ms] [LOG] [Fast Refresh] done in 62ms @ http://localhost:3000/_next/static/chunks/0stj_next_dist_19zsb-q._.js:776
[ 1859826ms] [LOG] [Fast Refresh] done in 62ms @ http://localhost:3000/_next/static/chunks/0stj_next_dist_19zsb-q._.js:776
[ 1859888ms] [LOG] [Fast Refresh] done in 62ms @ http://localhost:3000/_next/static/chunks/0stj_next_dist_19zsb-q._.js:776
[ 1859951ms] [LOG] [Fast Refresh] done in 62ms @ http://localhost:3000/_next/static/chunks/0stj_next_dist_19zsb-q._.js:776
[ 1860014ms] [LOG] [Fast Refresh] done in 62ms @ http://localhost:3000/_next/static/chunks/0stj_next_dist_19zsb-q._.js:776
[ 1860078ms] [LOG] [Fast Refresh] done in 62ms @ http://localhost:3000/_next/static/chunks/0stj_next_dist_19zsb-q._.js:776
[ 1860140ms] [LOG] [Fast Refresh] done in 62ms @ http://localhost:3000/_next/static/chunks/0stj_next_dist_19zsb-q._.js:776
[ 1860203ms] [LOG] [Fast Refresh] done in 62ms @ http://localhost:3000/_next/static/chunks/0stj_next_dist_19zsb-q._.js:776
[ 1860265ms] [LOG] [Fast Refresh] done in 62ms @ http://localhost:3000/_next/static/chunks/0stj_next_dist_19zsb-q._.js:776
[ 1860329ms] [LOG] [Fast Refresh] done in 62ms @ http://localhost:3000/_next/static/chunks/0stj_next_dist_19zsb-q._.js:776
[ 1860390ms] [LOG] [Fast Refresh] done in 62ms @ http://localhost:3000/_next/static/chunks/0stj_next_dist_19zsb-q._.js:776
[ 1860453ms] [LOG] [Fast Refresh] done in 62ms @ http://localhost:3000/_next/static/chunks/0stj_next_dist_19zsb-q._.js:776
[ 1860515ms] [LOG] [Fast Refresh] done in 62ms @ http://localhost:3000/_next/static/chunks/0stj_next_dist_19zsb-q._.js:776
[ 1860578ms] [LOG] [Fast Refresh] done in 62ms @ http://localhost:3000/_next/static/chunks/0stj_next_dist_19zsb-q._.js:776
[ 1860641ms] [LOG] [Fast Refresh] done in 62ms @ http://localhost:3000/_next/static/chunks/0stj_next_dist_19zsb-q._.js:776
[ 1860704ms] [LOG] [Fast Refresh] done in 62ms @ http://localhost:3000/_next/static/chunks/0stj_next_dist_19zsb-q._.js:776
[ 1860769ms] [LOG] [Fast Refresh] done in 62ms @ http://localhost:3000/_next/static/chunks/0stj_next_dist_19zsb-q._.js:776
[ 1860833ms] [LOG] [Fast Refresh] done in 62ms @ http://localhost:3000/_next/static/chunks/0stj_next_dist_19zsb-q._.js:776
[ 1860895ms] [LOG] [Fast Refresh] done in 62ms @ http://localhost:3000/_next/static/chunks/0stj_next_dist_19zsb-q._.js:776
[ 1860958ms] [LOG] [Fast Refresh] done in 62ms @ http://localhost:3000/_next/static/chunks/0stj_next_dist_19zsb-q._.js:776
[ 1861021ms] [LOG] [Fast Refresh] done in 62ms @ http://localhost:3000/_next/static/chunks/0stj_next_dist_19zsb-q._.js:776
[ 1861084ms] [LOG] [Fast Refresh] done in 62ms @ http://localhost:3000/_next/static/chunks/0stj_next_dist_19zsb-q._.js:776
[ 1861146ms] [LOG] [Fast Refresh] done in 62ms @ http://localhost:3000/_next/static/chunks/0stj_next_dist_19zsb-q._.js:776
[ 1861209ms] [LOG] [Fast Refresh] done in 62ms @ http://localhost:3000/_next/static/chunks/0stj_next_dist_19zsb-q._.js:776
[ 1861271ms] [LOG] [Fast Refresh] done in 62ms @ http://localhost:3000/_next/static/chunks/0stj_next_dist_19zsb-q._.js:776
[ 1861334ms] [LOG] [Fast Refresh] done in 62ms @ http://localhost:3000/_next/static/chunks/0stj_next_dist_19zsb-q._.js:776
[ 1861397ms] [LOG] [Fast Refresh] done in 62ms @ http://localhost:3000/_next/static/chunks/0stj_next_dist_19zsb-q._.js:776
[ 1861459ms] [LOG] [Fast Refresh] done in 62ms @ http://localhost:3000/_next/static/chunks/0stj_next_dist_19zsb-q._.js:776
[ 1861521ms] [LOG] [Fast Refresh] done in 62ms @ http://localhost:3000/_next/static/chunks/0stj_next_dist_19zsb-q._.js:776
[ 1861584ms] [LOG] [Fast Refresh] done in 62ms @ http://localhost:3000/_next/static/chunks/0stj_next_dist_19zsb-q._.js:776
[ 1861647ms] [LOG] [Fast Refresh] done in 62ms @ http://localhost:3000/_next/static/chunks/0stj_next_dist_19zsb-q._.js:776
[ 1861710ms] [LOG] [Fast Refresh] done in 62ms @ http://localhost:3000/_next/static/chunks/0stj_next_dist_19zsb-q._.js:776
[ 1861772ms] [LOG] [Fast Refresh] done in 62ms @ http://localhost:3000/_next/static/chunks/0stj_next_dist_19zsb-q._.js:776
[ 1861834ms] [LOG] [Fast Refresh] done in 62ms @ http://localhost:3000/_next/static/chunks/0stj_next_dist_19zsb-q._.js:776
[ 1861897ms] [LOG] [Fast Refresh] done in 62ms @ http://localhost:3000/_next/static/chunks/0stj_next_dist_19zsb-q._.js:776
[ 1861960ms] [LOG] [Fast Refresh] done in 62ms @ http://localhost:3000/_next/static/chunks/0stj_next_dist_19zsb-q._.js:776
[ 1862026ms] [LOG] [Fast Refresh] done in 62ms @ http://localhost:3000/_next/static/chunks/0stj_next_dist_19zsb-q._.js:776
[ 1862088ms] [LOG] [Fast Refresh] done in 62ms @ http://localhost:3000/_next/static/chunks/0stj_next_dist_19zsb-q._.js:776
[ 1862150ms] [LOG] [Fast Refresh] done in 62ms @ http://localhost:3000/_next/static/chunks/0stj_next_dist_19zsb-q._.js:776
[ 1862213ms] [LOG] [Fast Refresh] done in 62ms @ http://localhost:3000/_next/static/chunks/0stj_next_dist_19zsb-q._.js:776
[ 1862276ms] [LOG] [Fast Refresh] done in 62ms @ http://localhost:3000/_next/static/chunks/0stj_next_dist_19zsb-q._.js:776
[ 1862337ms] [LOG] [Fast Refresh] done in 62ms @ http://localhost:3000/_next/static/chunks/0stj_next_dist_19zsb-q._.js:776
[ 1862401ms] [LOG] [Fast Refresh] done in 62ms @ http://localhost:3000/_next/static/chunks/0stj_next_dist_19zsb-q._.js:776
[ 1862464ms] [LOG] [Fast Refresh] done in 62ms @ http://localhost:3000/_next/static/chunks/0stj_next_dist_19zsb-q._.js:776
[ 1862527ms] [LOG] [Fast Refresh] done in 62ms @ http://localhost:3000/_next/static/chunks/0stj_next_dist_19zsb-q._.js:776
[ 1862589ms] [LOG] [Fast Refresh] done in 62ms @ http://localhost:3000/_next/static/chunks/0stj_next_dist_19zsb-q._.js:776
[ 1862651ms] [LOG] [Fast Refresh] done in 62ms @ http://localhost:3000/_next/static/chunks/0stj_next_dist_19zsb-q._.js:776
[ 1862713ms] [LOG] [Fast Refresh] done in 62ms @ http://localhost:3000/_next/static/chunks/0stj_next_dist_19zsb-q._.js:776
[ 1862776ms] [LOG] [Fast Refresh] done in 62ms @ http://localhost:3000/_next/static/chunks/0stj_next_dist_19zsb-q._.js:776
[ 1862838ms] [LOG] [Fast Refresh] done in 62ms @ http://localhost:3000/_next/static/chunks/0stj_next_dist_19zsb-q._.js:776
[ 1862901ms] [LOG] [Fast Refresh] done in 62ms @ http://localhost:3000/_next/static/chunks/0stj_next_dist_19zsb-q._.js:776
[ 1862964ms] [LOG] [Fast Refresh] done in 62ms @ http://localhost:3000/_next/static/chunks/0stj_next_dist_19zsb-q._.js:776
[ 1863026ms] [LOG] [Fast Refresh] done in 62ms @ http://localhost:3000/_next/static/chunks/0stj_next_dist_19zsb-q._.js:776
[ 1863091ms] [LOG] [Fast Refresh] done in 62ms @ http://localhost:3000/_next/static/chunks/0stj_next_dist_19zsb-q._.js:776
[ 1863153ms] [LOG] [Fast Refresh] done in 62ms @ http://localhost:3000/_next/static/chunks/0stj_next_dist_19zsb-q._.js:776
[ 1863214ms] [LOG] [Fast Refresh] done in 62ms @ http://localhost:3000/_next/static/chunks/0stj_next_dist_19zsb-q._.js:776
[ 1863276ms] [LOG] [Fast Refresh] done in 62ms @ http://localhost:3000/_next/static/chunks/0stj_next_dist_19zsb-q._.js:776
[ 1863339ms] [LOG] [Fast Refresh] done in 62ms @ http://localhost:3000/_next/static/chunks/0stj_next_dist_19zsb-q._.js:776
[ 1863401ms] [LOG] [Fast Refresh] done in 62ms @ http://localhost:3000/_next/static/chunks/0stj_next_dist_19zsb-q._.js:776
[ 1863463ms] [LOG] [Fast Refresh] done in 62ms @ http://localhost:3000/_next/static/chunks/0stj_next_dist_19zsb-q._.js:776
[ 1863526ms] [LOG] [Fast Refresh] done in 62ms @ http://localhost:3000/_next/static/chunks/0stj_next_dist_19zsb-q._.js:776
[ 1863588ms] [LOG] [Fast Refresh] done in 62ms @ http://localhost:3000/_next/static/chunks/0stj_next_dist_19zsb-q._.js:776
[ 1863651ms] [LOG] [Fast Refresh] done in 62ms @ http://localhost:3000/_next/static/chunks/0stj_next_dist_19zsb-q._.js:776
[ 1863712ms] [LOG] [Fast Refresh] done in 62ms @ http://localhost:3000/_next/static/chunks/0stj_next_dist_19zsb-q._.js:776
[ 1863774ms] [LOG] [Fast Refresh] done in 62ms @ http://localhost:3000/_next/static/chunks/0stj_next_dist_19zsb-q._.js:776
[ 1863834ms] [LOG] [Fast Refresh] done in 62ms @ http://localhost:3000/_next/static/chunks/0stj_next_dist_19zsb-q._.js:776
[ 1863897ms] [LOG] [Fast Refresh] done in 62ms @ http://localhost:3000/_next/static/chunks/0stj_next_dist_19zsb-q._.js:776
[ 1863959ms] [LOG] [Fast Refresh] done in 62ms @ http://localhost:3000/_next/static/chunks/0stj_next_dist_19zsb-q._.js:776
[ 1864022ms] [LOG] [Fast Refresh] done in 62ms @ http://localhost:3000/_next/static/chunks/0stj_next_dist_19zsb-q._.js:776
[ 1864084ms] [LOG] [Fast Refresh] done in 62ms @ http://localhost:3000/_next/static/chunks/0stj_next_dist_19zsb-q._.js:776
[ 1864145ms] [LOG] [Fast Refresh] done in 62ms @ http://localhost:3000/_next/static/chunks/0stj_next_dist_19zsb-q._.js:776
[ 1864207ms] [LOG] [Fast Refresh] done in 62ms @ http://localhost:3000/_next/static/chunks/0stj_next_dist_19zsb-q._.js:776
[ 1864270ms] [LOG] [Fast Refresh] done in 62ms @ http://localhost:3000/_next/static/chunks/0stj_next_dist_19zsb-q._.js:776
[ 1864332ms] [LOG] [Fast Refresh] done in 62ms @ http://localhost:3000/_next/static/chunks/0stj_next_dist_19zsb-q._.js:776
[ 1864395ms] [LOG] [Fast Refresh] done in 62ms @ http://localhost:3000/_next/static/chunks/0stj_next_dist_19zsb-q._.js:776
[ 1864460ms] [LOG] [Fast Refresh] done in 62ms @ http://localhost:3000/_next/static/chunks/0stj_next_dist_19zsb-q._.js:776
[ 1864523ms] [LOG] [Fast Refresh] done in 62ms @ http://localhost:3000/_next/static/chunks/0stj_next_dist_19zsb-q._.js:776
[ 1864586ms] [LOG] [Fast Refresh] done in 62ms @ http://localhost:3000/_next/static/chunks/0stj_next_dist_19zsb-q._.js:776
[ 1864649ms] [LOG] [Fast Refresh] done in 62ms @ http://localhost:3000/_next/static/chunks/0stj_next_dist_19zsb-q._.js:776
[ 1864710ms] [LOG] [Fast Refresh] done in 62ms @ http://localhost:3000/_next/static/chunks/0stj_next_dist_19zsb-q._.js:776
[ 1864773ms] [LOG] [Fast Refresh] done in 62ms @ http://localhost:3000/_next/static/chunks/0stj_next_dist_19zsb-q._.js:776
[ 1864838ms] [LOG] [Fast Refresh] done in 62ms @ http://localhost:3000/_next/static/chunks/0stj_next_dist_19zsb-q._.js:776
[ 1864901ms] [LOG] [Fast Refresh] done in 62ms @ http://localhost:3000/_next/static/chunks/0stj_next_dist_19zsb-q._.js:776
[ 1864963ms] [LOG] [Fast Refresh] done in 62ms @ http://localhost:3000/_next/static/chunks/0stj_next_dist_19zsb-q._.js:776
[ 1865025ms] [LOG] [Fast Refresh] done in 62ms @ http://localhost:3000/_next/static/chunks/0stj_next_dist_19zsb-q._.js:776
[ 1865087ms] [LOG] [Fast Refresh] done in 62ms @ http://localhost:3000/_next/static/chunks/0stj_next_dist_19zsb-q._.js:776
[ 1865149ms] [LOG] [Fast Refresh] done in 62ms @ http://localhost:3000/_next/static/chunks/0stj_next_dist_19zsb-q._.js:776
[ 1865213ms] [LOG] [Fast Refresh] done in 62ms @ http://localhost:3000/_next/static/chunks/0stj_next_dist_19zsb-q._.js:776
[ 1865276ms] [LOG] [Fast Refresh] done in 62ms @ http://localhost:3000/_next/static/chunks/0stj_next_dist_19zsb-q._.js:776
[ 1865337ms] [LOG] [Fast Refresh] done in 62ms @ http://localhost:3000/_next/static/chunks/0stj_next_dist_19zsb-q._.js:776
[ 1865399ms] [LOG] [Fast Refresh] done in 62ms @ http://localhost:3000/_next/static/chunks/0stj_next_dist_19zsb-q._.js:776
[ 1865461ms] [LOG] [Fast Refresh] done in 62ms @ http://localhost:3000/_next/static/chunks/0stj_next_dist_19zsb-q._.js:776
[ 1865522ms] [LOG] [Fast Refresh] done in 62ms @ http://localhost:3000/_next/static/chunks/0stj_next_dist_19zsb-q._.js:776
[ 1865584ms] [LOG] [Fast Refresh] done in 62ms @ http://localhost:3000/_next/static/chunks/0stj_next_dist_19zsb-q._.js:776
[ 1865646ms] [LOG] [Fast Refresh] done in 62ms @ http://localhost:3000/_next/static/chunks/0stj_next_dist_19zsb-q._.js:776
[ 1865709ms] [LOG] [Fast Refresh] done in 62ms @ http://localhost:3000/_next/static/chunks/0stj_next_dist_19zsb-q._.js:776
[ 1865772ms] [LOG] [Fast Refresh] done in 62ms @ http://localhost:3000/_next/static/chunks/0stj_next_dist_19zsb-q._.js:776
[ 1865835ms] [LOG] [Fast Refresh] done in 62ms @ http://localhost:3000/_next/static/chunks/0stj_next_dist_19zsb-q._.js:776
[ 1865897ms] [LOG] [Fast Refresh] done in 62ms @ http://localhost:3000/_next/static/chunks/0stj_next_dist_19zsb-q._.js:776
[ 1865960ms] [LOG] [Fast Refresh] done in 62ms @ http://localhost:3000/_next/static/chunks/0stj_next_dist_19zsb-q._.js:776
[ 1866022ms] [LOG] [Fast Refresh] done in 62ms @ http://localhost:3000/_next/static/chunks/0stj_next_dist_19zsb-q._.js:776
[ 1866087ms] [LOG] [Fast Refresh] done in 62ms @ http://localhost:3000/_next/static/chunks/0stj_next_dist_19zsb-q._.js:776
[ 1866148ms] [LOG] [Fast Refresh] done in 62ms @ http://localhost:3000/_next/static/chunks/0stj_next_dist_19zsb-q._.js:776
[ 1866211ms] [LOG] [Fast Refresh] done in 62ms @ http://localhost:3000/_next/static/chunks/0stj_next_dist_19zsb-q._.js:776
[ 1866274ms] [LOG] [Fast Refresh] done in 62ms @ http://localhost:3000/_next/static/chunks/0stj_next_dist_19zsb-q._.js:776
[ 1866337ms] [LOG] [Fast Refresh] done in 62ms @ http://localhost:3000/_next/static/chunks/0stj_next_dist_19zsb-q._.js:776
[ 1866398ms] [LOG] [Fast Refresh] done in 62ms @ http://localhost:3000/_next/static/chunks/0stj_next_dist_19zsb-q._.js:776
[ 1866461ms] [LOG] [Fast Refresh] done in 62ms @ http://localhost:3000/_next/static/chunks/0stj_next_dist_19zsb-q._.js:776
[ 1866524ms] [LOG] [Fast Refresh] done in 62ms @ http://localhost:3000/_next/static/chunks/0stj_next_dist_19zsb-q._.js:776
[ 1866586ms] [LOG] [Fast Refresh] done in 62ms @ http://localhost:3000/_next/static/chunks/0stj_next_dist_19zsb-q._.js:776
[ 1866648ms] [LOG] [Fast Refresh] done in 62ms @ http://localhost:3000/_next/static/chunks/0stj_next_dist_19zsb-q._.js:776
[ 1866711ms] [LOG] [Fast Refresh] done in 62ms @ http://localhost:3000/_next/static/chunks/0stj_next_dist_19zsb-q._.js:776
[ 1866772ms] [LOG] [Fast Refresh] done in 62ms @ http://localhost:3000/_next/static/chunks/0stj_next_dist_19zsb-q._.js:776
[ 1866835ms] [LOG] [Fast Refresh] done in 62ms @ http://localhost:3000/_next/static/chunks/0stj_next_dist_19zsb-q._.js:776
[ 1866897ms] [LOG] [Fast Refresh] done in 62ms @ http://localhost:3000/_next/static/chunks/0stj_next_dist_19zsb-q._.js:776
[ 1866961ms] [LOG] [Fast Refresh] done in 62ms @ http://localhost:3000/_next/static/chunks/0stj_next_dist_19zsb-q._.js:776
[ 1867023ms] [LOG] [Fast Refresh] done in 62ms @ http://localhost:3000/_next/static/chunks/0stj_next_dist_19zsb-q._.js:776
[ 1867084ms] [LOG] [Fast Refresh] done in 62ms @ http://localhost:3000/_next/static/chunks/0stj_next_dist_19zsb-q._.js:776
[ 1867146ms] [LOG] [Fast Refresh] done in 62ms @ http://localhost:3000/_next/static/chunks/0stj_next_dist_19zsb-q._.js:776
[ 1867207ms] [LOG] [Fast Refresh] done in 62ms @ http://localhost:3000/_next/static/chunks/0stj_next_dist_19zsb-q._.js:776
[ 1867269ms] [LOG] [Fast Refresh] done in 62ms @ http://localhost:3000/_next/static/chunks/0stj_next_dist_19zsb-q._.js:776
[ 1867333ms] [LOG] [Fast Refresh] done in 62ms @ http://localhost:3000/_next/static/chunks/0stj_next_dist_19zsb-q._.js:776
[ 1867394ms] [LOG] [Fast Refresh] done in 62ms @ http://localhost:3000/_next/static/chunks/0stj_next_dist_19zsb-q._.js:776
[ 1867456ms] [LOG] [Fast Refresh] done in 62ms @ http://localhost:3000/_next/static/chunks/0stj_next_dist_19zsb-q._.js:776
[ 1867520ms] [LOG] [Fast Refresh] done in 62ms @ http://localhost:3000/_next/static/chunks/0stj_next_dist_19zsb-q._.js:776
[ 1867582ms] [LOG] [Fast Refresh] done in 62ms @ http://localhost:3000/_next/static/chunks/0stj_next_dist_19zsb-q._.js:776
[ 1867644ms] [LOG] [Fast Refresh] done in 62ms @ http://localhost:3000/_next/static/chunks/0stj_next_dist_19zsb-q._.js:776
[ 1867706ms] [LOG] [Fast Refresh] done in 62ms @ http://localhost:3000/_next/static/chunks/0stj_next_dist_19zsb-q._.js:776
[ 1867770ms] [LOG] [Fast Refresh] done in 62ms @ http://localhost:3000/_next/static/chunks/0stj_next_dist_19zsb-q._.js:776
[ 1867832ms] [LOG] [Fast Refresh] done in 62ms @ http://localhost:3000/_next/static/chunks/0stj_next_dist_19zsb-q._.js:776
[ 1867894ms] [LOG] [Fast Refresh] done in 62ms @ http://localhost:3000/_next/static/chunks/0stj_next_dist_19zsb-q._.js:776
[ 1867955ms] [LOG] [Fast Refresh] done in 62ms @ http://localhost:3000/_next/static/chunks/0stj_next_dist_19zsb-q._.js:776
[ 1868018ms] [LOG] [Fast Refresh] done in 62ms @ http://localhost:3000/_next/static/chunks/0stj_next_dist_19zsb-q._.js:776
[ 1868081ms] [LOG] [Fast Refresh] done in 62ms @ http://localhost:3000/_next/static/chunks/0stj_next_dist_19zsb-q._.js:776
[ 1868145ms] [LOG] [Fast Refresh] done in 62ms @ http://localhost:3000/_next/static/chunks/0stj_next_dist_19zsb-q._.js:776
[ 1868209ms] [LOG] [Fast Refresh] done in 62ms @ http://localhost:3000/_next/static/chunks/0stj_next_dist_19zsb-q._.js:776
[ 1868271ms] [LOG] [Fast Refresh] done in 62ms @ http://localhost:3000/_next/static/chunks/0stj_next_dist_19zsb-q._.js:776
[ 1868333ms] [LOG] [Fast Refresh] done in 62ms @ http://localhost:3000/_next/static/chunks/0stj_next_dist_19zsb-q._.js:776
[ 1868396ms] [LOG] [Fast Refresh] done in 62ms @ http://localhost:3000/_next/static/chunks/0stj_next_dist_19zsb-q._.js:776
[ 1868458ms] [LOG] [Fast Refresh] done in 62ms @ http://localhost:3000/_next/static/chunks/0stj_next_dist_19zsb-q._.js:776
[ 1868521ms] [LOG] [Fast Refresh] done in 62ms @ http://localhost:3000/_next/static/chunks/0stj_next_dist_19zsb-q._.js:776
[ 1868584ms] [LOG] [Fast Refresh] done in 62ms @ http://localhost:3000/_next/static/chunks/0stj_next_dist_19zsb-q._.js:776
[ 1868648ms] [LOG] [Fast Refresh] done in 62ms @ http://localhost:3000/_next/static/chunks/0stj_next_dist_19zsb-q._.js:776
[ 1868710ms] [LOG] [Fast Refresh] done in 62ms @ http://localhost:3000/_next/static/chunks/0stj_next_dist_19zsb-q._.js:776
[ 1868773ms] [LOG] [Fast Refresh] done in 62ms @ http://localhost:3000/_next/static/chunks/0stj_next_dist_19zsb-q._.js:776
[ 1868836ms] [LOG] [Fast Refresh] done in 62ms @ http://localhost:3000/_next/static/chunks/0stj_next_dist_19zsb-q._.js:776
[ 1868897ms] [LOG] [Fast Refresh] done in 62ms @ http://localhost:3000/_next/static/chunks/0stj_next_dist_19zsb-q._.js:776
[ 1868960ms] [LOG] [Fast Refresh] done in 62ms @ http://localhost:3000/_next/static/chunks/0stj_next_dist_19zsb-q._.js:776
[ 1869024ms] [LOG] [Fast Refresh] done in 62ms @ http://localhost:3000/_next/static/chunks/0stj_next_dist_19zsb-q._.js:776
[ 1869087ms] [LOG] [Fast Refresh] done in 62ms @ http://localhost:3000/_next/static/chunks/0stj_next_dist_19zsb-q._.js:776
[ 1869150ms] [LOG] [Fast Refresh] done in 62ms @ http://localhost:3000/_next/static/chunks/0stj_next_dist_19zsb-q._.js:776
[ 1869212ms] [LOG] [Fast Refresh] done in 62ms @ http://localhost:3000/_next/static/chunks/0stj_next_dist_19zsb-q._.js:776
[ 1869273ms] [LOG] [Fast Refresh] done in 62ms @ http://localhost:3000/_next/static/chunks/0stj_next_dist_19zsb-q._.js:776
[ 1869337ms] [LOG] [Fast Refresh] done in 62ms @ http://localhost:3000/_next/static/chunks/0stj_next_dist_19zsb-q._.js:776
[ 1869399ms] [LOG] [Fast Refresh] done in 62ms @ http://localhost:3000/_next/static/chunks/0stj_next_dist_19zsb-q._.js:776
[ 1869460ms] [LOG] [Fast Refresh] done in 62ms @ http://localhost:3000/_next/static/chunks/0stj_next_dist_19zsb-q._.js:776
[ 1869523ms] [LOG] [Fast Refresh] done in 62ms @ http://localhost:3000/_next/static/chunks/0stj_next_dist_19zsb-q._.js:776
[ 1869587ms] [LOG] [Fast Refresh] done in 62ms @ http://localhost:3000/_next/static/chunks/0stj_next_dist_19zsb-q._.js:776
[ 1869649ms] [LOG] [Fast Refresh] done in 62ms @ http://localhost:3000/_next/static/chunks/0stj_next_dist_19zsb-q._.js:776
[ 1869712ms] [LOG] [Fast Refresh] done in 62ms @ http://localhost:3000/_next/static/chunks/0stj_next_dist_19zsb-q._.js:776
[ 1869773ms] [LOG] [Fast Refresh] done in 62ms @ http://localhost:3000/_next/static/chunks/0stj_next_dist_19zsb-q._.js:776
[ 1869837ms] [LOG] [Fast Refresh] done in 62ms @ http://localhost:3000/_next/static/chunks/0stj_next_dist_19zsb-q._.js:776
[ 1869900ms] [LOG] [Fast Refresh] done in 62ms @ http://localhost:3000/_next/static/chunks/0stj_next_dist_19zsb-q._.js:776
[ 1869964ms] [LOG] [Fast Refresh] done in 62ms @ http://localhost:3000/_next/static/chunks/0stj_next_dist_19zsb-q._.js:776
[ 1870027ms] [LOG] [Fast Refresh] done in 62ms @ http://localhost:3000/_next/static/chunks/0stj_next_dist_19zsb-q._.js:776
[ 1870089ms] [LOG] [Fast Refresh] done in 62ms @ http://localhost:3000/_next/static/chunks/0stj_next_dist_19zsb-q._.js:776
[ 1870151ms] [LOG] [Fast Refresh] done in 62ms @ http://localhost:3000/_next/static/chunks/0stj_next_dist_19zsb-q._.js:776
[ 1870214ms] [LOG] [Fast Refresh] done in 62ms @ http://localhost:3000/_next/static/chunks/0stj_next_dist_19zsb-q._.js:776
[ 1870276ms] [LOG] [Fast Refresh] done in 62ms @ http://localhost:3000/_next/static/chunks/0stj_next_dist_19zsb-q._.js:776
[ 1870338ms] [LOG] [Fast Refresh] done in 62ms @ http://localhost:3000/_next/static/chunks/0stj_next_dist_19zsb-q._.js:776
[ 1870401ms] [LOG] [Fast Refresh] done in 62ms @ http://localhost:3000/_next/static/chunks/0stj_next_dist_19zsb-q._.js:776
[ 1870464ms] [LOG] [Fast Refresh] done in 62ms @ http://localhost:3000/_next/static/chunks/0stj_next_dist_19zsb-q._.js:776
[ 1870526ms] [LOG] [Fast Refresh] done in 62ms @ http://localhost:3000/_next/static/chunks/0stj_next_dist_19zsb-q._.js:776
[ 1870589ms] [LOG] [Fast Refresh] done in 62ms @ http://localhost:3000/_next/static/chunks/0stj_next_dist_19zsb-q._.js:776
[ 1870651ms] [LOG] [Fast Refresh] done in 62ms @ http://localhost:3000/_next/static/chunks/0stj_next_dist_19zsb-q._.js:776
[ 1870714ms] [LOG] [Fast Refresh] done in 62ms @ http://localhost:3000/_next/static/chunks/0stj_next_dist_19zsb-q._.js:776
[ 1870777ms] [LOG] [Fast Refresh] done in 62ms @ http://localhost:3000/_next/static/chunks/0stj_next_dist_19zsb-q._.js:776
[ 1870839ms] [LOG] [Fast Refresh] done in 62ms @ http://localhost:3000/_next/static/chunks/0stj_next_dist_19zsb-q._.js:776
[ 1870901ms] [LOG] [Fast Refresh] done in 62ms @ http://localhost:3000/_next/static/chunks/0stj_next_dist_19zsb-q._.js:776
[ 1870964ms] [LOG] [Fast Refresh] done in 62ms @ http://localhost:3000/_next/static/chunks/0stj_next_dist_19zsb-q._.js:776
[ 1871026ms] [LOG] [Fast Refresh] done in 62ms @ http://localhost:3000/_next/static/chunks/0stj_next_dist_19zsb-q._.js:776
[ 1871088ms] [LOG] [Fast Refresh] done in 62ms @ http://localhost:3000/_next/static/chunks/0stj_next_dist_19zsb-q._.js:776
[ 1871150ms] [LOG] [Fast Refresh] done in 62ms @ http://localhost:3000/_next/static/chunks/0stj_next_dist_19zsb-q._.js:776
[ 1871214ms] [LOG] [Fast Refresh] done in 62ms @ http://localhost:3000/_next/static/chunks/0stj_next_dist_19zsb-q._.js:776
[ 1871278ms] [LOG] [Fast Refresh] done in 62ms @ http://localhost:3000/_next/static/chunks/0stj_next_dist_19zsb-q._.js:776
[ 1871340ms] [LOG] [Fast Refresh] done in 62ms @ http://localhost:3000/_next/static/chunks/0stj_next_dist_19zsb-q._.js:776
[ 1871403ms] [LOG] [Fast Refresh] done in 62ms @ http://localhost:3000/_next/static/chunks/0stj_next_dist_19zsb-q._.js:776
[ 1871466ms] [LOG] [Fast Refresh] done in 62ms @ http://localhost:3000/_next/static/chunks/0stj_next_dist_19zsb-q._.js:776
[ 1871528ms] [LOG] [Fast Refresh] done in 62ms @ http://localhost:3000/_next/static/chunks/0stj_next_dist_19zsb-q._.js:776
[ 1871590ms] [LOG] [Fast Refresh] done in 62ms @ http://localhost:3000/_next/static/chunks/0stj_next_dist_19zsb-q._.js:776
[ 1871651ms] [LOG] [Fast Refresh] done in 62ms @ http://localhost:3000/_next/static/chunks/0stj_next_dist_19zsb-q._.js:776
[ 1871713ms] [LOG] [Fast Refresh] done in 62ms @ http://localhost:3000/_next/static/chunks/0stj_next_dist_19zsb-q._.js:776
[ 1871776ms] [LOG] [Fast Refresh] done in 62ms @ http://localhost:3000/_next/static/chunks/0stj_next_dist_19zsb-q._.js:776
[ 1871839ms] [LOG] [Fast Refresh] done in 62ms @ http://localhost:3000/_next/static/chunks/0stj_next_dist_19zsb-q._.js:776
[ 1871901ms] [LOG] [Fast Refresh] done in 62ms @ http://localhost:3000/_next/static/chunks/0stj_next_dist_19zsb-q._.js:776
[ 1871964ms] [LOG] [Fast Refresh] done in 62ms @ http://localhost:3000/_next/static/chunks/0stj_next_dist_19zsb-q._.js:776
[ 1872028ms] [LOG] [Fast Refresh] done in 62ms @ http://localhost:3000/_next/static/chunks/0stj_next_dist_19zsb-q._.js:776
[ 1872091ms] [LOG] [Fast Refresh] done in 62ms @ http://localhost:3000/_next/static/chunks/0stj_next_dist_19zsb-q._.js:776
[ 1872152ms] [LOG] [Fast Refresh] done in 62ms @ http://localhost:3000/_next/static/chunks/0stj_next_dist_19zsb-q._.js:776
[ 1872215ms] [LOG] [Fast Refresh] done in 62ms @ http://localhost:3000/_next/static/chunks/0stj_next_dist_19zsb-q._.js:776
[ 1872278ms] [LOG] [Fast Refresh] done in 62ms @ http://localhost:3000/_next/static/chunks/0stj_next_dist_19zsb-q._.js:776
[ 1872341ms] [LOG] [Fast Refresh] done in 62ms @ http://localhost:3000/_next/static/chunks/0stj_next_dist_19zsb-q._.js:776
[ 1872404ms] [LOG] [Fast Refresh] done in 62ms @ http://localhost:3000/_next/static/chunks/0stj_next_dist_19zsb-q._.js:776
[ 1872467ms] [LOG] [Fast Refresh] done in 62ms @ http://localhost:3000/_next/static/chunks/0stj_next_dist_19zsb-q._.js:776
[ 1872529ms] [LOG] [Fast Refresh] done in 62ms @ http://localhost:3000/_next/static/chunks/0stj_next_dist_19zsb-q._.js:776
[ 1872592ms] [LOG] [Fast Refresh] done in 62ms @ http://localhost:3000/_next/static/chunks/0stj_next_dist_19zsb-q._.js:776
[ 1872656ms] [LOG] [Fast Refresh] done in 62ms @ http://localhost:3000/_next/static/chunks/0stj_next_dist_19zsb-q._.js:776
[ 1872718ms] [LOG] [Fast Refresh] done in 62ms @ http://localhost:3000/_next/static/chunks/0stj_next_dist_19zsb-q._.js:776
[ 1872780ms] [LOG] [Fast Refresh] done in 62ms @ http://localhost:3000/_next/static/chunks/0stj_next_dist_19zsb-q._.js:776
[ 1872844ms] [LOG] [Fast Refresh] done in 62ms @ http://localhost:3000/_next/static/chunks/0stj_next_dist_19zsb-q._.js:776
[ 1872907ms] [LOG] [Fast Refresh] done in 62ms @ http://localhost:3000/_next/static/chunks/0stj_next_dist_19zsb-q._.js:776
[ 1872970ms] [LOG] [Fast Refresh] done in 62ms @ http://localhost:3000/_next/static/chunks/0stj_next_dist_19zsb-q._.js:776
[ 1873032ms] [LOG] [Fast Refresh] done in 62ms @ http://localhost:3000/_next/static/chunks/0stj_next_dist_19zsb-q._.js:776
[ 1873095ms] [LOG] [Fast Refresh] done in 62ms @ http://localhost:3000/_next/static/chunks/0stj_next_dist_19zsb-q._.js:776
[ 1873158ms] [LOG] [Fast Refresh] done in 62ms @ http://localhost:3000/_next/static/chunks/0stj_next_dist_19zsb-q._.js:776
[ 1873219ms] [LOG] [Fast Refresh] done in 62ms @ http://localhost:3000/_next/static/chunks/0stj_next_dist_19zsb-q._.js:776
[ 1873281ms] [LOG] [Fast Refresh] done in 62ms @ http://localhost:3000/_next/static/chunks/0stj_next_dist_19zsb-q._.js:776
[ 1873344ms] [LOG] [Fast Refresh] done in 62ms @ http://localhost:3000/_next/static/chunks/0stj_next_dist_19zsb-q._.js:776
[ 1873407ms] [LOG] [Fast Refresh] done in 62ms @ http://localhost:3000/_next/static/chunks/0stj_next_dist_19zsb-q._.js:776
[ 1873470ms] [LOG] [Fast Refresh] done in 62ms @ http://localhost:3000/_next/static/chunks/0stj_next_dist_19zsb-q._.js:776
[ 1873532ms] [LOG] [Fast Refresh] done in 62ms @ http://localhost:3000/_next/static/chunks/0stj_next_dist_19zsb-q._.js:776
[ 1873595ms] [LOG] [Fast Refresh] done in 62ms @ http://localhost:3000/_next/static/chunks/0stj_next_dist_19zsb-q._.js:776
[ 1873657ms] [LOG] [Fast Refresh] done in 62ms @ http://localhost:3000/_next/static/chunks/0stj_next_dist_19zsb-q._.js:776
[ 1873722ms] [LOG] [Fast Refresh] done in 62ms @ http://localhost:3000/_next/static/chunks/0stj_next_dist_19zsb-q._.js:776
[ 1873784ms] [LOG] [Fast Refresh] done in 62ms @ http://localhost:3000/_next/static/chunks/0stj_next_dist_19zsb-q._.js:776
[ 1873845ms] [LOG] [Fast Refresh] done in 62ms @ http://localhost:3000/_next/static/chunks/0stj_next_dist_19zsb-q._.js:776
[ 1873907ms] [LOG] [Fast Refresh] done in 62ms @ http://localhost:3000/_next/static/chunks/0stj_next_dist_19zsb-q._.js:776
[ 1873970ms] [LOG] [Fast Refresh] done in 62ms @ http://localhost:3000/_next/static/chunks/0stj_next_dist_19zsb-q._.js:776
[ 1874032ms] [LOG] [Fast Refresh] done in 62ms @ http://localhost:3000/_next/static/chunks/0stj_next_dist_19zsb-q._.js:776
[ 1874094ms] [LOG] [Fast Refresh] done in 62ms @ http://localhost:3000/_next/static/chunks/0stj_next_dist_19zsb-q._.js:776
[ 1874157ms] [LOG] [Fast Refresh] done in 62ms @ http://localhost:3000/_next/static/chunks/0stj_next_dist_19zsb-q._.js:776
[ 1874218ms] [LOG] [Fast Refresh] done in 62ms @ http://localhost:3000/_next/static/chunks/0stj_next_dist_19zsb-q._.js:776
[ 1874281ms] [LOG] [Fast Refresh] done in 62ms @ http://localhost:3000/_next/static/chunks/0stj_next_dist_19zsb-q._.js:776
[ 1874343ms] [LOG] [Fast Refresh] done in 62ms @ http://localhost:3000/_next/static/chunks/0stj_next_dist_19zsb-q._.js:776
[ 1874404ms] [LOG] [Fast Refresh] done in 62ms @ http://localhost:3000/_next/static/chunks/0stj_next_dist_19zsb-q._.js:776
[ 1874467ms] [LOG] [Fast Refresh] done in 62ms @ http://localhost:3000/_next/static/chunks/0stj_next_dist_19zsb-q._.js:776
[ 1874530ms] [LOG] [Fast Refresh] done in 62ms @ http://localhost:3000/_next/static/chunks/0stj_next_dist_19zsb-q._.js:776
[ 1874592ms] [LOG] [Fast Refresh] done in 62ms @ http://localhost:3000/_next/static/chunks/0stj_next_dist_19zsb-q._.js:776
[ 1874654ms] [LOG] [Fast Refresh] done in 62ms @ http://localhost:3000/_next/static/chunks/0stj_next_dist_19zsb-q._.js:776
[ 1874717ms] [LOG] [Fast Refresh] done in 62ms @ http://localhost:3000/_next/static/chunks/0stj_next_dist_19zsb-q._.js:776
[ 1874780ms] [LOG] [Fast Refresh] done in 62ms @ http://localhost:3000/_next/static/chunks/0stj_next_dist_19zsb-q._.js:776
[ 1874842ms] [LOG] [Fast Refresh] done in 62ms @ http://localhost:3000/_next/static/chunks/0stj_next_dist_19zsb-q._.js:776
[ 1874904ms] [LOG] [Fast Refresh] done in 62ms @ http://localhost:3000/_next/static/chunks/0stj_next_dist_19zsb-q._.js:776
[ 1874966ms] [LOG] [Fast Refresh] done in 62ms @ http://localhost:3000/_next/static/chunks/0stj_next_dist_19zsb-q._.js:776
[ 1875029ms] [LOG] [Fast Refresh] done in 62ms @ http://localhost:3000/_next/static/chunks/0stj_next_dist_19zsb-q._.js:776
[ 1875093ms] [LOG] [Fast Refresh] done in 62ms @ http://localhost:3000/_next/static/chunks/0stj_next_dist_19zsb-q._.js:776
[ 1875155ms] [LOG] [Fast Refresh] done in 62ms @ http://localhost:3000/_next/static/chunks/0stj_next_dist_19zsb-q._.js:776
[ 1875219ms] [LOG] [Fast Refresh] done in 62ms @ http://localhost:3000/_next/static/chunks/0stj_next_dist_19zsb-q._.js:776
[ 1875282ms] [LOG] [Fast Refresh] done in 62ms @ http://localhost:3000/_next/static/chunks/0stj_next_dist_19zsb-q._.js:776
[ 1875344ms] [LOG] [Fast Refresh] done in 62ms @ http://localhost:3000/_next/static/chunks/0stj_next_dist_19zsb-q._.js:776
[ 1875407ms] [LOG] [Fast Refresh] done in 62ms @ http://localhost:3000/_next/static/chunks/0stj_next_dist_19zsb-q._.js:776
[ 1875470ms] [LOG] [Fast Refresh] done in 62ms @ http://localhost:3000/_next/static/chunks/0stj_next_dist_19zsb-q._.js:776
[ 1875532ms] [LOG] [Fast Refresh] done in 62ms @ http://localhost:3000/_next/static/chunks/0stj_next_dist_19zsb-q._.js:776
[ 1875594ms] [LOG] [Fast Refresh] done in 62ms @ http://localhost:3000/_next/static/chunks/0stj_next_dist_19zsb-q._.js:776
[ 1875656ms] [LOG] [Fast Refresh] done in 62ms @ http://localhost:3000/_next/static/chunks/0stj_next_dist_19zsb-q._.js:776
[ 1875719ms] [LOG] [Fast Refresh] done in 62ms @ http://localhost:3000/_next/static/chunks/0stj_next_dist_19zsb-q._.js:776
[ 1875784ms] [LOG] [Fast Refresh] done in 62ms @ http://localhost:3000/_next/static/chunks/0stj_next_dist_19zsb-q._.js:776
[ 1875847ms] [LOG] [Fast Refresh] done in 62ms @ http://localhost:3000/_next/static/chunks/0stj_next_dist_19zsb-q._.js:776
[ 1875909ms] [LOG] [Fast Refresh] done in 62ms @ http://localhost:3000/_next/static/chunks/0stj_next_dist_19zsb-q._.js:776
[ 1875972ms] [LOG] [Fast Refresh] done in 62ms @ http://localhost:3000/_next/static/chunks/0stj_next_dist_19zsb-q._.js:776
[ 1876036ms] [LOG] [Fast Refresh] done in 62ms @ http://localhost:3000/_next/static/chunks/0stj_next_dist_19zsb-q._.js:776
[ 1876096ms] [LOG] [Fast Refresh] done in 62ms @ http://localhost:3000/_next/static/chunks/0stj_next_dist_19zsb-q._.js:776
[ 1876158ms] [LOG] [Fast Refresh] done in 62ms @ http://localhost:3000/_next/static/chunks/0stj_next_dist_19zsb-q._.js:776
[ 1876220ms] [LOG] [Fast Refresh] done in 62ms @ http://localhost:3000/_next/static/chunks/0stj_next_dist_19zsb-q._.js:776
[ 1876282ms] [LOG] [Fast Refresh] done in 62ms @ http://localhost:3000/_next/static/chunks/0stj_next_dist_19zsb-q._.js:776
[ 1876344ms] [LOG] [Fast Refresh] done in 62ms @ http://localhost:3000/_next/static/chunks/0stj_next_dist_19zsb-q._.js:776
[ 1876407ms] [LOG] [Fast Refresh] done in 62ms @ http://localhost:3000/_next/static/chunks/0stj_next_dist_19zsb-q._.js:776
[ 1876470ms] [LOG] [Fast Refresh] done in 62ms @ http://localhost:3000/_next/static/chunks/0stj_next_dist_19zsb-q._.js:776
[ 1876533ms] [LOG] [Fast Refresh] done in 62ms @ http://localhost:3000/_next/static/chunks/0stj_next_dist_19zsb-q._.js:776
[ 1876594ms] [LOG] [Fast Refresh] done in 62ms @ http://localhost:3000/_next/static/chunks/0stj_next_dist_19zsb-q._.js:776
[ 1876657ms] [LOG] [Fast Refresh] done in 62ms @ http://localhost:3000/_next/static/chunks/0stj_next_dist_19zsb-q._.js:776
[ 1876718ms] [LOG] [Fast Refresh] done in 62ms @ http://localhost:3000/_next/static/chunks/0stj_next_dist_19zsb-q._.js:776
[ 1876781ms] [LOG] [Fast Refresh] done in 62ms @ http://localhost:3000/_next/static/chunks/0stj_next_dist_19zsb-q._.js:776
[ 1876843ms] [LOG] [Fast Refresh] done in 62ms @ http://localhost:3000/_next/static/chunks/0stj_next_dist_19zsb-q._.js:776
[ 1876905ms] [LOG] [Fast Refresh] done in 62ms @ http://localhost:3000/_next/static/chunks/0stj_next_dist_19zsb-q._.js:776
[ 1876967ms] [LOG] [Fast Refresh] done in 62ms @ http://localhost:3000/_next/static/chunks/0stj_next_dist_19zsb-q._.js:776
[ 1877029ms] [LOG] [Fast Refresh] done in 62ms @ http://localhost:3000/_next/static/chunks/0stj_next_dist_19zsb-q._.js:776
[ 1877092ms] [LOG] [Fast Refresh] done in 62ms @ http://localhost:3000/_next/static/chunks/0stj_next_dist_19zsb-q._.js:776
[ 1877156ms] [LOG] [Fast Refresh] done in 62ms @ http://localhost:3000/_next/static/chunks/0stj_next_dist_19zsb-q._.js:776
[ 1877218ms] [LOG] [Fast Refresh] done in 62ms @ http://localhost:3000/_next/static/chunks/0stj_next_dist_19zsb-q._.js:776
[ 1877280ms] [LOG] [Fast Refresh] done in 62ms @ http://localhost:3000/_next/static/chunks/0stj_next_dist_19zsb-q._.js:776
[ 1877343ms] [LOG] [Fast Refresh] done in 62ms @ http://localhost:3000/_next/static/chunks/0stj_next_dist_19zsb-q._.js:776
[ 1877405ms] [LOG] [Fast Refresh] done in 62ms @ http://localhost:3000/_next/static/chunks/0stj_next_dist_19zsb-q._.js:776
[ 1877467ms] [LOG] [Fast Refresh] done in 62ms @ http://localhost:3000/_next/static/chunks/0stj_next_dist_19zsb-q._.js:776
[ 1877528ms] [LOG] [Fast Refresh] done in 62ms @ http://localhost:3000/_next/static/chunks/0stj_next_dist_19zsb-q._.js:776
[ 1877591ms] [LOG] [Fast Refresh] done in 62ms @ http://localhost:3000/_next/static/chunks/0stj_next_dist_19zsb-q._.js:776
[ 1877652ms] [LOG] [Fast Refresh] done in 62ms @ http://localhost:3000/_next/static/chunks/0stj_next_dist_19zsb-q._.js:776
[ 1877715ms] [LOG] [Fast Refresh] done in 62ms @ http://localhost:3000/_next/static/chunks/0stj_next_dist_19zsb-q._.js:776
[ 1877776ms] [LOG] [Fast Refresh] done in 62ms @ http://localhost:3000/_next/static/chunks/0stj_next_dist_19zsb-q._.js:776
[ 1877838ms] [LOG] [Fast Refresh] done in 62ms @ http://localhost:3000/_next/static/chunks/0stj_next_dist_19zsb-q._.js:776
[ 1877900ms] [LOG] [Fast Refresh] done in 62ms @ http://localhost:3000/_next/static/chunks/0stj_next_dist_19zsb-q._.js:776
[ 1877964ms] [LOG] [Fast Refresh] done in 62ms @ http://localhost:3000/_next/static/chunks/0stj_next_dist_19zsb-q._.js:776
[ 1878028ms] [LOG] [Fast Refresh] done in 62ms @ http://localhost:3000/_next/static/chunks/0stj_next_dist_19zsb-q._.js:776
[ 1878090ms] [LOG] [Fast Refresh] done in 62ms @ http://localhost:3000/_next/static/chunks/0stj_next_dist_19zsb-q._.js:776
[ 1878152ms] [LOG] [Fast Refresh] done in 62ms @ http://localhost:3000/_next/static/chunks/0stj_next_dist_19zsb-q._.js:776
[ 1878215ms] [LOG] [Fast Refresh] done in 62ms @ http://localhost:3000/_next/static/chunks/0stj_next_dist_19zsb-q._.js:776
[ 1878281ms] [LOG] [Fast Refresh] done in 62ms @ http://localhost:3000/_next/static/chunks/0stj_next_dist_19zsb-q._.js:776
[ 1878341ms] [LOG] [Fast Refresh] done in 62ms @ http://localhost:3000/_next/static/chunks/0stj_next_dist_19zsb-q._.js:776
[ 1878404ms] [LOG] [Fast Refresh] done in 62ms @ http://localhost:3000/_next/static/chunks/0stj_next_dist_19zsb-q._.js:776
[ 1878466ms] [LOG] [Fast Refresh] done in 62ms @ http://localhost:3000/_next/static/chunks/0stj_next_dist_19zsb-q._.js:776
[ 1878530ms] [LOG] [Fast Refresh] done in 62ms @ http://localhost:3000/_next/static/chunks/0stj_next_dist_19zsb-q._.js:776
[ 1878592ms] [LOG] [Fast Refresh] done in 62ms @ http://localhost:3000/_next/static/chunks/0stj_next_dist_19zsb-q._.js:776
[ 1878653ms] [LOG] [Fast Refresh] done in 62ms @ http://localhost:3000/_next/static/chunks/0stj_next_dist_19zsb-q._.js:776
[ 1878716ms] [LOG] [Fast Refresh] done in 62ms @ http://localhost:3000/_next/static/chunks/0stj_next_dist_19zsb-q._.js:776
[ 1878779ms] [LOG] [Fast Refresh] done in 62ms @ http://localhost:3000/_next/static/chunks/0stj_next_dist_19zsb-q._.js:776
[ 1878842ms] [LOG] [Fast Refresh] done in 62ms @ http://localhost:3000/_next/static/chunks/0stj_next_dist_19zsb-q._.js:776
[ 1878904ms] [LOG] [Fast Refresh] done in 62ms @ http://localhost:3000/_next/static/chunks/0stj_next_dist_19zsb-q._.js:776
[ 1878966ms] [LOG] [Fast Refresh] done in 62ms @ http://localhost:3000/_next/static/chunks/0stj_next_dist_19zsb-q._.js:776
[ 1879031ms] [LOG] [Fast Refresh] done in 62ms @ http://localhost:3000/_next/static/chunks/0stj_next_dist_19zsb-q._.js:776
[ 1879093ms] [LOG] [Fast Refresh] done in 62ms @ http://localhost:3000/_next/static/chunks/0stj_next_dist_19zsb-q._.js:776
[ 1879154ms] [LOG] [Fast Refresh] done in 62ms @ http://localhost:3000/_next/static/chunks/0stj_next_dist_19zsb-q._.js:776
[ 1879218ms] [LOG] [Fast Refresh] done in 62ms @ http://localhost:3000/_next/static/chunks/0stj_next_dist_19zsb-q._.js:776
[ 1879280ms] [LOG] [Fast Refresh] done in 62ms @ http://localhost:3000/_next/static/chunks/0stj_next_dist_19zsb-q._.js:776
[ 1879342ms] [LOG] [Fast Refresh] done in 62ms @ http://localhost:3000/_next/static/chunks/0stj_next_dist_19zsb-q._.js:776
[ 1879406ms] [LOG] [Fast Refresh] done in 62ms @ http://localhost:3000/_next/static/chunks/0stj_next_dist_19zsb-q._.js:776
[ 1879468ms] [LOG] [Fast Refresh] done in 62ms @ http://localhost:3000/_next/static/chunks/0stj_next_dist_19zsb-q._.js:776
[ 1879528ms] [LOG] [Fast Refresh] done in 62ms @ http://localhost:3000/_next/static/chunks/0stj_next_dist_19zsb-q._.js:776
[ 1879591ms] [LOG] [Fast Refresh] done in 62ms @ http://localhost:3000/_next/static/chunks/0stj_next_dist_19zsb-q._.js:776
[ 1879653ms] [LOG] [Fast Refresh] done in 62ms @ http://localhost:3000/_next/static/chunks/0stj_next_dist_19zsb-q._.js:776
[ 1879715ms] [LOG] [Fast Refresh] done in 62ms @ http://localhost:3000/_next/static/chunks/0stj_next_dist_19zsb-q._.js:776
[ 1879777ms] [LOG] [Fast Refresh] done in 62ms @ http://localhost:3000/_next/static/chunks/0stj_next_dist_19zsb-q._.js:776
[ 1879840ms] [LOG] [Fast Refresh] done in 62ms @ http://localhost:3000/_next/static/chunks/0stj_next_dist_19zsb-q._.js:776
[ 1879903ms] [LOG] [Fast Refresh] done in 62ms @ http://localhost:3000/_next/static/chunks/0stj_next_dist_19zsb-q._.js:776
[ 1879965ms] [LOG] [Fast Refresh] done in 62ms @ http://localhost:3000/_next/static/chunks/0stj_next_dist_19zsb-q._.js:776
[ 1880028ms] [LOG] [Fast Refresh] done in 62ms @ http://localhost:3000/_next/static/chunks/0stj_next_dist_19zsb-q._.js:776
[ 1880091ms] [LOG] [Fast Refresh] done in 62ms @ http://localhost:3000/_next/static/chunks/0stj_next_dist_19zsb-q._.js:776
[ 1880152ms] [LOG] [Fast Refresh] done in 62ms @ http://localhost:3000/_next/static/chunks/0stj_next_dist_19zsb-q._.js:776
[ 1880215ms] [LOG] [Fast Refresh] done in 62ms @ http://localhost:3000/_next/static/chunks/0stj_next_dist_19zsb-q._.js:776
[ 1880278ms] [LOG] [Fast Refresh] done in 62ms @ http://localhost:3000/_next/static/chunks/0stj_next_dist_19zsb-q._.js:776
[ 1880340ms] [LOG] [Fast Refresh] done in 62ms @ http://localhost:3000/_next/static/chunks/0stj_next_dist_19zsb-q._.js:776
[ 1880402ms] [LOG] [Fast Refresh] done in 62ms @ http://localhost:3000/_next/static/chunks/0stj_next_dist_19zsb-q._.js:776
[ 1880464ms] [LOG] [Fast Refresh] done in 62ms @ http://localhost:3000/_next/static/chunks/0stj_next_dist_19zsb-q._.js:776
[ 1880528ms] [LOG] [Fast Refresh] done in 62ms @ http://localhost:3000/_next/static/chunks/0stj_next_dist_19zsb-q._.js:776
[ 1880591ms] [LOG] [Fast Refresh] done in 62ms @ http://localhost:3000/_next/static/chunks/0stj_next_dist_19zsb-q._.js:776
[ 1880652ms] [LOG] [Fast Refresh] done in 62ms @ http://localhost:3000/_next/static/chunks/0stj_next_dist_19zsb-q._.js:776
[ 1880714ms] [LOG] [Fast Refresh] done in 62ms @ http://localhost:3000/_next/static/chunks/0stj_next_dist_19zsb-q._.js:776
[ 1880777ms] [LOG] [Fast Refresh] done in 62ms @ http://localhost:3000/_next/static/chunks/0stj_next_dist_19zsb-q._.js:776
[ 1880840ms] [LOG] [Fast Refresh] done in 62ms @ http://localhost:3000/_next/static/chunks/0stj_next_dist_19zsb-q._.js:776
[ 1880902ms] [LOG] [Fast Refresh] done in 62ms @ http://localhost:3000/_next/static/chunks/0stj_next_dist_19zsb-q._.js:776
[ 1880964ms] [LOG] [Fast Refresh] done in 62ms @ http://localhost:3000/_next/static/chunks/0stj_next_dist_19zsb-q._.js:776
[ 1881025ms] [LOG] [Fast Refresh] done in 62ms @ http://localhost:3000/_next/static/chunks/0stj_next_dist_19zsb-q._.js:776
[ 1881089ms] [LOG] [Fast Refresh] done in 62ms @ http://localhost:3000/_next/static/chunks/0stj_next_dist_19zsb-q._.js:776
[ 1881151ms] [LOG] [Fast Refresh] done in 62ms @ http://localhost:3000/_next/static/chunks/0stj_next_dist_19zsb-q._.js:776
[ 1881214ms] [LOG] [Fast Refresh] done in 62ms @ http://localhost:3000/_next/static/chunks/0stj_next_dist_19zsb-q._.js:776
[ 1881278ms] [LOG] [Fast Refresh] done in 62ms @ http://localhost:3000/_next/static/chunks/0stj_next_dist_19zsb-q._.js:776
[ 1881340ms] [LOG] [Fast Refresh] done in 62ms @ http://localhost:3000/_next/static/chunks/0stj_next_dist_19zsb-q._.js:776
[ 1881404ms] [LOG] [Fast Refresh] done in 62ms @ http://localhost:3000/_next/static/chunks/0stj_next_dist_19zsb-q._.js:776
[ 1881465ms] [LOG] [Fast Refresh] done in 62ms @ http://localhost:3000/_next/static/chunks/0stj_next_dist_19zsb-q._.js:776
[ 1881528ms] [LOG] [Fast Refresh] done in 62ms @ http://localhost:3000/_next/static/chunks/0stj_next_dist_19zsb-q._.js:776
[ 1881590ms] [LOG] [Fast Refresh] done in 62ms @ http://localhost:3000/_next/static/chunks/0stj_next_dist_19zsb-q._.js:776
[ 1881651ms] [LOG] [Fast Refresh] done in 62ms @ http://localhost:3000/_next/static/chunks/0stj_next_dist_19zsb-q._.js:776
[ 1881714ms] [LOG] [Fast Refresh] done in 62ms @ http://localhost:3000/_next/static/chunks/0stj_next_dist_19zsb-q._.js:776
[ 1881777ms] [LOG] [Fast Refresh] done in 62ms @ http://localhost:3000/_next/static/chunks/0stj_next_dist_19zsb-q._.js:776
[ 1881840ms] [LOG] [Fast Refresh] done in 62ms @ http://localhost:3000/_next/static/chunks/0stj_next_dist_19zsb-q._.js:776
[ 1881902ms] [LOG] [Fast Refresh] done in 62ms @ http://localhost:3000/_next/static/chunks/0stj_next_dist_19zsb-q._.js:776
[ 1881963ms] [LOG] [Fast Refresh] done in 62ms @ http://localhost:3000/_next/static/chunks/0stj_next_dist_19zsb-q._.js:776
[ 1882026ms] [LOG] [Fast Refresh] done in 62ms @ http://localhost:3000/_next/static/chunks/0stj_next_dist_19zsb-q._.js:776
[ 1882090ms] [LOG] [Fast Refresh] done in 62ms @ http://localhost:3000/_next/static/chunks/0stj_next_dist_19zsb-q._.js:776
[ 1882151ms] [LOG] [Fast Refresh] done in 62ms @ http://localhost:3000/_next/static/chunks/0stj_next_dist_19zsb-q._.js:776
[ 1882213ms] [LOG] [Fast Refresh] done in 62ms @ http://localhost:3000/_next/static/chunks/0stj_next_dist_19zsb-q._.js:776
[ 1882275ms] [LOG] [Fast Refresh] done in 62ms @ http://localhost:3000/_next/static/chunks/0stj_next_dist_19zsb-q._.js:776
[ 1882339ms] [LOG] [Fast Refresh] done in 62ms @ http://localhost:3000/_next/static/chunks/0stj_next_dist_19zsb-q._.js:776
[ 1882402ms] [LOG] [Fast Refresh] done in 62ms @ http://localhost:3000/_next/static/chunks/0stj_next_dist_19zsb-q._.js:776
[ 1882464ms] [LOG] [Fast Refresh] done in 62ms @ http://localhost:3000/_next/static/chunks/0stj_next_dist_19zsb-q._.js:776
[ 1882526ms] [LOG] [Fast Refresh] done in 62ms @ http://localhost:3000/_next/static/chunks/0stj_next_dist_19zsb-q._.js:776
[ 1882590ms] [LOG] [Fast Refresh] done in 62ms @ http://localhost:3000/_next/static/chunks/0stj_next_dist_19zsb-q._.js:776
[ 1882652ms] [LOG] [Fast Refresh] done in 62ms @ http://localhost:3000/_next/static/chunks/0stj_next_dist_19zsb-q._.js:776
[ 1882713ms] [LOG] [Fast Refresh] done in 62ms @ http://localhost:3000/_next/static/chunks/0stj_next_dist_19zsb-q._.js:776
[ 1882776ms] [LOG] [Fast Refresh] done in 62ms @ http://localhost:3000/_next/static/chunks/0stj_next_dist_19zsb-q._.js:776
[ 1882838ms] [LOG] [Fast Refresh] done in 62ms @ http://localhost:3000/_next/static/chunks/0stj_next_dist_19zsb-q._.js:776
[ 1882902ms] [LOG] [Fast Refresh] done in 62ms @ http://localhost:3000/_next/static/chunks/0stj_next_dist_19zsb-q._.js:776
[ 1882963ms] [LOG] [Fast Refresh] done in 62ms @ http://localhost:3000/_next/static/chunks/0stj_next_dist_19zsb-q._.js:776
[ 1883026ms] [LOG] [Fast Refresh] done in 62ms @ http://localhost:3000/_next/static/chunks/0stj_next_dist_19zsb-q._.js:776
[ 1883088ms] [LOG] [Fast Refresh] done in 62ms @ http://localhost:3000/_next/static/chunks/0stj_next_dist_19zsb-q._.js:776
[ 1883151ms] [LOG] [Fast Refresh] done in 62ms @ http://localhost:3000/_next/static/chunks/0stj_next_dist_19zsb-q._.js:776
[ 1883213ms] [LOG] [Fast Refresh] done in 62ms @ http://localhost:3000/_next/static/chunks/0stj_next_dist_19zsb-q._.js:776
[ 1883276ms] [LOG] [Fast Refresh] done in 62ms @ http://localhost:3000/_next/static/chunks/0stj_next_dist_19zsb-q._.js:776
[ 1883340ms] [LOG] [Fast Refresh] done in 62ms @ http://localhost:3000/_next/static/chunks/0stj_next_dist_19zsb-q._.js:776
[ 1883404ms] [LOG] [Fast Refresh] done in 62ms @ http://localhost:3000/_next/static/chunks/0stj_next_dist_19zsb-q._.js:776
[ 1883466ms] [LOG] [Fast Refresh] done in 62ms @ http://localhost:3000/_next/static/chunks/0stj_next_dist_19zsb-q._.js:776
[ 1883530ms] [LOG] [Fast Refresh] done in 62ms @ http://localhost:3000/_next/static/chunks/0stj_next_dist_19zsb-q._.js:776
[ 1883593ms] [LOG] [Fast Refresh] done in 62ms @ http://localhost:3000/_next/static/chunks/0stj_next_dist_19zsb-q._.js:776
[ 1883656ms] [LOG] [Fast Refresh] done in 62ms @ http://localhost:3000/_next/static/chunks/0stj_next_dist_19zsb-q._.js:776
[ 1883719ms] [LOG] [Fast Refresh] done in 62ms @ http://localhost:3000/_next/static/chunks/0stj_next_dist_19zsb-q._.js:776
[ 1883781ms] [LOG] [Fast Refresh] done in 62ms @ http://localhost:3000/_next/static/chunks/0stj_next_dist_19zsb-q._.js:776
[ 1883845ms] [LOG] [Fast Refresh] done in 62ms @ http://localhost:3000/_next/static/chunks/0stj_next_dist_19zsb-q._.js:776
[ 1883908ms] [LOG] [Fast Refresh] done in 62ms @ http://localhost:3000/_next/static/chunks/0stj_next_dist_19zsb-q._.js:776
[ 1883970ms] [LOG] [Fast Refresh] done in 62ms @ http://localhost:3000/_next/static/chunks/0stj_next_dist_19zsb-q._.js:776
[ 1884032ms] [LOG] [Fast Refresh] done in 62ms @ http://localhost:3000/_next/static/chunks/0stj_next_dist_19zsb-q._.js:776
[ 1884095ms] [LOG] [Fast Refresh] done in 62ms @ http://localhost:3000/_next/static/chunks/0stj_next_dist_19zsb-q._.js:776
[ 1884158ms] [LOG] [Fast Refresh] done in 62ms @ http://localhost:3000/_next/static/chunks/0stj_next_dist_19zsb-q._.js:776
[ 1884221ms] [LOG] [Fast Refresh] done in 62ms @ http://localhost:3000/_next/static/chunks/0stj_next_dist_19zsb-q._.js:776
[ 1884284ms] [LOG] [Fast Refresh] done in 62ms @ http://localhost:3000/_next/static/chunks/0stj_next_dist_19zsb-q._.js:776
[ 1884347ms] [LOG] [Fast Refresh] done in 62ms @ http://localhost:3000/_next/static/chunks/0stj_next_dist_19zsb-q._.js:776
[ 1884409ms] [LOG] [Fast Refresh] done in 62ms @ http://localhost:3000/_next/static/chunks/0stj_next_dist_19zsb-q._.js:776
[ 1884470ms] [LOG] [Fast Refresh] done in 62ms @ http://localhost:3000/_next/static/chunks/0stj_next_dist_19zsb-q._.js:776
[ 1884532ms] [LOG] [Fast Refresh] done in 62ms @ http://localhost:3000/_next/static/chunks/0stj_next_dist_19zsb-q._.js:776
[ 1884594ms] [LOG] [Fast Refresh] done in 62ms @ http://localhost:3000/_next/static/chunks/0stj_next_dist_19zsb-q._.js:776
[ 1884656ms] [LOG] [Fast Refresh] done in 62ms @ http://localhost:3000/_next/static/chunks/0stj_next_dist_19zsb-q._.js:776
[ 1884719ms] [LOG] [Fast Refresh] done in 62ms @ http://localhost:3000/_next/static/chunks/0stj_next_dist_19zsb-q._.js:776
[ 1884781ms] [LOG] [Fast Refresh] done in 62ms @ http://localhost:3000/_next/static/chunks/0stj_next_dist_19zsb-q._.js:776
[ 1884844ms] [LOG] [Fast Refresh] done in 62ms @ http://localhost:3000/_next/static/chunks/0stj_next_dist_19zsb-q._.js:776
[ 1884906ms] [LOG] [Fast Refresh] done in 62ms @ http://localhost:3000/_next/static/chunks/0stj_next_dist_19zsb-q._.js:776
[ 1884970ms] [LOG] [Fast Refresh] done in 62ms @ http://localhost:3000/_next/static/chunks/0stj_next_dist_19zsb-q._.js:776
[ 1885033ms] [LOG] [Fast Refresh] done in 62ms @ http://localhost:3000/_next/static/chunks/0stj_next_dist_19zsb-q._.js:776
[ 1885096ms] [LOG] [Fast Refresh] done in 62ms @ http://localhost:3000/_next/static/chunks/0stj_next_dist_19zsb-q._.js:776
[ 1885158ms] [LOG] [Fast Refresh] done in 62ms @ http://localhost:3000/_next/static/chunks/0stj_next_dist_19zsb-q._.js:776
[ 1885220ms] [LOG] [Fast Refresh] done in 62ms @ http://localhost:3000/_next/static/chunks/0stj_next_dist_19zsb-q._.js:776
[ 1885283ms] [LOG] [Fast Refresh] done in 62ms @ http://localhost:3000/_next/static/chunks/0stj_next_dist_19zsb-q._.js:776
[ 1885345ms] [LOG] [Fast Refresh] done in 62ms @ http://localhost:3000/_next/static/chunks/0stj_next_dist_19zsb-q._.js:776
[ 1885407ms] [LOG] [Fast Refresh] done in 62ms @ http://localhost:3000/_next/static/chunks/0stj_next_dist_19zsb-q._.js:776
[ 1885470ms] [LOG] [Fast Refresh] done in 62ms @ http://localhost:3000/_next/static/chunks/0stj_next_dist_19zsb-q._.js:776
[ 1885532ms] [LOG] [Fast Refresh] done in 62ms @ http://localhost:3000/_next/static/chunks/0stj_next_dist_19zsb-q._.js:776
[ 1885594ms] [LOG] [Fast Refresh] done in 62ms @ http://localhost:3000/_next/static/chunks/0stj_next_dist_19zsb-q._.js:776
[ 1885657ms] [LOG] [Fast Refresh] done in 62ms @ http://localhost:3000/_next/static/chunks/0stj_next_dist_19zsb-q._.js:776
[ 1885720ms] [LOG] [Fast Refresh] done in 62ms @ http://localhost:3000/_next/static/chunks/0stj_next_dist_19zsb-q._.js:776
[ 1885783ms] [LOG] [Fast Refresh] done in 62ms @ http://localhost:3000/_next/static/chunks/0stj_next_dist_19zsb-q._.js:776
[ 1885843ms] [LOG] [Fast Refresh] done in 62ms @ http://localhost:3000/_next/static/chunks/0stj_next_dist_19zsb-q._.js:776
[ 1885906ms] [LOG] [Fast Refresh] done in 62ms @ http://localhost:3000/_next/static/chunks/0stj_next_dist_19zsb-q._.js:776
[ 1885968ms] [LOG] [Fast Refresh] done in 62ms @ http://localhost:3000/_next/static/chunks/0stj_next_dist_19zsb-q._.js:776
[ 1886031ms] [LOG] [Fast Refresh] done in 62ms @ http://localhost:3000/_next/static/chunks/0stj_next_dist_19zsb-q._.js:776
[ 1886094ms] [LOG] [Fast Refresh] done in 62ms @ http://localhost:3000/_next/static/chunks/0stj_next_dist_19zsb-q._.js:776
[ 1886157ms] [LOG] [Fast Refresh] done in 62ms @ http://localhost:3000/_next/static/chunks/0stj_next_dist_19zsb-q._.js:776
[ 1886219ms] [LOG] [Fast Refresh] done in 62ms @ http://localhost:3000/_next/static/chunks/0stj_next_dist_19zsb-q._.js:776
[ 1886282ms] [LOG] [Fast Refresh] done in 62ms @ http://localhost:3000/_next/static/chunks/0stj_next_dist_19zsb-q._.js:776
[ 1886345ms] [LOG] [Fast Refresh] done in 62ms @ http://localhost:3000/_next/static/chunks/0stj_next_dist_19zsb-q._.js:776
[ 1886407ms] [LOG] [Fast Refresh] done in 62ms @ http://localhost:3000/_next/static/chunks/0stj_next_dist_19zsb-q._.js:776
[ 1886471ms] [LOG] [Fast Refresh] done in 62ms @ http://localhost:3000/_next/static/chunks/0stj_next_dist_19zsb-q._.js:776
[ 1886535ms] [LOG] [Fast Refresh] done in 62ms @ http://localhost:3000/_next/static/chunks/0stj_next_dist_19zsb-q._.js:776
[ 1886596ms] [LOG] [Fast Refresh] done in 62ms @ http://localhost:3000/_next/static/chunks/0stj_next_dist_19zsb-q._.js:776
[ 1886658ms] [LOG] [Fast Refresh] done in 62ms @ http://localhost:3000/_next/static/chunks/0stj_next_dist_19zsb-q._.js:776
[ 1886721ms] [LOG] [Fast Refresh] done in 62ms @ http://localhost:3000/_next/static/chunks/0stj_next_dist_19zsb-q._.js:776
[ 1886785ms] [LOG] [Fast Refresh] done in 62ms @ http://localhost:3000/_next/static/chunks/0stj_next_dist_19zsb-q._.js:776
[ 1886846ms] [LOG] [Fast Refresh] done in 62ms @ http://localhost:3000/_next/static/chunks/0stj_next_dist_19zsb-q._.js:776
[ 1886909ms] [LOG] [Fast Refresh] done in 62ms @ http://localhost:3000/_next/static/chunks/0stj_next_dist_19zsb-q._.js:776
[ 1886972ms] [LOG] [Fast Refresh] done in 62ms @ http://localhost:3000/_next/static/chunks/0stj_next_dist_19zsb-q._.js:776
[ 1887034ms] [LOG] [Fast Refresh] done in 62ms @ http://localhost:3000/_next/static/chunks/0stj_next_dist_19zsb-q._.js:776
[ 1887097ms] [LOG] [Fast Refresh] done in 62ms @ http://localhost:3000/_next/static/chunks/0stj_next_dist_19zsb-q._.js:776
[ 1887158ms] [LOG] [Fast Refresh] done in 62ms @ http://localhost:3000/_next/static/chunks/0stj_next_dist_19zsb-q._.js:776
[ 1887220ms] [LOG] [Fast Refresh] done in 62ms @ http://localhost:3000/_next/static/chunks/0stj_next_dist_19zsb-q._.js:776
[ 1887281ms] [LOG] [Fast Refresh] done in 62ms @ http://localhost:3000/_next/static/chunks/0stj_next_dist_19zsb-q._.js:776
[ 1887344ms] [LOG] [Fast Refresh] done in 62ms @ http://localhost:3000/_next/static/chunks/0stj_next_dist_19zsb-q._.js:776
[ 1887406ms] [LOG] [Fast Refresh] done in 62ms @ http://localhost:3000/_next/static/chunks/0stj_next_dist_19zsb-q._.js:776
[ 1887468ms] [LOG] [Fast Refresh] done in 62ms @ http://localhost:3000/_next/static/chunks/0stj_next_dist_19zsb-q._.js:776
[ 1887530ms] [LOG] [Fast Refresh] done in 62ms @ http://localhost:3000/_next/static/chunks/0stj_next_dist_19zsb-q._.js:776
[ 1887592ms] [LOG] [Fast Refresh] done in 62ms @ http://localhost:3000/_next/static/chunks/0stj_next_dist_19zsb-q._.js:776
[ 1887655ms] [LOG] [Fast Refresh] done in 62ms @ http://localhost:3000/_next/static/chunks/0stj_next_dist_19zsb-q._.js:776
[ 1887718ms] [LOG] [Fast Refresh] done in 62ms @ http://localhost:3000/_next/static/chunks/0stj_next_dist_19zsb-q._.js:776
[ 1887781ms] [LOG] [Fast Refresh] done in 62ms @ http://localhost:3000/_next/static/chunks/0stj_next_dist_19zsb-q._.js:776
[ 1887845ms] [LOG] [Fast Refresh] done in 62ms @ http://localhost:3000/_next/static/chunks/0stj_next_dist_19zsb-q._.js:776
[ 1887906ms] [LOG] [Fast Refresh] done in 62ms @ http://localhost:3000/_next/static/chunks/0stj_next_dist_19zsb-q._.js:776
[ 1887969ms] [LOG] [Fast Refresh] done in 62ms @ http://localhost:3000/_next/static/chunks/0stj_next_dist_19zsb-q._.js:776
[ 1888031ms] [LOG] [Fast Refresh] done in 62ms @ http://localhost:3000/_next/static/chunks/0stj_next_dist_19zsb-q._.js:776
[ 1888092ms] [LOG] [Fast Refresh] done in 62ms @ http://localhost:3000/_next/static/chunks/0stj_next_dist_19zsb-q._.js:776
[ 1888155ms] [LOG] [Fast Refresh] done in 62ms @ http://localhost:3000/_next/static/chunks/0stj_next_dist_19zsb-q._.js:776
[ 1888218ms] [LOG] [Fast Refresh] done in 62ms @ http://localhost:3000/_next/static/chunks/0stj_next_dist_19zsb-q._.js:776
[ 1888279ms] [LOG] [Fast Refresh] done in 62ms @ http://localhost:3000/_next/static/chunks/0stj_next_dist_19zsb-q._.js:776
[ 1888342ms] [LOG] [Fast Refresh] done in 62ms @ http://localhost:3000/_next/static/chunks/0stj_next_dist_19zsb-q._.js:776
[ 1888404ms] [LOG] [Fast Refresh] done in 62ms @ http://localhost:3000/_next/static/chunks/0stj_next_dist_19zsb-q._.js:776
[ 1888467ms] [LOG] [Fast Refresh] done in 62ms @ http://localhost:3000/_next/static/chunks/0stj_next_dist_19zsb-q._.js:776
[ 1888530ms] [LOG] [Fast Refresh] done in 62ms @ http://localhost:3000/_next/static/chunks/0stj_next_dist_19zsb-q._.js:776
[ 1888592ms] [LOG] [Fast Refresh] done in 62ms @ http://localhost:3000/_next/static/chunks/0stj_next_dist_19zsb-q._.js:776
[ 1888655ms] [LOG] [Fast Refresh] done in 62ms @ http://localhost:3000/_next/static/chunks/0stj_next_dist_19zsb-q._.js:776
[ 1888718ms] [LOG] [Fast Refresh] done in 62ms @ http://localhost:3000/_next/static/chunks/0stj_next_dist_19zsb-q._.js:776
[ 1888779ms] [LOG] [Fast Refresh] done in 62ms @ http://localhost:3000/_next/static/chunks/0stj_next_dist_19zsb-q._.js:776
[ 1888842ms] [LOG] [Fast Refresh] done in 62ms @ http://localhost:3000/_next/static/chunks/0stj_next_dist_19zsb-q._.js:776
[ 1888905ms] [LOG] [Fast Refresh] done in 62ms @ http://localhost:3000/_next/static/chunks/0stj_next_dist_19zsb-q._.js:776
[ 1888968ms] [LOG] [Fast Refresh] done in 62ms @ http://localhost:3000/_next/static/chunks/0stj_next_dist_19zsb-q._.js:776
[ 1889032ms] [LOG] [Fast Refresh] done in 62ms @ http://localhost:3000/_next/static/chunks/0stj_next_dist_19zsb-q._.js:776
[ 1889095ms] [LOG] [Fast Refresh] done in 62ms @ http://localhost:3000/_next/static/chunks/0stj_next_dist_19zsb-q._.js:776
[ 1889158ms] [LOG] [Fast Refresh] done in 62ms @ http://localhost:3000/_next/static/chunks/0stj_next_dist_19zsb-q._.js:776
[ 1889221ms] [LOG] [Fast Refresh] done in 62ms @ http://localhost:3000/_next/static/chunks/0stj_next_dist_19zsb-q._.js:776
[ 1889285ms] [LOG] [Fast Refresh] done in 62ms @ http://localhost:3000/_next/static/chunks/0stj_next_dist_19zsb-q._.js:776
[ 1889349ms] [LOG] [Fast Refresh] done in 62ms @ http://localhost:3000/_next/static/chunks/0stj_next_dist_19zsb-q._.js:776
[ 1889410ms] [LOG] [Fast Refresh] done in 62ms @ http://localhost:3000/_next/static/chunks/0stj_next_dist_19zsb-q._.js:776
[ 1889473ms] [LOG] [Fast Refresh] done in 62ms @ http://localhost:3000/_next/static/chunks/0stj_next_dist_19zsb-q._.js:776
[ 1889534ms] [LOG] [Fast Refresh] done in 62ms @ http://localhost:3000/_next/static/chunks/0stj_next_dist_19zsb-q._.js:776
[ 1889596ms] [LOG] [Fast Refresh] done in 62ms @ http://localhost:3000/_next/static/chunks/0stj_next_dist_19zsb-q._.js:776
[ 1889659ms] [LOG] [Fast Refresh] done in 62ms @ http://localhost:3000/_next/static/chunks/0stj_next_dist_19zsb-q._.js:776
[ 1889721ms] [LOG] [Fast Refresh] done in 62ms @ http://localhost:3000/_next/static/chunks/0stj_next_dist_19zsb-q._.js:776
[ 1889784ms] [LOG] [Fast Refresh] done in 62ms @ http://localhost:3000/_next/static/chunks/0stj_next_dist_19zsb-q._.js:776
[ 1889847ms] [LOG] [Fast Refresh] done in 62ms @ http://localhost:3000/_next/static/chunks/0stj_next_dist_19zsb-q._.js:776
[ 1889908ms] [LOG] [Fast Refresh] done in 62ms @ http://localhost:3000/_next/static/chunks/0stj_next_dist_19zsb-q._.js:776
[ 1889972ms] [LOG] [Fast Refresh] done in 62ms @ http://localhost:3000/_next/static/chunks/0stj_next_dist_19zsb-q._.js:776
[ 1890035ms] [LOG] [Fast Refresh] done in 62ms @ http://localhost:3000/_next/static/chunks/0stj_next_dist_19zsb-q._.js:776
[ 1890097ms] [LOG] [Fast Refresh] done in 62ms @ http://localhost:3000/_next/static/chunks/0stj_next_dist_19zsb-q._.js:776
[ 1890159ms] [LOG] [Fast Refresh] done in 62ms @ http://localhost:3000/_next/static/chunks/0stj_next_dist_19zsb-q._.js:776
[ 1890221ms] [LOG] [Fast Refresh] done in 62ms @ http://localhost:3000/_next/static/chunks/0stj_next_dist_19zsb-q._.js:776
[ 1890284ms] [LOG] [Fast Refresh] done in 62ms @ http://localhost:3000/_next/static/chunks/0stj_next_dist_19zsb-q._.js:776
[ 1890346ms] [LOG] [Fast Refresh] done in 62ms @ http://localhost:3000/_next/static/chunks/0stj_next_dist_19zsb-q._.js:776
[ 1890408ms] [LOG] [Fast Refresh] done in 62ms @ http://localhost:3000/_next/static/chunks/0stj_next_dist_19zsb-q._.js:776
[ 1890471ms] [LOG] [Fast Refresh] done in 62ms @ http://localhost:3000/_next/static/chunks/0stj_next_dist_19zsb-q._.js:776
[ 1890533ms] [LOG] [Fast Refresh] done in 62ms @ http://localhost:3000/_next/static/chunks/0stj_next_dist_19zsb-q._.js:776
[ 1890595ms] [LOG] [Fast Refresh] done in 62ms @ http://localhost:3000/_next/static/chunks/0stj_next_dist_19zsb-q._.js:776
[ 1890657ms] [LOG] [Fast Refresh] done in 62ms @ http://localhost:3000/_next/static/chunks/0stj_next_dist_19zsb-q._.js:776
[ 1890719ms] [LOG] [Fast Refresh] done in 62ms @ http://localhost:3000/_next/static/chunks/0stj_next_dist_19zsb-q._.js:776
[ 1890781ms] [LOG] [Fast Refresh] done in 62ms @ http://localhost:3000/_next/static/chunks/0stj_next_dist_19zsb-q._.js:776
[ 1890844ms] [LOG] [Fast Refresh] done in 62ms @ http://localhost:3000/_next/static/chunks/0stj_next_dist_19zsb-q._.js:776
[ 1890905ms] [LOG] [Fast Refresh] done in 62ms @ http://localhost:3000/_next/static/chunks/0stj_next_dist_19zsb-q._.js:776
[ 1890967ms] [LOG] [Fast Refresh] done in 62ms @ http://localhost:3000/_next/static/chunks/0stj_next_dist_19zsb-q._.js:776
[ 1891029ms] [LOG] [Fast Refresh] done in 62ms @ http://localhost:3000/_next/static/chunks/0stj_next_dist_19zsb-q._.js:776
[ 1891091ms] [LOG] [Fast Refresh] done in 62ms @ http://localhost:3000/_next/static/chunks/0stj_next_dist_19zsb-q._.js:776
[ 1891153ms] [LOG] [Fast Refresh] done in 62ms @ http://localhost:3000/_next/static/chunks/0stj_next_dist_19zsb-q._.js:776
[ 1891215ms] [LOG] [Fast Refresh] done in 62ms @ http://localhost:3000/_next/static/chunks/0stj_next_dist_19zsb-q._.js:776
[ 1891279ms] [LOG] [Fast Refresh] done in 62ms @ http://localhost:3000/_next/static/chunks/0stj_next_dist_19zsb-q._.js:776
[ 1891340ms] [LOG] [Fast Refresh] done in 62ms @ http://localhost:3000/_next/static/chunks/0stj_next_dist_19zsb-q._.js:776
[ 1891402ms] [LOG] [Fast Refresh] done in 62ms @ http://localhost:3000/_next/static/chunks/0stj_next_dist_19zsb-q._.js:776
[ 1891465ms] [LOG] [Fast Refresh] done in 62ms @ http://localhost:3000/_next/static/chunks/0stj_next_dist_19zsb-q._.js:776
[ 1891528ms] [LOG] [Fast Refresh] done in 62ms @ http://localhost:3000/_next/static/chunks/0stj_next_dist_19zsb-q._.js:776
[ 1891589ms] [LOG] [Fast Refresh] done in 62ms @ http://localhost:3000/_next/static/chunks/0stj_next_dist_19zsb-q._.js:776
[11817457ms] [LOG] [HMR] connected @ http://localhost:3000/_next/static/chunks/0stj_next_dist_19zsb-q._.js:776
